ISO-10303-21;
HEADER;
/* Generated by software containing ST-Developer
 * from STEP Tools, Inc. (www.steptools.com) 
 */
/* OPTION: using custom renumber hook */

FILE_DESCRIPTION(
/* description */ ('STEP AP242 Edition 2',
'CAx-IF Rec.Pracs.---Representation and Presentation of Product Manufa
cturing Information (PMI)---4.0---2014-10-13',
'CAx-IF Rec.Pracs.---3D Tessellated Geometry---0.4---2014-09-14','2;1',
'CAx-IF Rec.Pracs.---User Defined Attributes---1.5---2016-08-15'),
/* implementation_level */ '2;1');

FILE_NAME(
/* name */ 'Part Studio 1',
/* time_stamp */ '2026-04-26T07:04:44Z',
/* author */ (''),
/* organization */ (''),
/* preprocessor_version */ 'ST-DEVELOPER v20',
/* originating_system */ 'ONSHAPE BY PTC INC, 1.214',
/* authorisation */ '  ');

FILE_SCHEMA (('AP242_MANAGED_MODEL_BASED_3D_ENGINEERING_MIM_LF { 1 0 10303 442 3 1 4 }'));
ENDSEC;

DATA;
#10=SHAPE_REPRESENTATION_RELATIONSHIP('','',#4277,#11);
#11=ADVANCED_BREP_SHAPE_REPRESENTATION('',(#4275),#7511);
#12=LINE('',#5238,#412);
#13=LINE('',#5241,#413);
#14=LINE('',#5255,#414);
#15=LINE('',#5257,#415);
#16=LINE('',#5259,#416);
#17=LINE('',#5273,#417);
#18=LINE('',#5274,#418);
#19=LINE('',#5277,#419);
#20=LINE('',#5291,#420);
#21=LINE('',#5293,#421);
#22=LINE('',#5295,#422);
#23=LINE('',#5313,#423);
#24=LINE('',#5315,#424);
#25=LINE('',#5317,#425);
#26=LINE('',#5323,#426);
#27=LINE('',#5341,#427);
#28=LINE('',#5343,#428);
#29=LINE('',#5349,#429);
#30=LINE('',#5351,#430);
#31=LINE('',#5353,#431);
#32=LINE('',#5363,#432);
#33=LINE('',#5365,#433);
#34=LINE('',#5382,#434);
#35=LINE('',#5385,#435);
#36=LINE('',#5387,#436);
#37=LINE('',#5401,#437);
#38=LINE('',#5403,#438);
#39=LINE('',#5405,#439);
#40=LINE('',#5423,#440);
#41=LINE('',#5425,#441);
#42=LINE('',#5427,#442);
#43=LINE('',#5429,#443);
#44=LINE('',#5430,#444);
#45=LINE('',#5433,#445);
#46=LINE('',#5435,#446);
#47=LINE('',#5437,#447);
#48=LINE('',#5439,#448);
#49=LINE('',#5441,#449);
#50=LINE('',#5443,#450);
#51=LINE('',#5457,#451);
#52=LINE('',#5467,#452);
#53=LINE('',#5473,#453);
#54=LINE('',#5491,#454);
#55=LINE('',#5493,#455);
#56=LINE('',#5499,#456);
#57=LINE('',#5501,#457);
#58=LINE('',#5503,#458);
#59=LINE('',#5513,#459);
#60=LINE('',#5515,#460);
#61=LINE('',#5532,#461);
#62=LINE('',#5535,#462);
#63=LINE('',#5561,#463);
#64=LINE('',#5571,#464);
#65=LINE('',#5573,#465);
#66=LINE('',#5575,#466);
#67=LINE('',#5585,#467);
#68=LINE('',#5587,#468);
#69=LINE('',#5589,#469);
#70=LINE('',#5615,#470);
#71=LINE('',#5616,#471);
#72=LINE('',#5619,#472);
#73=LINE('',#5621,#473);
#74=LINE('',#5635,#474);
#75=LINE('',#5637,#475);
#76=LINE('',#5639,#476);
#77=LINE('',#5657,#477);
#78=LINE('',#5659,#478);
#79=LINE('',#5661,#479);
#80=LINE('',#5663,#480);
#81=LINE('',#5664,#481);
#82=LINE('',#5667,#482);
#83=LINE('',#5669,#483);
#84=LINE('',#5689,#484);
#85=LINE('',#5709,#485);
#86=LINE('',#5711,#486);
#87=LINE('',#5713,#487);
#88=LINE('',#5742,#488);
#89=LINE('',#5745,#489);
#90=LINE('',#5759,#490);
#91=LINE('',#5761,#491);
#92=LINE('',#5763,#492);
#93=LINE('',#5781,#493);
#94=LINE('',#5783,#494);
#95=LINE('',#5785,#495);
#96=LINE('',#5786,#496);
#97=LINE('',#5789,#497);
#98=LINE('',#5791,#498);
#99=LINE('',#5801,#499);
#100=LINE('',#5803,#500);
#101=LINE('',#5805,#501);
#102=LINE('',#5807,#502);
#103=LINE('',#5809,#503);
#104=LINE('',#5819,#504);
#105=LINE('',#5825,#505);
#106=LINE('',#5827,#506);
#107=LINE('',#5829,#507);
#108=LINE('',#5840,#508);
#109=LINE('',#5843,#509);
#110=LINE('',#5845,#510);
#111=LINE('',#5859,#511);
#112=LINE('',#5861,#512);
#113=LINE('',#5863,#513);
#114=LINE('',#5884,#514);
#115=LINE('',#5885,#515);
#116=LINE('',#5887,#516);
#117=LINE('',#5896,#517);
#118=LINE('',#5898,#518);
#119=LINE('',#5900,#519);
#120=LINE('',#5902,#520);
#121=LINE('',#5904,#521);
#122=LINE('',#5906,#522);
#123=LINE('',#5907,#523);
#124=LINE('',#5909,#524);
#125=LINE('',#5919,#525);
#126=LINE('',#5921,#526);
#127=LINE('',#5930,#527);
#128=LINE('',#5933,#528);
#129=LINE('',#5936,#529);
#130=LINE('',#5938,#530);
#131=LINE('',#5940,#531);
#132=LINE('',#5942,#532);
#133=LINE('',#5960,#533);
#134=LINE('',#5962,#534);
#135=LINE('',#5964,#535);
#136=LINE('',#5985,#536);
#137=LINE('',#5986,#537);
#138=LINE('',#5995,#538);
#139=LINE('',#6004,#539);
#140=LINE('',#6006,#540);
#141=LINE('',#6008,#541);
#142=LINE('',#6010,#542);
#143=LINE('',#6012,#543);
#144=LINE('',#6013,#544);
#145=LINE('',#6015,#545);
#146=LINE('',#6017,#546);
#147=LINE('',#6020,#547);
#148=LINE('',#6029,#548);
#149=LINE('',#6038,#549);
#150=LINE('',#6040,#550);
#151=LINE('',#6049,#551);
#152=LINE('',#6052,#552);
#153=LINE('',#6075,#553);
#154=LINE('',#6077,#554);
#155=LINE('',#6087,#555);
#156=LINE('',#6089,#556);
#157=LINE('',#6091,#557);
#158=LINE('',#6097,#558);
#159=LINE('',#6099,#559);
#160=LINE('',#6124,#560);
#161=LINE('',#6125,#561);
#162=LINE('',#6127,#562);
#163=LINE('',#6128,#563);
#164=LINE('',#6130,#564);
#165=LINE('',#6132,#565);
#166=LINE('',#6141,#566);
#167=LINE('',#6150,#567);
#168=LINE('',#6152,#568);
#169=LINE('',#6154,#569);
#170=LINE('',#6163,#570);
#171=LINE('',#6172,#571);
#172=LINE('',#6181,#572);
#173=LINE('',#6190,#573);
#174=LINE('',#6199,#574);
#175=LINE('',#6209,#575);
#176=LINE('',#6211,#576);
#177=LINE('',#6213,#577);
#178=LINE('',#6222,#578);
#179=LINE('',#6231,#579);
#180=LINE('',#6241,#580);
#181=LINE('',#6244,#581);
#182=LINE('',#6246,#582);
#183=LINE('',#6248,#583);
#184=LINE('',#6250,#584);
#185=LINE('',#6252,#585);
#186=LINE('',#6270,#586);
#187=LINE('',#6272,#587);
#188=LINE('',#6274,#588);
#189=LINE('',#6288,#589);
#190=LINE('',#6290,#590);
#191=LINE('',#6291,#591);
#192=LINE('',#6300,#592);
#193=LINE('',#6309,#593);
#194=LINE('',#6318,#594);
#195=LINE('',#6320,#595);
#196=LINE('',#6322,#596);
#197=LINE('',#6324,#597);
#198=LINE('',#6326,#598);
#199=LINE('',#6327,#599);
#200=LINE('',#6329,#600);
#201=LINE('',#6331,#601);
#202=LINE('',#6333,#602);
#203=LINE('',#6336,#603);
#204=LINE('',#6345,#604);
#205=LINE('',#6354,#605);
#206=LINE('',#6356,#606);
#207=LINE('',#6365,#607);
#208=LINE('',#6368,#608);
#209=LINE('',#6371,#609);
#210=LINE('',#6373,#610);
#211=LINE('',#6383,#611);
#212=LINE('',#6397,#612);
#213=LINE('',#6399,#613);
#214=LINE('',#6401,#614);
#215=LINE('',#6403,#615);
#216=LINE('',#6405,#616);
#217=LINE('',#6407,#617);
#218=LINE('',#6408,#618);
#219=LINE('',#6410,#619);
#220=LINE('',#6412,#620);
#221=LINE('',#6414,#621);
#222=LINE('',#6416,#622);
#223=LINE('',#6417,#623);
#224=LINE('',#6419,#624);
#225=LINE('',#6428,#625);
#226=LINE('',#6437,#626);
#227=LINE('',#6439,#627);
#228=LINE('',#6441,#628);
#229=LINE('',#6444,#629);
#230=LINE('',#6453,#630);
#231=LINE('',#6462,#631);
#232=LINE('',#6465,#632);
#233=LINE('',#6488,#633);
#234=LINE('',#6490,#634);
#235=LINE('',#6500,#635);
#236=LINE('',#6502,#636);
#237=LINE('',#6504,#637);
#238=LINE('',#6510,#638);
#239=LINE('',#6512,#639);
#240=LINE('',#6537,#640);
#241=LINE('',#6538,#641);
#242=LINE('',#6540,#642);
#243=LINE('',#6541,#643);
#244=LINE('',#6543,#644);
#245=LINE('',#6545,#645);
#246=LINE('',#6554,#646);
#247=LINE('',#6563,#647);
#248=LINE('',#6565,#648);
#249=LINE('',#6567,#649);
#250=LINE('',#6576,#650);
#251=LINE('',#6585,#651);
#252=LINE('',#6594,#652);
#253=LINE('',#6603,#653);
#254=LINE('',#6612,#654);
#255=LINE('',#6622,#655);
#256=LINE('',#6624,#656);
#257=LINE('',#6626,#657);
#258=LINE('',#6635,#658);
#259=LINE('',#6644,#659);
#260=LINE('',#6654,#660);
#261=LINE('',#6657,#661);
#262=LINE('',#6659,#662);
#263=LINE('',#6685,#663);
#264=LINE('',#6687,#664);
#265=LINE('',#6689,#665);
#266=LINE('',#6699,#666);
#267=LINE('',#6701,#667);
#268=LINE('',#6703,#668);
#269=LINE('',#6713,#669);
#270=LINE('',#6746,#670);
#271=LINE('',#6747,#671);
#272=LINE('',#6756,#672);
#273=LINE('',#6765,#673);
#274=LINE('',#6774,#674);
#275=LINE('',#6783,#675);
#276=LINE('',#6792,#676);
#277=LINE('',#6801,#677);
#278=LINE('',#6802,#678);
#279=LINE('',#6811,#679);
#280=LINE('',#6813,#680);
#281=LINE('',#6815,#681);
#282=LINE('',#6817,#682);
#283=LINE('',#6819,#683);
#284=LINE('',#6820,#684);
#285=LINE('',#6822,#685);
#286=LINE('',#6824,#686);
#287=LINE('',#6826,#687);
#288=LINE('',#6827,#688);
#289=LINE('',#6829,#689);
#290=LINE('',#6839,#690);
#291=LINE('',#6848,#691);
#292=LINE('',#6857,#692);
#293=LINE('',#6866,#693);
#294=LINE('',#6875,#694);
#295=LINE('',#6892,#695);
#296=LINE('',#6903,#696);
#297=LINE('',#6906,#697);
#298=LINE('',#6908,#698);
#299=LINE('',#6910,#699);
#300=LINE('',#6912,#700);
#301=LINE('',#6914,#701);
#302=LINE('',#6932,#702);
#303=LINE('',#6934,#703);
#304=LINE('',#6936,#704);
#305=LINE('',#6950,#705);
#306=LINE('',#6952,#706);
#307=LINE('',#6953,#707);
#308=LINE('',#6962,#708);
#309=LINE('',#6971,#709);
#310=LINE('',#6980,#710);
#311=LINE('',#6982,#711);
#312=LINE('',#6984,#712);
#313=LINE('',#6986,#713);
#314=LINE('',#6988,#714);
#315=LINE('',#6989,#715);
#316=LINE('',#6991,#716);
#317=LINE('',#6993,#717);
#318=LINE('',#6995,#718);
#319=LINE('',#6998,#719);
#320=LINE('',#7007,#720);
#321=LINE('',#7016,#721);
#322=LINE('',#7018,#722);
#323=LINE('',#7027,#723);
#324=LINE('',#7030,#724);
#325=LINE('',#7033,#725);
#326=LINE('',#7063,#726);
#327=LINE('',#7065,#727);
#328=LINE('',#7067,#728);
#329=LINE('',#7087,#729);
#330=LINE('',#7107,#730);
#331=LINE('',#7109,#731);
#332=LINE('',#7110,#732);
#333=LINE('',#7119,#733);
#334=LINE('',#7120,#734);
#335=LINE('',#7129,#735);
#336=LINE('',#7138,#736);
#337=LINE('',#7140,#737);
#338=LINE('',#7149,#738);
#339=LINE('',#7151,#739);
#340=LINE('',#7153,#740);
#341=LINE('',#7155,#741);
#342=LINE('',#7157,#742);
#343=LINE('',#7158,#743);
#344=LINE('',#7160,#744);
#345=LINE('',#7169,#745);
#346=LINE('',#7178,#746);
#347=LINE('',#7187,#747);
#348=LINE('',#7189,#748);
#349=LINE('',#7199,#749);
#350=LINE('',#7208,#750);
#351=LINE('',#7218,#751);
#352=LINE('',#7220,#752);
#353=LINE('',#7229,#753);
#354=LINE('',#7231,#754);
#355=LINE('',#7233,#755);
#356=LINE('',#7242,#756);
#357=LINE('',#7252,#757);
#358=LINE('',#7255,#758);
#359=LINE('',#7257,#759);
#360=LINE('',#7259,#760);
#361=LINE('',#7261,#761);
#362=LINE('',#7279,#762);
#363=LINE('',#7281,#763);
#364=LINE('',#7283,#764);
#365=LINE('',#7304,#765);
#366=LINE('',#7305,#766);
#367=LINE('',#7314,#767);
#368=LINE('',#7323,#768);
#369=LINE('',#7325,#769);
#370=LINE('',#7327,#770);
#371=LINE('',#7329,#771);
#372=LINE('',#7331,#772);
#373=LINE('',#7332,#773);
#374=LINE('',#7334,#774);
#375=LINE('',#7336,#775);
#376=LINE('',#7339,#776);
#377=LINE('',#7348,#777);
#378=LINE('',#7357,#778);
#379=LINE('',#7359,#779);
#380=LINE('',#7368,#780);
#381=LINE('',#7371,#781);
#382=LINE('',#7374,#782);
#383=LINE('',#7384,#783);
#384=LINE('',#7386,#784);
#385=LINE('',#7388,#785);
#386=LINE('',#7394,#786);
#387=LINE('',#7404,#787);
#388=LINE('',#7406,#788);
#389=LINE('',#7408,#789);
#390=LINE('',#7410,#790);
#391=LINE('',#7412,#791);
#392=LINE('',#7422,#792);
#393=LINE('',#7424,#793);
#394=LINE('',#7425,#794);
#395=LINE('',#7434,#795);
#396=LINE('',#7443,#796);
#397=LINE('',#7445,#797);
#398=LINE('',#7447,#798);
#399=LINE('',#7449,#799);
#400=LINE('',#7451,#800);
#401=LINE('',#7460,#801);
#402=LINE('',#7461,#802);
#403=LINE('',#7463,#803);
#404=LINE('',#7465,#804);
#405=LINE('',#7467,#805);
#406=LINE('',#7469,#806);
#407=LINE('',#7470,#807);
#408=LINE('',#7480,#808);
#409=LINE('',#7490,#809);
#410=LINE('',#7499,#810);
#411=LINE('',#7508,#811);
#412=VECTOR('',#4461,1.);
#413=VECTOR('',#4462,1.);
#414=VECTOR('',#4467,1.);
#415=VECTOR('',#4468,1.);
#416=VECTOR('',#4469,1.);
#417=VECTOR('',#4474,1.);
#418=VECTOR('',#4475,1.);
#419=VECTOR('',#4476,1.);
#420=VECTOR('',#4477,1.);
#421=VECTOR('',#4478,1.);
#422=VECTOR('',#4479,1.);
#423=VECTOR('',#4484,1.);
#424=VECTOR('',#4485,1.);
#425=VECTOR('',#4486,1.);
#426=VECTOR('',#4487,1.);
#427=VECTOR('',#4488,1.);
#428=VECTOR('',#4489,1.);
#429=VECTOR('',#4490,1.);
#430=VECTOR('',#4491,1.);
#431=VECTOR('',#4492,1.);
#432=VECTOR('',#4493,1.);
#433=VECTOR('',#4494,1.);
#434=VECTOR('',#4495,1.);
#435=VECTOR('',#4496,1.);
#436=VECTOR('',#4497,1.);
#437=VECTOR('',#4498,1.);
#438=VECTOR('',#4499,1.);
#439=VECTOR('',#4500,1.);
#440=VECTOR('',#4505,1.);
#441=VECTOR('',#4506,1.);
#442=VECTOR('',#4507,1.);
#443=VECTOR('',#4508,1.);
#444=VECTOR('',#4509,1.);
#445=VECTOR('',#4510,1.);
#446=VECTOR('',#4511,1.);
#447=VECTOR('',#4512,1.);
#448=VECTOR('',#4513,1.);
#449=VECTOR('',#4514,1.);
#450=VECTOR('',#4515,1.);
#451=VECTOR('',#4520,1.);
#452=VECTOR('',#4521,1.);
#453=VECTOR('',#4522,1.);
#454=VECTOR('',#4523,1.);
#455=VECTOR('',#4524,1.);
#456=VECTOR('',#4525,1.);
#457=VECTOR('',#4526,1.);
#458=VECTOR('',#4527,1.);
#459=VECTOR('',#4528,1.);
#460=VECTOR('',#4529,1.);
#461=VECTOR('',#4530,1.);
#462=VECTOR('',#4531,1.);
#463=VECTOR('',#4532,1.);
#464=VECTOR('',#4533,1.);
#465=VECTOR('',#4534,1.);
#466=VECTOR('',#4535,1.);
#467=VECTOR('',#4536,1.);
#468=VECTOR('',#4537,1.);
#469=VECTOR('',#4538,1.);
#470=VECTOR('',#4539,1.);
#471=VECTOR('',#4540,1.);
#472=VECTOR('',#4541,1.);
#473=VECTOR('',#4542,1.);
#474=VECTOR('',#4543,1.);
#475=VECTOR('',#4544,1.);
#476=VECTOR('',#4545,1.);
#477=VECTOR('',#4550,1.);
#478=VECTOR('',#4551,1.);
#479=VECTOR('',#4552,1.);
#480=VECTOR('',#4553,1.);
#481=VECTOR('',#4554,1.);
#482=VECTOR('',#4555,1.);
#483=VECTOR('',#4556,1.);
#484=VECTOR('',#4563,1.);
#485=VECTOR('',#4566,1.);
#486=VECTOR('',#4567,1.);
#487=VECTOR('',#4568,1.);
#488=VECTOR('',#4573,1.);
#489=VECTOR('',#4574,1.);
#490=VECTOR('',#4575,1.);
#491=VECTOR('',#4576,1.);
#492=VECTOR('',#4577,1.);
#493=VECTOR('',#4582,1.);
#494=VECTOR('',#4583,1.);
#495=VECTOR('',#4584,1.);
#496=VECTOR('',#4585,1.);
#497=VECTOR('',#4586,1.);
#498=VECTOR('',#4587,1.);
#499=VECTOR('',#4588,1.);
#500=VECTOR('',#4589,1.);
#501=VECTOR('',#4590,1.);
#502=VECTOR('',#4591,1.);
#503=VECTOR('',#4592,1.);
#504=VECTOR('',#4593,1.);
#505=VECTOR('',#4594,1.);
#506=VECTOR('',#4595,1.);
#507=VECTOR('',#4596,1.);
#508=VECTOR('',#4601,1.);
#509=VECTOR('',#4602,1.);
#510=VECTOR('',#4603,1.);
#511=VECTOR('',#4608,1.);
#512=VECTOR('',#4609,1.);
#513=VECTOR('',#4610,1.);
#514=VECTOR('',#4615,1.);
#515=VECTOR('',#4616,1.);
#516=VECTOR('',#4619,1.);
#517=VECTOR('',#4620,1.);
#518=VECTOR('',#4623,1.);
#519=VECTOR('',#4626,1.);
#520=VECTOR('',#4629,1.);
#521=VECTOR('',#4632,1.);
#522=VECTOR('',#4635,1.);
#523=VECTOR('',#4636,1.);
#524=VECTOR('',#4639,1.);
#525=VECTOR('',#4642,1.);
#526=VECTOR('',#4645,1.);
#527=VECTOR('',#4646,1.);
#528=VECTOR('',#4651,1.);
#529=VECTOR('',#4652,1.);
#530=VECTOR('',#4653,1.);
#531=VECTOR('',#4654,1.);
#532=VECTOR('',#4655,1.);
#533=VECTOR('',#4660,1.);
#534=VECTOR('',#4661,1.);
#535=VECTOR('',#4662,1.);
#536=VECTOR('',#4663,1.);
#537=VECTOR('',#4664,1.);
#538=VECTOR('',#4665,1.);
#539=VECTOR('',#4666,1.);
#540=VECTOR('',#4669,1.);
#541=VECTOR('',#4672,1.);
#542=VECTOR('',#4675,1.);
#543=VECTOR('',#4678,1.);
#544=VECTOR('',#4679,1.);
#545=VECTOR('',#4682,1.);
#546=VECTOR('',#4685,1.);
#547=VECTOR('',#4690,1.);
#548=VECTOR('',#4691,1.);
#549=VECTOR('',#4692,1.);
#550=VECTOR('',#4695,1.);
#551=VECTOR('',#4696,1.);
#552=VECTOR('',#4701,1.);
#553=VECTOR('',#4702,1.);
#554=VECTOR('',#4703,1.);
#555=VECTOR('',#4704,1.);
#556=VECTOR('',#4705,1.);
#557=VECTOR('',#4706,1.);
#558=VECTOR('',#4707,1.);
#559=VECTOR('',#4708,1.);
#560=VECTOR('',#4709,1.);
#561=VECTOR('',#4710,1.);
#562=VECTOR('',#4713,1.);
#563=VECTOR('',#4714,1.);
#564=VECTOR('',#4717,1.);
#565=VECTOR('',#4720,1.);
#566=VECTOR('',#4721,1.);
#567=VECTOR('',#4722,1.);
#568=VECTOR('',#4725,1.);
#569=VECTOR('',#4728,1.);
#570=VECTOR('',#4729,1.);
#571=VECTOR('',#4730,1.);
#572=VECTOR('',#4731,1.);
#573=VECTOR('',#4732,1.);
#574=VECTOR('',#4733,1.);
#575=VECTOR('',#4736,1.);
#576=VECTOR('',#4739,1.);
#577=VECTOR('',#4742,1.);
#578=VECTOR('',#4743,1.);
#579=VECTOR('',#4744,1.);
#580=VECTOR('',#4747,1.);
#581=VECTOR('',#4748,1.);
#582=VECTOR('',#4749,1.);
#583=VECTOR('',#4750,1.);
#584=VECTOR('',#4751,1.);
#585=VECTOR('',#4752,1.);
#586=VECTOR('',#4757,1.);
#587=VECTOR('',#4758,1.);
#588=VECTOR('',#4759,1.);
#589=VECTOR('',#4760,1.);
#590=VECTOR('',#4763,1.);
#591=VECTOR('',#4764,1.);
#592=VECTOR('',#4765,1.);
#593=VECTOR('',#4766,1.);
#594=VECTOR('',#4767,1.);
#595=VECTOR('',#4770,1.);
#596=VECTOR('',#4773,1.);
#597=VECTOR('',#4776,1.);
#598=VECTOR('',#4779,1.);
#599=VECTOR('',#4780,1.);
#600=VECTOR('',#4783,1.);
#601=VECTOR('',#4786,1.);
#602=VECTOR('',#4789,1.);
#603=VECTOR('',#4794,1.);
#604=VECTOR('',#4795,1.);
#605=VECTOR('',#4796,1.);
#606=VECTOR('',#4799,1.);
#607=VECTOR('',#4800,1.);
#608=VECTOR('',#4805,1.);
#609=VECTOR('',#4806,1.);
#610=VECTOR('',#4807,1.);
#611=VECTOR('',#4808,1.);
#612=VECTOR('',#4813,1.);
#613=VECTOR('',#4814,1.);
#614=VECTOR('',#4815,1.);
#615=VECTOR('',#4816,1.);
#616=VECTOR('',#4817,1.);
#617=VECTOR('',#4820,1.);
#618=VECTOR('',#4821,1.);
#619=VECTOR('',#4824,1.);
#620=VECTOR('',#4827,1.);
#621=VECTOR('',#4830,1.);
#622=VECTOR('',#4833,1.);
#623=VECTOR('',#4834,1.);
#624=VECTOR('',#4837,1.);
#625=VECTOR('',#4838,1.);
#626=VECTOR('',#4839,1.);
#627=VECTOR('',#4842,1.);
#628=VECTOR('',#4845,1.);
#629=VECTOR('',#4850,1.);
#630=VECTOR('',#4851,1.);
#631=VECTOR('',#4852,1.);
#632=VECTOR('',#4857,1.);
#633=VECTOR('',#4858,1.);
#634=VECTOR('',#4859,1.);
#635=VECTOR('',#4860,1.);
#636=VECTOR('',#4861,1.);
#637=VECTOR('',#4862,1.);
#638=VECTOR('',#4863,1.);
#639=VECTOR('',#4864,1.);
#640=VECTOR('',#4865,1.);
#641=VECTOR('',#4866,1.);
#642=VECTOR('',#4869,1.);
#643=VECTOR('',#4870,1.);
#644=VECTOR('',#4873,1.);
#645=VECTOR('',#4876,1.);
#646=VECTOR('',#4877,1.);
#647=VECTOR('',#4878,1.);
#648=VECTOR('',#4881,1.);
#649=VECTOR('',#4884,1.);
#650=VECTOR('',#4885,1.);
#651=VECTOR('',#4886,1.);
#652=VECTOR('',#4887,1.);
#653=VECTOR('',#4888,1.);
#654=VECTOR('',#4889,1.);
#655=VECTOR('',#4892,1.);
#656=VECTOR('',#4895,1.);
#657=VECTOR('',#4898,1.);
#658=VECTOR('',#4899,1.);
#659=VECTOR('',#4900,1.);
#660=VECTOR('',#4903,1.);
#661=VECTOR('',#4904,1.);
#662=VECTOR('',#4905,1.);
#663=VECTOR('',#4906,1.);
#664=VECTOR('',#4907,1.);
#665=VECTOR('',#4908,1.);
#666=VECTOR('',#4909,1.);
#667=VECTOR('',#4910,1.);
#668=VECTOR('',#4911,1.);
#669=VECTOR('',#4912,1.);
#670=VECTOR('',#4913,1.);
#671=VECTOR('',#4914,1.);
#672=VECTOR('',#4915,1.);
#673=VECTOR('',#4916,1.);
#674=VECTOR('',#4917,1.);
#675=VECTOR('',#4918,1.);
#676=VECTOR('',#4919,1.);
#677=VECTOR('',#4920,1.);
#678=VECTOR('',#4921,1.);
#679=VECTOR('',#4922,1.);
#680=VECTOR('',#4925,1.);
#681=VECTOR('',#4928,1.);
#682=VECTOR('',#4931,1.);
#683=VECTOR('',#4934,1.);
#684=VECTOR('',#4935,1.);
#685=VECTOR('',#4938,1.);
#686=VECTOR('',#4941,1.);
#687=VECTOR('',#4944,1.);
#688=VECTOR('',#4945,1.);
#689=VECTOR('',#4948,1.);
#690=VECTOR('',#4951,1.);
#691=VECTOR('',#4952,1.);
#692=VECTOR('',#4953,1.);
#693=VECTOR('',#4954,1.);
#694=VECTOR('',#4955,1.);
#695=VECTOR('',#4956,1.);
#696=VECTOR('',#4961,1.);
#697=VECTOR('',#4962,1.);
#698=VECTOR('',#4963,1.);
#699=VECTOR('',#4964,1.);
#700=VECTOR('',#4965,1.);
#701=VECTOR('',#4966,1.);
#702=VECTOR('',#4971,1.);
#703=VECTOR('',#4972,1.);
#704=VECTOR('',#4973,1.);
#705=VECTOR('',#4974,1.);
#706=VECTOR('',#4977,1.);
#707=VECTOR('',#4978,1.);
#708=VECTOR('',#4979,1.);
#709=VECTOR('',#4980,1.);
#710=VECTOR('',#4981,1.);
#711=VECTOR('',#4984,1.);
#712=VECTOR('',#4987,1.);
#713=VECTOR('',#4990,1.);
#714=VECTOR('',#4993,1.);
#715=VECTOR('',#4994,1.);
#716=VECTOR('',#4997,1.);
#717=VECTOR('',#5000,1.);
#718=VECTOR('',#5003,1.);
#719=VECTOR('',#5008,1.);
#720=VECTOR('',#5009,1.);
#721=VECTOR('',#5010,1.);
#722=VECTOR('',#5013,1.);
#723=VECTOR('',#5014,1.);
#724=VECTOR('',#5019,1.);
#725=VECTOR('',#5020,1.);
#726=VECTOR('',#5025,1.);
#727=VECTOR('',#5026,1.);
#728=VECTOR('',#5027,1.);
#729=VECTOR('',#5030,1.);
#730=VECTOR('',#5037,1.);
#731=VECTOR('',#5040,1.);
#732=VECTOR('',#5041,1.);
#733=VECTOR('',#5042,1.);
#734=VECTOR('',#5043,1.);
#735=VECTOR('',#5044,1.);
#736=VECTOR('',#5045,1.);
#737=VECTOR('',#5048,1.);
#738=VECTOR('',#5049,1.);
#739=VECTOR('',#5052,1.);
#740=VECTOR('',#5055,1.);
#741=VECTOR('',#5058,1.);
#742=VECTOR('',#5061,1.);
#743=VECTOR('',#5062,1.);
#744=VECTOR('',#5065,1.);
#745=VECTOR('',#5066,1.);
#746=VECTOR('',#5067,1.);
#747=VECTOR('',#5068,1.);
#748=VECTOR('',#5071,1.);
#749=VECTOR('',#5074,1.);
#750=VECTOR('',#5075,1.);
#751=VECTOR('',#5078,1.);
#752=VECTOR('',#5081,1.);
#753=VECTOR('',#5082,1.);
#754=VECTOR('',#5085,1.);
#755=VECTOR('',#5088,1.);
#756=VECTOR('',#5089,1.);
#757=VECTOR('',#5092,1.);
#758=VECTOR('',#5093,1.);
#759=VECTOR('',#5094,1.);
#760=VECTOR('',#5095,1.);
#761=VECTOR('',#5096,1.);
#762=VECTOR('',#5101,1.);
#763=VECTOR('',#5102,1.);
#764=VECTOR('',#5103,1.);
#765=VECTOR('',#5104,1.);
#766=VECTOR('',#5105,1.);
#767=VECTOR('',#5106,1.);
#768=VECTOR('',#5107,1.);
#769=VECTOR('',#5110,1.);
#770=VECTOR('',#5113,1.);
#771=VECTOR('',#5116,1.);
#772=VECTOR('',#5119,1.);
#773=VECTOR('',#5120,1.);
#774=VECTOR('',#5123,1.);
#775=VECTOR('',#5126,1.);
#776=VECTOR('',#5131,1.);
#777=VECTOR('',#5132,1.);
#778=VECTOR('',#5133,1.);
#779=VECTOR('',#5136,1.);
#780=VECTOR('',#5137,1.);
#781=VECTOR('',#5142,1.);
#782=VECTOR('',#5143,1.);
#783=VECTOR('',#5144,1.);
#784=VECTOR('',#5145,1.);
#785=VECTOR('',#5146,1.);
#786=VECTOR('',#5147,1.);
#787=VECTOR('',#5148,1.);
#788=VECTOR('',#5149,1.);
#789=VECTOR('',#5150,1.);
#790=VECTOR('',#5151,1.);
#791=VECTOR('',#5152,1.);
#792=VECTOR('',#5153,1.);
#793=VECTOR('',#5156,1.);
#794=VECTOR('',#5157,1.);
#795=VECTOR('',#5158,1.);
#796=VECTOR('',#5159,1.);
#797=VECTOR('',#5162,1.);
#798=VECTOR('',#5165,1.);
#799=VECTOR('',#5168,1.);
#800=VECTOR('',#5171,1.);
#801=VECTOR('',#5172,1.);
#802=VECTOR('',#5173,1.);
#803=VECTOR('',#5176,1.);
#804=VECTOR('',#5179,1.);
#805=VECTOR('',#5182,1.);
#806=VECTOR('',#5185,1.);
#807=VECTOR('',#5186,1.);
#808=VECTOR('',#5189,1.);
#809=VECTOR('',#5192,1.);
#810=VECTOR('',#5193,1.);
#811=VECTOR('',#5194,1.);
#812=PLANE('',#4282);
#813=PLANE('',#4303);
#814=PLANE('',#4304);
#815=PLANE('',#4311);
#816=PLANE('',#4312);
#817=PLANE('',#4313);
#818=PLANE('',#4314);
#819=PLANE('',#4315);
#820=PLANE('',#4316);
#821=PLANE('',#4319);
#822=PLANE('',#4322);
#823=PLANE('',#4323);
#824=PLANE('',#4324);
#825=PLANE('',#4325);
#826=PLANE('',#4326);
#827=PLANE('',#4327);
#828=PLANE('',#4328);
#829=PLANE('',#4329);
#830=PLANE('',#4332);
#831=PLANE('',#4333);
#832=PLANE('',#4334);
#833=PLANE('',#4335);
#834=PLANE('',#4336);
#835=PLANE('',#4337);
#836=PLANE('',#4338);
#837=PLANE('',#4339);
#838=PLANE('',#4340);
#839=PLANE('',#4341);
#840=PLANE('',#4344);
#841=PLANE('',#4345);
#842=PLANE('',#4346);
#843=PLANE('',#4347);
#844=PLANE('',#4348);
#845=PLANE('',#4349);
#846=PLANE('',#4350);
#847=PLANE('',#4351);
#848=PLANE('',#4352);
#849=PLANE('',#4353);
#850=PLANE('',#4356);
#851=PLANE('',#4359);
#852=PLANE('',#4360);
#853=PLANE('',#4361);
#854=PLANE('',#4362);
#855=PLANE('',#4364);
#856=PLANE('',#4365);
#857=PLANE('',#4366);
#858=PLANE('',#4367);
#859=PLANE('',#4369);
#860=PLANE('',#4370);
#861=PLANE('',#4371);
#862=PLANE('',#4372);
#863=PLANE('',#4373);
#864=PLANE('',#4374);
#865=PLANE('',#4375);
#866=PLANE('',#4376);
#867=PLANE('',#4377);
#868=PLANE('',#4378);
#869=PLANE('',#4379);
#870=PLANE('',#4380);
#871=PLANE('',#4381);
#872=PLANE('',#4382);
#873=PLANE('',#4383);
#874=PLANE('',#4384);
#875=PLANE('',#4385);
#876=PLANE('',#4386);
#877=PLANE('',#4387);
#878=PLANE('',#4388);
#879=PLANE('',#4389);
#880=PLANE('',#4390);
#881=PLANE('',#4393);
#882=PLANE('',#4394);
#883=PLANE('',#4395);
#884=PLANE('',#4396);
#885=PLANE('',#4397);
#886=PLANE('',#4398);
#887=PLANE('',#4399);
#888=PLANE('',#4400);
#889=PLANE('',#4401);
#890=PLANE('',#4402);
#891=PLANE('',#4405);
#892=PLANE('',#4412);
#893=PLANE('',#4414);
#894=PLANE('',#4415);
#895=PLANE('',#4416);
#896=PLANE('',#4419);
#897=PLANE('',#4420);
#898=PLANE('',#4421);
#899=PLANE('',#4425);
#900=PLANE('',#4428);
#901=PLANE('',#4429);
#902=PLANE('',#4430);
#903=PLANE('',#4431);
#904=PLANE('',#4432);
#905=PLANE('',#4433);
#906=PLANE('',#4434);
#907=PLANE('',#4435);
#908=PLANE('',#4438);
#909=PLANE('',#4439);
#910=PLANE('',#4440);
#911=PLANE('',#4441);
#912=PLANE('',#4442);
#913=PLANE('',#4443);
#914=PLANE('',#4444);
#915=PLANE('',#4445);
#916=PLANE('',#4446);
#917=PLANE('',#4447);
#918=PLANE('',#4448);
#919=PLANE('',#4449);
#920=PLANE('',#4450);
#921=CIRCLE('',#4280,0.00254989290413937);
#922=CIRCLE('',#4281,0.00254989290413937);
#923=CIRCLE('',#4283,0.00185262710402285);
#924=CIRCLE('',#4284,0.0104116484635953);
#925=CIRCLE('',#4285,0.00566620031630029);
#926=CIRCLE('',#4286,0.00091616878220419);
#927=CIRCLE('',#4287,0.00546793278930361);
#928=CIRCLE('',#4288,0.00120912172636891);
#929=CIRCLE('',#4289,0.00546793278928821);
#930=CIRCLE('',#4290,0.0012185976375758);
#931=CIRCLE('',#4291,0.00236627706889526);
#932=CIRCLE('',#4292,0.00471868915112227);
#933=CIRCLE('',#4293,0.00546793278929831);
#934=CIRCLE('',#4294,0.00121859763757625);
#935=CIRCLE('',#4295,0.000640304800798725);
#936=CIRCLE('',#4296,0.000803518105044377);
#937=CIRCLE('',#4297,0.00286834025895833);
#938=CIRCLE('',#4298,0.00268813977762136);
#939=CIRCLE('',#4299,0.014851531961156);
#940=CIRCLE('',#4300,0.00219790316497275);
#941=CIRCLE('',#4301,0.00546793278930401);
#942=CIRCLE('',#4302,0.0012185976375763);
#943=CIRCLE('',#4305,0.00091616878220419);
#944=CIRCLE('',#4306,0.00566620031630029);
#945=CIRCLE('',#4307,0.0104116484635953);
#946=CIRCLE('',#4308,0.00185262710402285);
#947=CIRCLE('',#4320,0.00120912172636891);
#948=CIRCLE('',#4321,0.00546793278930361);
#949=CIRCLE('',#4342,0.0012185976375758);
#950=CIRCLE('',#4343,0.00546793278928821);
#951=CIRCLE('',#4357,0.00471868915112227);
#952=CIRCLE('',#4358,0.00236627706889526);
#953=CIRCLE('',#4391,0.00121859763757625);
#954=CIRCLE('',#4392,0.00546793278929831);
#955=CIRCLE('',#4406,0.00219790316497275);
#956=CIRCLE('',#4407,0.014851531961156);
#957=CIRCLE('',#4408,0.00268813977762136);
#958=CIRCLE('',#4409,0.00286834025895833);
#959=CIRCLE('',#4410,0.000803518105044377);
#960=CIRCLE('',#4411,0.000640304800798725);
#961=CIRCLE('',#4426,0.0012185976375763);
#962=CIRCLE('',#4427,0.00546793278930401);
#963=CYLINDRICAL_SURFACE('',#4279,0.00254989290413937);
#964=CYLINDRICAL_SURFACE('',#4309,0.00185262710402285);
#965=CYLINDRICAL_SURFACE('',#4310,0.0104116484635953);
#966=CYLINDRICAL_SURFACE('',#4317,0.00091616878220419);
#967=CYLINDRICAL_SURFACE('',#4318,0.00566620031630029);
#968=CYLINDRICAL_SURFACE('',#4330,0.00120912172636891);
#969=CYLINDRICAL_SURFACE('',#4331,0.00546793278930361);
#970=CYLINDRICAL_SURFACE('',#4354,0.0012185976375758);
#971=CYLINDRICAL_SURFACE('',#4355,0.00546793278928821);
#972=CYLINDRICAL_SURFACE('',#4363,0.00471868915112227);
#973=CYLINDRICAL_SURFACE('',#4368,0.00236627706889526);
#974=CYLINDRICAL_SURFACE('',#4403,0.00121859763757625);
#975=CYLINDRICAL_SURFACE('',#4404,0.00546793278929831);
#976=CYLINDRICAL_SURFACE('',#4413,0.00268813977762136);
#977=CYLINDRICAL_SURFACE('',#4417,0.014851531961156);
#978=CYLINDRICAL_SURFACE('',#4418,0.00219790316497275);
#979=CYLINDRICAL_SURFACE('',#4422,0.00286834025895833);
#980=CYLINDRICAL_SURFACE('',#4423,0.000803518105044377);
#981=CYLINDRICAL_SURFACE('',#4424,0.000640304800798725);
#982=CYLINDRICAL_SURFACE('',#4436,0.0012185976375763);
#983=CYLINDRICAL_SURFACE('',#4437,0.00546793278930401);
#984=ORIENTED_EDGE('',*,*,#2240,.F.);
#985=ORIENTED_EDGE('',*,*,#2241,.T.);
#986=ORIENTED_EDGE('',*,*,#2242,.T.);
#987=ORIENTED_EDGE('',*,*,#2243,.F.);
#988=ORIENTED_EDGE('',*,*,#2242,.F.);
#989=ORIENTED_EDGE('',*,*,#2240,.T.);
#990=ORIENTED_EDGE('',*,*,#2244,.T.);
#991=ORIENTED_EDGE('',*,*,#2245,.T.);
#992=ORIENTED_EDGE('',*,*,#2246,.T.);
#993=ORIENTED_EDGE('',*,*,#2247,.T.);
#994=ORIENTED_EDGE('',*,*,#2248,.T.);
#995=ORIENTED_EDGE('',*,*,#2249,.T.);
#996=ORIENTED_EDGE('',*,*,#2250,.T.);
#997=ORIENTED_EDGE('',*,*,#2251,.T.);
#998=ORIENTED_EDGE('',*,*,#2252,.T.);
#999=ORIENTED_EDGE('',*,*,#2253,.T.);
#1000=ORIENTED_EDGE('',*,*,#2254,.T.);
#1001=ORIENTED_EDGE('',*,*,#2255,.T.);
#1002=ORIENTED_EDGE('',*,*,#2256,.T.);
#1003=ORIENTED_EDGE('',*,*,#2257,.T.);
#1004=ORIENTED_EDGE('',*,*,#2258,.T.);
#1005=ORIENTED_EDGE('',*,*,#2259,.T.);
#1006=ORIENTED_EDGE('',*,*,#2260,.T.);
#1007=ORIENTED_EDGE('',*,*,#2261,.T.);
#1008=ORIENTED_EDGE('',*,*,#2262,.T.);
#1009=ORIENTED_EDGE('',*,*,#2263,.T.);
#1010=ORIENTED_EDGE('',*,*,#2264,.T.);
#1011=ORIENTED_EDGE('',*,*,#2265,.T.);
#1012=ORIENTED_EDGE('',*,*,#2266,.T.);
#1013=ORIENTED_EDGE('',*,*,#2267,.T.);
#1014=ORIENTED_EDGE('',*,*,#2268,.T.);
#1015=ORIENTED_EDGE('',*,*,#2269,.T.);
#1016=ORIENTED_EDGE('',*,*,#2270,.T.);
#1017=ORIENTED_EDGE('',*,*,#2271,.T.);
#1018=ORIENTED_EDGE('',*,*,#2272,.T.);
#1019=ORIENTED_EDGE('',*,*,#2273,.T.);
#1020=ORIENTED_EDGE('',*,*,#2274,.T.);
#1021=ORIENTED_EDGE('',*,*,#2275,.T.);
#1022=ORIENTED_EDGE('',*,*,#2276,.T.);
#1023=ORIENTED_EDGE('',*,*,#2277,.T.);
#1024=ORIENTED_EDGE('',*,*,#2278,.T.);
#1025=ORIENTED_EDGE('',*,*,#2279,.T.);
#1026=ORIENTED_EDGE('',*,*,#2280,.T.);
#1027=ORIENTED_EDGE('',*,*,#2281,.T.);
#1028=ORIENTED_EDGE('',*,*,#2282,.T.);
#1029=ORIENTED_EDGE('',*,*,#2283,.T.);
#1030=ORIENTED_EDGE('',*,*,#2284,.T.);
#1031=ORIENTED_EDGE('',*,*,#2285,.T.);
#1032=ORIENTED_EDGE('',*,*,#2286,.T.);
#1033=ORIENTED_EDGE('',*,*,#2287,.T.);
#1034=ORIENTED_EDGE('',*,*,#2288,.T.);
#1035=ORIENTED_EDGE('',*,*,#2289,.T.);
#1036=ORIENTED_EDGE('',*,*,#2290,.T.);
#1037=ORIENTED_EDGE('',*,*,#2291,.T.);
#1038=ORIENTED_EDGE('',*,*,#2292,.T.);
#1039=ORIENTED_EDGE('',*,*,#2293,.T.);
#1040=ORIENTED_EDGE('',*,*,#2294,.T.);
#1041=ORIENTED_EDGE('',*,*,#2295,.T.);
#1042=ORIENTED_EDGE('',*,*,#2296,.T.);
#1043=ORIENTED_EDGE('',*,*,#2297,.T.);
#1044=ORIENTED_EDGE('',*,*,#2298,.T.);
#1045=ORIENTED_EDGE('',*,*,#2299,.T.);
#1046=ORIENTED_EDGE('',*,*,#2300,.T.);
#1047=ORIENTED_EDGE('',*,*,#2301,.T.);
#1048=ORIENTED_EDGE('',*,*,#2302,.T.);
#1049=ORIENTED_EDGE('',*,*,#2303,.T.);
#1050=ORIENTED_EDGE('',*,*,#2304,.T.);
#1051=ORIENTED_EDGE('',*,*,#2305,.T.);
#1052=ORIENTED_EDGE('',*,*,#2306,.T.);
#1053=ORIENTED_EDGE('',*,*,#2307,.T.);
#1054=ORIENTED_EDGE('',*,*,#2308,.T.);
#1055=ORIENTED_EDGE('',*,*,#2309,.T.);
#1056=ORIENTED_EDGE('',*,*,#2310,.T.);
#1057=ORIENTED_EDGE('',*,*,#2311,.T.);
#1058=ORIENTED_EDGE('',*,*,#2312,.T.);
#1059=ORIENTED_EDGE('',*,*,#2313,.T.);
#1060=ORIENTED_EDGE('',*,*,#2314,.T.);
#1061=ORIENTED_EDGE('',*,*,#2315,.T.);
#1062=ORIENTED_EDGE('',*,*,#2316,.T.);
#1063=ORIENTED_EDGE('',*,*,#2317,.T.);
#1064=ORIENTED_EDGE('',*,*,#2318,.T.);
#1065=ORIENTED_EDGE('',*,*,#2319,.T.);
#1066=ORIENTED_EDGE('',*,*,#2320,.T.);
#1067=ORIENTED_EDGE('',*,*,#2321,.T.);
#1068=ORIENTED_EDGE('',*,*,#2322,.T.);
#1069=ORIENTED_EDGE('',*,*,#2323,.T.);
#1070=ORIENTED_EDGE('',*,*,#2324,.T.);
#1071=ORIENTED_EDGE('',*,*,#2325,.T.);
#1072=ORIENTED_EDGE('',*,*,#2326,.T.);
#1073=ORIENTED_EDGE('',*,*,#2327,.T.);
#1074=ORIENTED_EDGE('',*,*,#2328,.T.);
#1075=ORIENTED_EDGE('',*,*,#2329,.T.);
#1076=ORIENTED_EDGE('',*,*,#2330,.T.);
#1077=ORIENTED_EDGE('',*,*,#2331,.T.);
#1078=ORIENTED_EDGE('',*,*,#2332,.T.);
#1079=ORIENTED_EDGE('',*,*,#2333,.T.);
#1080=ORIENTED_EDGE('',*,*,#2334,.T.);
#1081=ORIENTED_EDGE('',*,*,#2335,.T.);
#1082=ORIENTED_EDGE('',*,*,#2336,.T.);
#1083=ORIENTED_EDGE('',*,*,#2337,.T.);
#1084=ORIENTED_EDGE('',*,*,#2338,.T.);
#1085=ORIENTED_EDGE('',*,*,#2339,.T.);
#1086=ORIENTED_EDGE('',*,*,#2340,.T.);
#1087=ORIENTED_EDGE('',*,*,#2341,.T.);
#1088=ORIENTED_EDGE('',*,*,#2342,.T.);
#1089=ORIENTED_EDGE('',*,*,#2343,.T.);
#1090=ORIENTED_EDGE('',*,*,#2344,.T.);
#1091=ORIENTED_EDGE('',*,*,#2345,.T.);
#1092=ORIENTED_EDGE('',*,*,#2346,.T.);
#1093=ORIENTED_EDGE('',*,*,#2347,.T.);
#1094=ORIENTED_EDGE('',*,*,#2348,.T.);
#1095=ORIENTED_EDGE('',*,*,#2349,.T.);
#1096=ORIENTED_EDGE('',*,*,#2350,.T.);
#1097=ORIENTED_EDGE('',*,*,#2351,.T.);
#1098=ORIENTED_EDGE('',*,*,#2352,.T.);
#1099=ORIENTED_EDGE('',*,*,#2353,.T.);
#1100=ORIENTED_EDGE('',*,*,#2354,.T.);
#1101=ORIENTED_EDGE('',*,*,#2355,.T.);
#1102=ORIENTED_EDGE('',*,*,#2356,.T.);
#1103=ORIENTED_EDGE('',*,*,#2357,.T.);
#1104=ORIENTED_EDGE('',*,*,#2358,.T.);
#1105=ORIENTED_EDGE('',*,*,#2359,.T.);
#1106=ORIENTED_EDGE('',*,*,#2360,.T.);
#1107=ORIENTED_EDGE('',*,*,#2361,.T.);
#1108=ORIENTED_EDGE('',*,*,#2362,.T.);
#1109=ORIENTED_EDGE('',*,*,#2363,.T.);
#1110=ORIENTED_EDGE('',*,*,#2364,.T.);
#1111=ORIENTED_EDGE('',*,*,#2365,.T.);
#1112=ORIENTED_EDGE('',*,*,#2366,.T.);
#1113=ORIENTED_EDGE('',*,*,#2367,.T.);
#1114=ORIENTED_EDGE('',*,*,#2368,.T.);
#1115=ORIENTED_EDGE('',*,*,#2369,.T.);
#1116=ORIENTED_EDGE('',*,*,#2370,.T.);
#1117=ORIENTED_EDGE('',*,*,#2371,.T.);
#1118=ORIENTED_EDGE('',*,*,#2372,.T.);
#1119=ORIENTED_EDGE('',*,*,#2373,.T.);
#1120=ORIENTED_EDGE('',*,*,#2374,.T.);
#1121=ORIENTED_EDGE('',*,*,#2375,.T.);
#1122=ORIENTED_EDGE('',*,*,#2376,.T.);
#1123=ORIENTED_EDGE('',*,*,#2377,.T.);
#1124=ORIENTED_EDGE('',*,*,#2378,.T.);
#1125=ORIENTED_EDGE('',*,*,#2379,.T.);
#1126=ORIENTED_EDGE('',*,*,#2380,.T.);
#1127=ORIENTED_EDGE('',*,*,#2381,.T.);
#1128=ORIENTED_EDGE('',*,*,#2382,.T.);
#1129=ORIENTED_EDGE('',*,*,#2383,.T.);
#1130=ORIENTED_EDGE('',*,*,#2384,.T.);
#1131=ORIENTED_EDGE('',*,*,#2385,.T.);
#1132=ORIENTED_EDGE('',*,*,#2386,.T.);
#1133=ORIENTED_EDGE('',*,*,#2387,.T.);
#1134=ORIENTED_EDGE('',*,*,#2388,.T.);
#1135=ORIENTED_EDGE('',*,*,#2389,.T.);
#1136=ORIENTED_EDGE('',*,*,#2390,.T.);
#1137=ORIENTED_EDGE('',*,*,#2391,.T.);
#1138=ORIENTED_EDGE('',*,*,#2392,.T.);
#1139=ORIENTED_EDGE('',*,*,#2393,.T.);
#1140=ORIENTED_EDGE('',*,*,#2394,.T.);
#1141=ORIENTED_EDGE('',*,*,#2395,.T.);
#1142=ORIENTED_EDGE('',*,*,#2396,.T.);
#1143=ORIENTED_EDGE('',*,*,#2397,.T.);
#1144=ORIENTED_EDGE('',*,*,#2398,.T.);
#1145=ORIENTED_EDGE('',*,*,#2399,.T.);
#1146=ORIENTED_EDGE('',*,*,#2400,.T.);
#1147=ORIENTED_EDGE('',*,*,#2401,.T.);
#1148=ORIENTED_EDGE('',*,*,#2402,.T.);
#1149=ORIENTED_EDGE('',*,*,#2403,.T.);
#1150=ORIENTED_EDGE('',*,*,#2404,.T.);
#1151=ORIENTED_EDGE('',*,*,#2405,.T.);
#1152=ORIENTED_EDGE('',*,*,#2406,.T.);
#1153=ORIENTED_EDGE('',*,*,#2407,.T.);
#1154=ORIENTED_EDGE('',*,*,#2408,.T.);
#1155=ORIENTED_EDGE('',*,*,#2409,.T.);
#1156=ORIENTED_EDGE('',*,*,#2410,.T.);
#1157=ORIENTED_EDGE('',*,*,#2411,.T.);
#1158=ORIENTED_EDGE('',*,*,#2412,.T.);
#1159=ORIENTED_EDGE('',*,*,#2413,.T.);
#1160=ORIENTED_EDGE('',*,*,#2414,.T.);
#1161=ORIENTED_EDGE('',*,*,#2415,.T.);
#1162=ORIENTED_EDGE('',*,*,#2416,.T.);
#1163=ORIENTED_EDGE('',*,*,#2417,.T.);
#1164=ORIENTED_EDGE('',*,*,#2418,.T.);
#1165=ORIENTED_EDGE('',*,*,#2419,.T.);
#1166=ORIENTED_EDGE('',*,*,#2420,.T.);
#1167=ORIENTED_EDGE('',*,*,#2421,.T.);
#1168=ORIENTED_EDGE('',*,*,#2422,.T.);
#1169=ORIENTED_EDGE('',*,*,#2423,.T.);
#1170=ORIENTED_EDGE('',*,*,#2424,.T.);
#1171=ORIENTED_EDGE('',*,*,#2425,.T.);
#1172=ORIENTED_EDGE('',*,*,#2426,.T.);
#1173=ORIENTED_EDGE('',*,*,#2427,.T.);
#1174=ORIENTED_EDGE('',*,*,#2428,.T.);
#1175=ORIENTED_EDGE('',*,*,#2429,.T.);
#1176=ORIENTED_EDGE('',*,*,#2430,.T.);
#1177=ORIENTED_EDGE('',*,*,#2431,.T.);
#1178=ORIENTED_EDGE('',*,*,#2432,.T.);
#1179=ORIENTED_EDGE('',*,*,#2433,.T.);
#1180=ORIENTED_EDGE('',*,*,#2434,.T.);
#1181=ORIENTED_EDGE('',*,*,#2435,.T.);
#1182=ORIENTED_EDGE('',*,*,#2436,.T.);
#1183=ORIENTED_EDGE('',*,*,#2437,.T.);
#1184=ORIENTED_EDGE('',*,*,#2438,.T.);
#1185=ORIENTED_EDGE('',*,*,#2439,.T.);
#1186=ORIENTED_EDGE('',*,*,#2440,.T.);
#1187=ORIENTED_EDGE('',*,*,#2441,.T.);
#1188=ORIENTED_EDGE('',*,*,#2442,.T.);
#1189=ORIENTED_EDGE('',*,*,#2443,.T.);
#1190=ORIENTED_EDGE('',*,*,#2444,.T.);
#1191=ORIENTED_EDGE('',*,*,#2445,.T.);
#1192=ORIENTED_EDGE('',*,*,#2446,.T.);
#1193=ORIENTED_EDGE('',*,*,#2447,.T.);
#1194=ORIENTED_EDGE('',*,*,#2448,.T.);
#1195=ORIENTED_EDGE('',*,*,#2449,.T.);
#1196=ORIENTED_EDGE('',*,*,#2450,.T.);
#1197=ORIENTED_EDGE('',*,*,#2451,.T.);
#1198=ORIENTED_EDGE('',*,*,#2243,.T.);
#1199=ORIENTED_EDGE('',*,*,#2241,.F.);
#1200=ORIENTED_EDGE('',*,*,#2452,.F.);
#1201=ORIENTED_EDGE('',*,*,#2453,.F.);
#1202=ORIENTED_EDGE('',*,*,#2454,.F.);
#1203=ORIENTED_EDGE('',*,*,#2455,.F.);
#1204=ORIENTED_EDGE('',*,*,#2456,.F.);
#1205=ORIENTED_EDGE('',*,*,#2457,.F.);
#1206=ORIENTED_EDGE('',*,*,#2458,.F.);
#1207=ORIENTED_EDGE('',*,*,#2459,.F.);
#1208=ORIENTED_EDGE('',*,*,#2460,.F.);
#1209=ORIENTED_EDGE('',*,*,#2461,.F.);
#1210=ORIENTED_EDGE('',*,*,#2462,.F.);
#1211=ORIENTED_EDGE('',*,*,#2463,.F.);
#1212=ORIENTED_EDGE('',*,*,#2464,.F.);
#1213=ORIENTED_EDGE('',*,*,#2465,.F.);
#1214=ORIENTED_EDGE('',*,*,#2466,.T.);
#1215=ORIENTED_EDGE('',*,*,#2246,.F.);
#1216=ORIENTED_EDGE('',*,*,#2467,.F.);
#1217=ORIENTED_EDGE('',*,*,#2465,.T.);
#1218=ORIENTED_EDGE('',*,*,#2468,.T.);
#1219=ORIENTED_EDGE('',*,*,#2247,.F.);
#1220=ORIENTED_EDGE('',*,*,#2466,.F.);
#1221=ORIENTED_EDGE('',*,*,#2464,.T.);
#1222=ORIENTED_EDGE('',*,*,#2469,.T.);
#1223=ORIENTED_EDGE('',*,*,#2248,.F.);
#1224=ORIENTED_EDGE('',*,*,#2468,.F.);
#1225=ORIENTED_EDGE('',*,*,#2463,.T.);
#1226=ORIENTED_EDGE('',*,*,#2470,.T.);
#1227=ORIENTED_EDGE('',*,*,#2249,.F.);
#1228=ORIENTED_EDGE('',*,*,#2469,.F.);
#1229=ORIENTED_EDGE('',*,*,#2462,.T.);
#1230=ORIENTED_EDGE('',*,*,#2471,.T.);
#1231=ORIENTED_EDGE('',*,*,#2250,.F.);
#1232=ORIENTED_EDGE('',*,*,#2470,.F.);
#1233=ORIENTED_EDGE('',*,*,#2461,.T.);
#1234=ORIENTED_EDGE('',*,*,#2472,.T.);
#1235=ORIENTED_EDGE('',*,*,#2251,.F.);
#1236=ORIENTED_EDGE('',*,*,#2471,.F.);
#1237=ORIENTED_EDGE('',*,*,#2460,.T.);
#1238=ORIENTED_EDGE('',*,*,#2473,.T.);
#1239=ORIENTED_EDGE('',*,*,#2252,.F.);
#1240=ORIENTED_EDGE('',*,*,#2472,.F.);
#1241=ORIENTED_EDGE('',*,*,#2459,.T.);
#1242=ORIENTED_EDGE('',*,*,#2474,.T.);
#1243=ORIENTED_EDGE('',*,*,#2257,.F.);
#1244=ORIENTED_EDGE('',*,*,#2475,.F.);
#1245=ORIENTED_EDGE('',*,*,#2454,.T.);
#1246=ORIENTED_EDGE('',*,*,#2476,.T.);
#1247=ORIENTED_EDGE('',*,*,#2244,.F.);
#1248=ORIENTED_EDGE('',*,*,#2474,.F.);
#1249=ORIENTED_EDGE('',*,*,#2453,.T.);
#1250=ORIENTED_EDGE('',*,*,#2467,.T.);
#1251=ORIENTED_EDGE('',*,*,#2245,.F.);
#1252=ORIENTED_EDGE('',*,*,#2476,.F.);
#1253=ORIENTED_EDGE('',*,*,#2452,.T.);
#1254=ORIENTED_EDGE('',*,*,#2256,.F.);
#1255=ORIENTED_EDGE('',*,*,#2477,.F.);
#1256=ORIENTED_EDGE('',*,*,#2455,.T.);
#1257=ORIENTED_EDGE('',*,*,#2475,.T.);
#1258=ORIENTED_EDGE('',*,*,#2255,.F.);
#1259=ORIENTED_EDGE('',*,*,#2478,.F.);
#1260=ORIENTED_EDGE('',*,*,#2456,.T.);
#1261=ORIENTED_EDGE('',*,*,#2477,.T.);
#1262=ORIENTED_EDGE('',*,*,#2254,.F.);
#1263=ORIENTED_EDGE('',*,*,#2479,.F.);
#1264=ORIENTED_EDGE('',*,*,#2457,.T.);
#1265=ORIENTED_EDGE('',*,*,#2478,.T.);
#1266=ORIENTED_EDGE('',*,*,#2253,.F.);
#1267=ORIENTED_EDGE('',*,*,#2473,.F.);
#1268=ORIENTED_EDGE('',*,*,#2458,.T.);
#1269=ORIENTED_EDGE('',*,*,#2479,.T.);
#1270=ORIENTED_EDGE('',*,*,#2480,.F.);
#1271=ORIENTED_EDGE('',*,*,#2481,.F.);
#1272=ORIENTED_EDGE('',*,*,#2482,.F.);
#1273=ORIENTED_EDGE('',*,*,#2483,.F.);
#1274=ORIENTED_EDGE('',*,*,#2484,.F.);
#1275=ORIENTED_EDGE('',*,*,#2485,.F.);
#1276=ORIENTED_EDGE('',*,*,#2486,.F.);
#1277=ORIENTED_EDGE('',*,*,#2487,.F.);
#1278=ORIENTED_EDGE('',*,*,#2488,.F.);
#1279=ORIENTED_EDGE('',*,*,#2489,.F.);
#1280=ORIENTED_EDGE('',*,*,#2490,.F.);
#1281=ORIENTED_EDGE('',*,*,#2491,.F.);
#1282=ORIENTED_EDGE('',*,*,#2492,.F.);
#1283=ORIENTED_EDGE('',*,*,#2493,.F.);
#1284=ORIENTED_EDGE('',*,*,#2494,.F.);
#1285=ORIENTED_EDGE('',*,*,#2495,.F.);
#1286=ORIENTED_EDGE('',*,*,#2496,.T.);
#1287=ORIENTED_EDGE('',*,*,#2260,.F.);
#1288=ORIENTED_EDGE('',*,*,#2497,.F.);
#1289=ORIENTED_EDGE('',*,*,#2495,.T.);
#1290=ORIENTED_EDGE('',*,*,#2498,.T.);
#1291=ORIENTED_EDGE('',*,*,#2261,.F.);
#1292=ORIENTED_EDGE('',*,*,#2496,.F.);
#1293=ORIENTED_EDGE('',*,*,#2494,.T.);
#1294=ORIENTED_EDGE('',*,*,#2499,.T.);
#1295=ORIENTED_EDGE('',*,*,#2262,.F.);
#1296=ORIENTED_EDGE('',*,*,#2498,.F.);
#1297=ORIENTED_EDGE('',*,*,#2493,.T.);
#1298=ORIENTED_EDGE('',*,*,#2500,.T.);
#1299=ORIENTED_EDGE('',*,*,#2263,.F.);
#1300=ORIENTED_EDGE('',*,*,#2499,.F.);
#1301=ORIENTED_EDGE('',*,*,#2492,.T.);
#1302=ORIENTED_EDGE('',*,*,#2501,.T.);
#1303=ORIENTED_EDGE('',*,*,#2264,.F.);
#1304=ORIENTED_EDGE('',*,*,#2500,.F.);
#1305=ORIENTED_EDGE('',*,*,#2491,.T.);
#1306=ORIENTED_EDGE('',*,*,#2502,.T.);
#1307=ORIENTED_EDGE('',*,*,#2265,.F.);
#1308=ORIENTED_EDGE('',*,*,#2501,.F.);
#1309=ORIENTED_EDGE('',*,*,#2490,.T.);
#1310=ORIENTED_EDGE('',*,*,#2503,.T.);
#1311=ORIENTED_EDGE('',*,*,#2272,.F.);
#1312=ORIENTED_EDGE('',*,*,#2504,.F.);
#1313=ORIENTED_EDGE('',*,*,#2483,.T.);
#1314=ORIENTED_EDGE('',*,*,#2505,.T.);
#1315=ORIENTED_EDGE('',*,*,#2273,.F.);
#1316=ORIENTED_EDGE('',*,*,#2503,.F.);
#1317=ORIENTED_EDGE('',*,*,#2482,.T.);
#1318=ORIENTED_EDGE('',*,*,#2506,.T.);
#1319=ORIENTED_EDGE('',*,*,#2258,.F.);
#1320=ORIENTED_EDGE('',*,*,#2505,.F.);
#1321=ORIENTED_EDGE('',*,*,#2481,.T.);
#1322=ORIENTED_EDGE('',*,*,#2497,.T.);
#1323=ORIENTED_EDGE('',*,*,#2259,.F.);
#1324=ORIENTED_EDGE('',*,*,#2506,.F.);
#1325=ORIENTED_EDGE('',*,*,#2480,.T.);
#1326=ORIENTED_EDGE('',*,*,#2271,.F.);
#1327=ORIENTED_EDGE('',*,*,#2507,.F.);
#1328=ORIENTED_EDGE('',*,*,#2484,.T.);
#1329=ORIENTED_EDGE('',*,*,#2504,.T.);
#1330=ORIENTED_EDGE('',*,*,#2270,.F.);
#1331=ORIENTED_EDGE('',*,*,#2508,.F.);
#1332=ORIENTED_EDGE('',*,*,#2485,.T.);
#1333=ORIENTED_EDGE('',*,*,#2507,.T.);
#1334=ORIENTED_EDGE('',*,*,#2269,.F.);
#1335=ORIENTED_EDGE('',*,*,#2509,.F.);
#1336=ORIENTED_EDGE('',*,*,#2486,.T.);
#1337=ORIENTED_EDGE('',*,*,#2508,.T.);
#1338=ORIENTED_EDGE('',*,*,#2268,.F.);
#1339=ORIENTED_EDGE('',*,*,#2510,.F.);
#1340=ORIENTED_EDGE('',*,*,#2487,.T.);
#1341=ORIENTED_EDGE('',*,*,#2509,.T.);
#1342=ORIENTED_EDGE('',*,*,#2267,.F.);
#1343=ORIENTED_EDGE('',*,*,#2511,.F.);
#1344=ORIENTED_EDGE('',*,*,#2488,.T.);
#1345=ORIENTED_EDGE('',*,*,#2510,.T.);
#1346=ORIENTED_EDGE('',*,*,#2266,.F.);
#1347=ORIENTED_EDGE('',*,*,#2502,.F.);
#1348=ORIENTED_EDGE('',*,*,#2489,.T.);
#1349=ORIENTED_EDGE('',*,*,#2511,.T.);
#1350=ORIENTED_EDGE('',*,*,#2512,.F.);
#1351=ORIENTED_EDGE('',*,*,#2513,.F.);
#1352=ORIENTED_EDGE('',*,*,#2514,.F.);
#1353=ORIENTED_EDGE('',*,*,#2515,.F.);
#1354=ORIENTED_EDGE('',*,*,#2516,.F.);
#1355=ORIENTED_EDGE('',*,*,#2517,.F.);
#1356=ORIENTED_EDGE('',*,*,#2518,.F.);
#1357=ORIENTED_EDGE('',*,*,#2519,.F.);
#1358=ORIENTED_EDGE('',*,*,#2520,.F.);
#1359=ORIENTED_EDGE('',*,*,#2521,.F.);
#1360=ORIENTED_EDGE('',*,*,#2522,.F.);
#1361=ORIENTED_EDGE('',*,*,#2523,.F.);
#1362=ORIENTED_EDGE('',*,*,#2524,.F.);
#1363=ORIENTED_EDGE('',*,*,#2525,.F.);
#1364=ORIENTED_EDGE('',*,*,#2526,.F.);
#1365=ORIENTED_EDGE('',*,*,#2527,.F.);
#1366=ORIENTED_EDGE('',*,*,#2528,.F.);
#1367=ORIENTED_EDGE('',*,*,#2529,.F.);
#1368=ORIENTED_EDGE('',*,*,#2530,.F.);
#1369=ORIENTED_EDGE('',*,*,#2531,.F.);
#1370=ORIENTED_EDGE('',*,*,#2532,.T.);
#1371=ORIENTED_EDGE('',*,*,#2276,.F.);
#1372=ORIENTED_EDGE('',*,*,#2533,.F.);
#1373=ORIENTED_EDGE('',*,*,#2531,.T.);
#1374=ORIENTED_EDGE('',*,*,#2534,.T.);
#1375=ORIENTED_EDGE('',*,*,#2283,.F.);
#1376=ORIENTED_EDGE('',*,*,#2535,.F.);
#1377=ORIENTED_EDGE('',*,*,#2524,.T.);
#1378=ORIENTED_EDGE('',*,*,#2536,.T.);
#1379=ORIENTED_EDGE('',*,*,#2284,.F.);
#1380=ORIENTED_EDGE('',*,*,#2534,.F.);
#1381=ORIENTED_EDGE('',*,*,#2523,.T.);
#1382=ORIENTED_EDGE('',*,*,#2537,.T.);
#1383=ORIENTED_EDGE('',*,*,#2285,.F.);
#1384=ORIENTED_EDGE('',*,*,#2536,.F.);
#1385=ORIENTED_EDGE('',*,*,#2522,.T.);
#1386=ORIENTED_EDGE('',*,*,#2538,.T.);
#1387=ORIENTED_EDGE('',*,*,#2286,.F.);
#1388=ORIENTED_EDGE('',*,*,#2537,.F.);
#1389=ORIENTED_EDGE('',*,*,#2521,.T.);
#1390=ORIENTED_EDGE('',*,*,#2539,.T.);
#1391=ORIENTED_EDGE('',*,*,#2287,.F.);
#1392=ORIENTED_EDGE('',*,*,#2538,.F.);
#1393=ORIENTED_EDGE('',*,*,#2520,.T.);
#1394=ORIENTED_EDGE('',*,*,#2540,.T.);
#1395=ORIENTED_EDGE('',*,*,#2288,.F.);
#1396=ORIENTED_EDGE('',*,*,#2539,.F.);
#1397=ORIENTED_EDGE('',*,*,#2519,.T.);
#1398=ORIENTED_EDGE('',*,*,#2541,.T.);
#1399=ORIENTED_EDGE('',*,*,#2289,.F.);
#1400=ORIENTED_EDGE('',*,*,#2540,.F.);
#1401=ORIENTED_EDGE('',*,*,#2518,.T.);
#1402=ORIENTED_EDGE('',*,*,#2542,.T.);
#1403=ORIENTED_EDGE('',*,*,#2290,.F.);
#1404=ORIENTED_EDGE('',*,*,#2541,.F.);
#1405=ORIENTED_EDGE('',*,*,#2517,.T.);
#1406=ORIENTED_EDGE('',*,*,#2543,.T.);
#1407=ORIENTED_EDGE('',*,*,#2291,.F.);
#1408=ORIENTED_EDGE('',*,*,#2542,.F.);
#1409=ORIENTED_EDGE('',*,*,#2516,.T.);
#1410=ORIENTED_EDGE('',*,*,#2544,.T.);
#1411=ORIENTED_EDGE('',*,*,#2292,.F.);
#1412=ORIENTED_EDGE('',*,*,#2543,.F.);
#1413=ORIENTED_EDGE('',*,*,#2515,.T.);
#1414=ORIENTED_EDGE('',*,*,#2545,.T.);
#1415=ORIENTED_EDGE('',*,*,#2293,.F.);
#1416=ORIENTED_EDGE('',*,*,#2544,.F.);
#1417=ORIENTED_EDGE('',*,*,#2514,.T.);
#1418=ORIENTED_EDGE('',*,*,#2546,.T.);
#1419=ORIENTED_EDGE('',*,*,#2274,.F.);
#1420=ORIENTED_EDGE('',*,*,#2545,.F.);
#1421=ORIENTED_EDGE('',*,*,#2513,.T.);
#1422=ORIENTED_EDGE('',*,*,#2533,.T.);
#1423=ORIENTED_EDGE('',*,*,#2275,.F.);
#1424=ORIENTED_EDGE('',*,*,#2546,.F.);
#1425=ORIENTED_EDGE('',*,*,#2512,.T.);
#1426=ORIENTED_EDGE('',*,*,#2282,.F.);
#1427=ORIENTED_EDGE('',*,*,#2547,.F.);
#1428=ORIENTED_EDGE('',*,*,#2525,.T.);
#1429=ORIENTED_EDGE('',*,*,#2535,.T.);
#1430=ORIENTED_EDGE('',*,*,#2281,.F.);
#1431=ORIENTED_EDGE('',*,*,#2548,.F.);
#1432=ORIENTED_EDGE('',*,*,#2526,.T.);
#1433=ORIENTED_EDGE('',*,*,#2547,.T.);
#1434=ORIENTED_EDGE('',*,*,#2280,.F.);
#1435=ORIENTED_EDGE('',*,*,#2549,.F.);
#1436=ORIENTED_EDGE('',*,*,#2527,.T.);
#1437=ORIENTED_EDGE('',*,*,#2548,.T.);
#1438=ORIENTED_EDGE('',*,*,#2279,.F.);
#1439=ORIENTED_EDGE('',*,*,#2550,.F.);
#1440=ORIENTED_EDGE('',*,*,#2528,.T.);
#1441=ORIENTED_EDGE('',*,*,#2549,.T.);
#1442=ORIENTED_EDGE('',*,*,#2278,.F.);
#1443=ORIENTED_EDGE('',*,*,#2551,.F.);
#1444=ORIENTED_EDGE('',*,*,#2529,.T.);
#1445=ORIENTED_EDGE('',*,*,#2550,.T.);
#1446=ORIENTED_EDGE('',*,*,#2277,.F.);
#1447=ORIENTED_EDGE('',*,*,#2532,.F.);
#1448=ORIENTED_EDGE('',*,*,#2530,.T.);
#1449=ORIENTED_EDGE('',*,*,#2551,.T.);
#1450=ORIENTED_EDGE('',*,*,#2552,.F.);
#1451=ORIENTED_EDGE('',*,*,#2553,.F.);
#1452=ORIENTED_EDGE('',*,*,#2554,.F.);
#1453=ORIENTED_EDGE('',*,*,#2555,.F.);
#1454=ORIENTED_EDGE('',*,*,#2556,.F.);
#1455=ORIENTED_EDGE('',*,*,#2557,.F.);
#1456=ORIENTED_EDGE('',*,*,#2558,.F.);
#1457=ORIENTED_EDGE('',*,*,#2559,.F.);
#1458=ORIENTED_EDGE('',*,*,#2560,.F.);
#1459=ORIENTED_EDGE('',*,*,#2561,.F.);
#1460=ORIENTED_EDGE('',*,*,#2562,.F.);
#1461=ORIENTED_EDGE('',*,*,#2563,.F.);
#1462=ORIENTED_EDGE('',*,*,#2564,.F.);
#1463=ORIENTED_EDGE('',*,*,#2565,.F.);
#1464=ORIENTED_EDGE('',*,*,#2566,.F.);
#1465=ORIENTED_EDGE('',*,*,#2567,.F.);
#1466=ORIENTED_EDGE('',*,*,#2568,.F.);
#1467=ORIENTED_EDGE('',*,*,#2569,.F.);
#1468=ORIENTED_EDGE('',*,*,#2570,.T.);
#1469=ORIENTED_EDGE('',*,*,#2296,.F.);
#1470=ORIENTED_EDGE('',*,*,#2571,.F.);
#1471=ORIENTED_EDGE('',*,*,#2569,.T.);
#1472=ORIENTED_EDGE('',*,*,#2572,.T.);
#1473=ORIENTED_EDGE('',*,*,#2297,.F.);
#1474=ORIENTED_EDGE('',*,*,#2570,.F.);
#1475=ORIENTED_EDGE('',*,*,#2568,.T.);
#1476=ORIENTED_EDGE('',*,*,#2573,.T.);
#1477=ORIENTED_EDGE('',*,*,#2298,.F.);
#1478=ORIENTED_EDGE('',*,*,#2572,.F.);
#1479=ORIENTED_EDGE('',*,*,#2567,.T.);
#1480=ORIENTED_EDGE('',*,*,#2574,.T.);
#1481=ORIENTED_EDGE('',*,*,#2299,.F.);
#1482=ORIENTED_EDGE('',*,*,#2573,.F.);
#1483=ORIENTED_EDGE('',*,*,#2566,.T.);
#1484=ORIENTED_EDGE('',*,*,#2575,.T.);
#1485=ORIENTED_EDGE('',*,*,#2300,.F.);
#1486=ORIENTED_EDGE('',*,*,#2574,.F.);
#1487=ORIENTED_EDGE('',*,*,#2565,.T.);
#1488=ORIENTED_EDGE('',*,*,#2576,.T.);
#1489=ORIENTED_EDGE('',*,*,#2301,.F.);
#1490=ORIENTED_EDGE('',*,*,#2575,.F.);
#1491=ORIENTED_EDGE('',*,*,#2564,.T.);
#1492=ORIENTED_EDGE('',*,*,#2577,.T.);
#1493=ORIENTED_EDGE('',*,*,#2302,.F.);
#1494=ORIENTED_EDGE('',*,*,#2576,.F.);
#1495=ORIENTED_EDGE('',*,*,#2563,.T.);
#1496=ORIENTED_EDGE('',*,*,#2578,.T.);
#1497=ORIENTED_EDGE('',*,*,#2309,.F.);
#1498=ORIENTED_EDGE('',*,*,#2579,.F.);
#1499=ORIENTED_EDGE('',*,*,#2556,.T.);
#1500=ORIENTED_EDGE('',*,*,#2580,.T.);
#1501=ORIENTED_EDGE('',*,*,#2310,.F.);
#1502=ORIENTED_EDGE('',*,*,#2578,.F.);
#1503=ORIENTED_EDGE('',*,*,#2555,.T.);
#1504=ORIENTED_EDGE('',*,*,#2581,.T.);
#1505=ORIENTED_EDGE('',*,*,#2311,.F.);
#1506=ORIENTED_EDGE('',*,*,#2580,.F.);
#1507=ORIENTED_EDGE('',*,*,#2554,.T.);
#1508=ORIENTED_EDGE('',*,*,#2582,.T.);
#1509=ORIENTED_EDGE('',*,*,#2294,.F.);
#1510=ORIENTED_EDGE('',*,*,#2581,.F.);
#1511=ORIENTED_EDGE('',*,*,#2553,.T.);
#1512=ORIENTED_EDGE('',*,*,#2571,.T.);
#1513=ORIENTED_EDGE('',*,*,#2295,.F.);
#1514=ORIENTED_EDGE('',*,*,#2582,.F.);
#1515=ORIENTED_EDGE('',*,*,#2552,.T.);
#1516=ORIENTED_EDGE('',*,*,#2308,.F.);
#1517=ORIENTED_EDGE('',*,*,#2583,.F.);
#1518=ORIENTED_EDGE('',*,*,#2557,.T.);
#1519=ORIENTED_EDGE('',*,*,#2579,.T.);
#1520=ORIENTED_EDGE('',*,*,#2307,.F.);
#1521=ORIENTED_EDGE('',*,*,#2584,.F.);
#1522=ORIENTED_EDGE('',*,*,#2558,.T.);
#1523=ORIENTED_EDGE('',*,*,#2583,.T.);
#1524=ORIENTED_EDGE('',*,*,#2306,.F.);
#1525=ORIENTED_EDGE('',*,*,#2585,.F.);
#1526=ORIENTED_EDGE('',*,*,#2559,.T.);
#1527=ORIENTED_EDGE('',*,*,#2584,.T.);
#1528=ORIENTED_EDGE('',*,*,#2305,.F.);
#1529=ORIENTED_EDGE('',*,*,#2586,.F.);
#1530=ORIENTED_EDGE('',*,*,#2560,.T.);
#1531=ORIENTED_EDGE('',*,*,#2585,.T.);
#1532=ORIENTED_EDGE('',*,*,#2304,.F.);
#1533=ORIENTED_EDGE('',*,*,#2587,.F.);
#1534=ORIENTED_EDGE('',*,*,#2561,.T.);
#1535=ORIENTED_EDGE('',*,*,#2586,.T.);
#1536=ORIENTED_EDGE('',*,*,#2303,.F.);
#1537=ORIENTED_EDGE('',*,*,#2577,.F.);
#1538=ORIENTED_EDGE('',*,*,#2562,.T.);
#1539=ORIENTED_EDGE('',*,*,#2587,.T.);
#1540=ORIENTED_EDGE('',*,*,#2588,.F.);
#1541=ORIENTED_EDGE('',*,*,#2589,.F.);
#1542=ORIENTED_EDGE('',*,*,#2590,.F.);
#1543=ORIENTED_EDGE('',*,*,#2591,.F.);
#1544=ORIENTED_EDGE('',*,*,#2592,.F.);
#1545=ORIENTED_EDGE('',*,*,#2593,.F.);
#1546=ORIENTED_EDGE('',*,*,#2594,.F.);
#1547=ORIENTED_EDGE('',*,*,#2595,.F.);
#1548=ORIENTED_EDGE('',*,*,#2596,.F.);
#1549=ORIENTED_EDGE('',*,*,#2597,.F.);
#1550=ORIENTED_EDGE('',*,*,#2598,.F.);
#1551=ORIENTED_EDGE('',*,*,#2599,.F.);
#1552=ORIENTED_EDGE('',*,*,#2600,.F.);
#1553=ORIENTED_EDGE('',*,*,#2601,.F.);
#1554=ORIENTED_EDGE('',*,*,#2602,.F.);
#1555=ORIENTED_EDGE('',*,*,#2603,.T.);
#1556=ORIENTED_EDGE('',*,*,#2314,.F.);
#1557=ORIENTED_EDGE('',*,*,#2604,.F.);
#1558=ORIENTED_EDGE('',*,*,#2602,.T.);
#1559=ORIENTED_EDGE('',*,*,#2605,.T.);
#1560=ORIENTED_EDGE('',*,*,#2315,.F.);
#1561=ORIENTED_EDGE('',*,*,#2603,.F.);
#1562=ORIENTED_EDGE('',*,*,#2601,.T.);
#1563=ORIENTED_EDGE('',*,*,#2606,.T.);
#1564=ORIENTED_EDGE('',*,*,#2316,.F.);
#1565=ORIENTED_EDGE('',*,*,#2605,.F.);
#1566=ORIENTED_EDGE('',*,*,#2600,.T.);
#1567=ORIENTED_EDGE('',*,*,#2607,.T.);
#1568=ORIENTED_EDGE('',*,*,#2317,.F.);
#1569=ORIENTED_EDGE('',*,*,#2606,.F.);
#1570=ORIENTED_EDGE('',*,*,#2599,.T.);
#1571=ORIENTED_EDGE('',*,*,#2608,.T.);
#1572=ORIENTED_EDGE('',*,*,#2322,.F.);
#1573=ORIENTED_EDGE('',*,*,#2609,.F.);
#1574=ORIENTED_EDGE('',*,*,#2594,.T.);
#1575=ORIENTED_EDGE('',*,*,#2610,.T.);
#1576=ORIENTED_EDGE('',*,*,#2323,.F.);
#1577=ORIENTED_EDGE('',*,*,#2608,.F.);
#1578=ORIENTED_EDGE('',*,*,#2593,.T.);
#1579=ORIENTED_EDGE('',*,*,#2611,.T.);
#1580=ORIENTED_EDGE('',*,*,#2324,.F.);
#1581=ORIENTED_EDGE('',*,*,#2610,.F.);
#1582=ORIENTED_EDGE('',*,*,#2592,.T.);
#1583=ORIENTED_EDGE('',*,*,#2612,.T.);
#1584=ORIENTED_EDGE('',*,*,#2325,.F.);
#1585=ORIENTED_EDGE('',*,*,#2611,.F.);
#1586=ORIENTED_EDGE('',*,*,#2591,.T.);
#1587=ORIENTED_EDGE('',*,*,#2613,.T.);
#1588=ORIENTED_EDGE('',*,*,#2326,.F.);
#1589=ORIENTED_EDGE('',*,*,#2612,.F.);
#1590=ORIENTED_EDGE('',*,*,#2590,.T.);
#1591=ORIENTED_EDGE('',*,*,#2614,.T.);
#1592=ORIENTED_EDGE('',*,*,#2312,.F.);
#1593=ORIENTED_EDGE('',*,*,#2613,.F.);
#1594=ORIENTED_EDGE('',*,*,#2589,.T.);
#1595=ORIENTED_EDGE('',*,*,#2604,.T.);
#1596=ORIENTED_EDGE('',*,*,#2313,.F.);
#1597=ORIENTED_EDGE('',*,*,#2614,.F.);
#1598=ORIENTED_EDGE('',*,*,#2588,.T.);
#1599=ORIENTED_EDGE('',*,*,#2321,.F.);
#1600=ORIENTED_EDGE('',*,*,#2615,.F.);
#1601=ORIENTED_EDGE('',*,*,#2595,.T.);
#1602=ORIENTED_EDGE('',*,*,#2609,.T.);
#1603=ORIENTED_EDGE('',*,*,#2320,.F.);
#1604=ORIENTED_EDGE('',*,*,#2616,.F.);
#1605=ORIENTED_EDGE('',*,*,#2596,.T.);
#1606=ORIENTED_EDGE('',*,*,#2615,.T.);
#1607=ORIENTED_EDGE('',*,*,#2319,.F.);
#1608=ORIENTED_EDGE('',*,*,#2617,.F.);
#1609=ORIENTED_EDGE('',*,*,#2597,.T.);
#1610=ORIENTED_EDGE('',*,*,#2616,.T.);
#1611=ORIENTED_EDGE('',*,*,#2318,.F.);
#1612=ORIENTED_EDGE('',*,*,#2607,.F.);
#1613=ORIENTED_EDGE('',*,*,#2598,.T.);
#1614=ORIENTED_EDGE('',*,*,#2617,.T.);
#1615=ORIENTED_EDGE('',*,*,#2618,.F.);
#1616=ORIENTED_EDGE('',*,*,#2619,.F.);
#1617=ORIENTED_EDGE('',*,*,#2620,.F.);
#1618=ORIENTED_EDGE('',*,*,#2621,.F.);
#1619=ORIENTED_EDGE('',*,*,#2622,.F.);
#1620=ORIENTED_EDGE('',*,*,#2623,.F.);
#1621=ORIENTED_EDGE('',*,*,#2624,.F.);
#1622=ORIENTED_EDGE('',*,*,#2625,.F.);
#1623=ORIENTED_EDGE('',*,*,#2626,.F.);
#1624=ORIENTED_EDGE('',*,*,#2627,.F.);
#1625=ORIENTED_EDGE('',*,*,#2628,.F.);
#1626=ORIENTED_EDGE('',*,*,#2629,.F.);
#1627=ORIENTED_EDGE('',*,*,#2630,.F.);
#1628=ORIENTED_EDGE('',*,*,#2631,.F.);
#1629=ORIENTED_EDGE('',*,*,#2632,.F.);
#1630=ORIENTED_EDGE('',*,*,#2633,.F.);
#1631=ORIENTED_EDGE('',*,*,#2634,.F.);
#1632=ORIENTED_EDGE('',*,*,#2635,.F.);
#1633=ORIENTED_EDGE('',*,*,#2636,.F.);
#1634=ORIENTED_EDGE('',*,*,#2637,.F.);
#1635=ORIENTED_EDGE('',*,*,#2638,.T.);
#1636=ORIENTED_EDGE('',*,*,#2329,.F.);
#1637=ORIENTED_EDGE('',*,*,#2639,.F.);
#1638=ORIENTED_EDGE('',*,*,#2637,.T.);
#1639=ORIENTED_EDGE('',*,*,#2640,.T.);
#1640=ORIENTED_EDGE('',*,*,#2336,.F.);
#1641=ORIENTED_EDGE('',*,*,#2641,.F.);
#1642=ORIENTED_EDGE('',*,*,#2630,.T.);
#1643=ORIENTED_EDGE('',*,*,#2642,.T.);
#1644=ORIENTED_EDGE('',*,*,#2337,.F.);
#1645=ORIENTED_EDGE('',*,*,#2640,.F.);
#1646=ORIENTED_EDGE('',*,*,#2629,.T.);
#1647=ORIENTED_EDGE('',*,*,#2643,.T.);
#1648=ORIENTED_EDGE('',*,*,#2338,.F.);
#1649=ORIENTED_EDGE('',*,*,#2642,.F.);
#1650=ORIENTED_EDGE('',*,*,#2628,.T.);
#1651=ORIENTED_EDGE('',*,*,#2644,.T.);
#1652=ORIENTED_EDGE('',*,*,#2339,.F.);
#1653=ORIENTED_EDGE('',*,*,#2643,.F.);
#1654=ORIENTED_EDGE('',*,*,#2627,.T.);
#1655=ORIENTED_EDGE('',*,*,#2645,.T.);
#1656=ORIENTED_EDGE('',*,*,#2340,.F.);
#1657=ORIENTED_EDGE('',*,*,#2644,.F.);
#1658=ORIENTED_EDGE('',*,*,#2626,.T.);
#1659=ORIENTED_EDGE('',*,*,#2646,.T.);
#1660=ORIENTED_EDGE('',*,*,#2341,.F.);
#1661=ORIENTED_EDGE('',*,*,#2645,.F.);
#1662=ORIENTED_EDGE('',*,*,#2625,.T.);
#1663=ORIENTED_EDGE('',*,*,#2647,.T.);
#1664=ORIENTED_EDGE('',*,*,#2342,.F.);
#1665=ORIENTED_EDGE('',*,*,#2646,.F.);
#1666=ORIENTED_EDGE('',*,*,#2624,.T.);
#1667=ORIENTED_EDGE('',*,*,#2648,.T.);
#1668=ORIENTED_EDGE('',*,*,#2343,.F.);
#1669=ORIENTED_EDGE('',*,*,#2647,.F.);
#1670=ORIENTED_EDGE('',*,*,#2623,.T.);
#1671=ORIENTED_EDGE('',*,*,#2649,.T.);
#1672=ORIENTED_EDGE('',*,*,#2344,.F.);
#1673=ORIENTED_EDGE('',*,*,#2648,.F.);
#1674=ORIENTED_EDGE('',*,*,#2622,.T.);
#1675=ORIENTED_EDGE('',*,*,#2650,.T.);
#1676=ORIENTED_EDGE('',*,*,#2345,.F.);
#1677=ORIENTED_EDGE('',*,*,#2649,.F.);
#1678=ORIENTED_EDGE('',*,*,#2621,.T.);
#1679=ORIENTED_EDGE('',*,*,#2651,.T.);
#1680=ORIENTED_EDGE('',*,*,#2346,.F.);
#1681=ORIENTED_EDGE('',*,*,#2650,.F.);
#1682=ORIENTED_EDGE('',*,*,#2620,.T.);
#1683=ORIENTED_EDGE('',*,*,#2652,.T.);
#1684=ORIENTED_EDGE('',*,*,#2327,.F.);
#1685=ORIENTED_EDGE('',*,*,#2651,.F.);
#1686=ORIENTED_EDGE('',*,*,#2619,.T.);
#1687=ORIENTED_EDGE('',*,*,#2639,.T.);
#1688=ORIENTED_EDGE('',*,*,#2328,.F.);
#1689=ORIENTED_EDGE('',*,*,#2652,.F.);
#1690=ORIENTED_EDGE('',*,*,#2618,.T.);
#1691=ORIENTED_EDGE('',*,*,#2335,.F.);
#1692=ORIENTED_EDGE('',*,*,#2653,.F.);
#1693=ORIENTED_EDGE('',*,*,#2631,.T.);
#1694=ORIENTED_EDGE('',*,*,#2641,.T.);
#1695=ORIENTED_EDGE('',*,*,#2334,.F.);
#1696=ORIENTED_EDGE('',*,*,#2654,.F.);
#1697=ORIENTED_EDGE('',*,*,#2632,.T.);
#1698=ORIENTED_EDGE('',*,*,#2653,.T.);
#1699=ORIENTED_EDGE('',*,*,#2333,.F.);
#1700=ORIENTED_EDGE('',*,*,#2655,.F.);
#1701=ORIENTED_EDGE('',*,*,#2633,.T.);
#1702=ORIENTED_EDGE('',*,*,#2654,.T.);
#1703=ORIENTED_EDGE('',*,*,#2332,.F.);
#1704=ORIENTED_EDGE('',*,*,#2656,.F.);
#1705=ORIENTED_EDGE('',*,*,#2634,.T.);
#1706=ORIENTED_EDGE('',*,*,#2655,.T.);
#1707=ORIENTED_EDGE('',*,*,#2331,.F.);
#1708=ORIENTED_EDGE('',*,*,#2657,.F.);
#1709=ORIENTED_EDGE('',*,*,#2635,.T.);
#1710=ORIENTED_EDGE('',*,*,#2656,.T.);
#1711=ORIENTED_EDGE('',*,*,#2330,.F.);
#1712=ORIENTED_EDGE('',*,*,#2638,.F.);
#1713=ORIENTED_EDGE('',*,*,#2636,.T.);
#1714=ORIENTED_EDGE('',*,*,#2657,.T.);
#1715=ORIENTED_EDGE('',*,*,#2658,.F.);
#1716=ORIENTED_EDGE('',*,*,#2659,.F.);
#1717=ORIENTED_EDGE('',*,*,#2660,.F.);
#1718=ORIENTED_EDGE('',*,*,#2661,.F.);
#1719=ORIENTED_EDGE('',*,*,#2662,.F.);
#1720=ORIENTED_EDGE('',*,*,#2663,.F.);
#1721=ORIENTED_EDGE('',*,*,#2664,.F.);
#1722=ORIENTED_EDGE('',*,*,#2665,.F.);
#1723=ORIENTED_EDGE('',*,*,#2666,.F.);
#1724=ORIENTED_EDGE('',*,*,#2667,.F.);
#1725=ORIENTED_EDGE('',*,*,#2668,.F.);
#1726=ORIENTED_EDGE('',*,*,#2669,.F.);
#1727=ORIENTED_EDGE('',*,*,#2670,.F.);
#1728=ORIENTED_EDGE('',*,*,#2671,.F.);
#1729=ORIENTED_EDGE('',*,*,#2672,.F.);
#1730=ORIENTED_EDGE('',*,*,#2673,.F.);
#1731=ORIENTED_EDGE('',*,*,#2674,.F.);
#1732=ORIENTED_EDGE('',*,*,#2675,.F.);
#1733=ORIENTED_EDGE('',*,*,#2676,.F.);
#1734=ORIENTED_EDGE('',*,*,#2677,.F.);
#1735=ORIENTED_EDGE('',*,*,#2678,.F.);
#1736=ORIENTED_EDGE('',*,*,#2679,.F.);
#1737=ORIENTED_EDGE('',*,*,#2680,.F.);
#1738=ORIENTED_EDGE('',*,*,#2681,.F.);
#1739=ORIENTED_EDGE('',*,*,#2682,.F.);
#1740=ORIENTED_EDGE('',*,*,#2683,.F.);
#1741=ORIENTED_EDGE('',*,*,#2684,.T.);
#1742=ORIENTED_EDGE('',*,*,#2349,.F.);
#1743=ORIENTED_EDGE('',*,*,#2685,.F.);
#1744=ORIENTED_EDGE('',*,*,#2683,.T.);
#1745=ORIENTED_EDGE('',*,*,#2686,.T.);
#1746=ORIENTED_EDGE('',*,*,#2350,.F.);
#1747=ORIENTED_EDGE('',*,*,#2684,.F.);
#1748=ORIENTED_EDGE('',*,*,#2682,.T.);
#1749=ORIENTED_EDGE('',*,*,#2687,.T.);
#1750=ORIENTED_EDGE('',*,*,#2351,.F.);
#1751=ORIENTED_EDGE('',*,*,#2686,.F.);
#1752=ORIENTED_EDGE('',*,*,#2681,.T.);
#1753=ORIENTED_EDGE('',*,*,#2688,.T.);
#1754=ORIENTED_EDGE('',*,*,#2352,.F.);
#1755=ORIENTED_EDGE('',*,*,#2687,.F.);
#1756=ORIENTED_EDGE('',*,*,#2680,.T.);
#1757=ORIENTED_EDGE('',*,*,#2689,.T.);
#1758=ORIENTED_EDGE('',*,*,#2353,.F.);
#1759=ORIENTED_EDGE('',*,*,#2688,.F.);
#1760=ORIENTED_EDGE('',*,*,#2679,.T.);
#1761=ORIENTED_EDGE('',*,*,#2690,.T.);
#1762=ORIENTED_EDGE('',*,*,#2354,.F.);
#1763=ORIENTED_EDGE('',*,*,#2689,.F.);
#1764=ORIENTED_EDGE('',*,*,#2678,.T.);
#1765=ORIENTED_EDGE('',*,*,#2691,.T.);
#1766=ORIENTED_EDGE('',*,*,#2356,.F.);
#1767=ORIENTED_EDGE('',*,*,#2692,.F.);
#1768=ORIENTED_EDGE('',*,*,#2676,.T.);
#1769=ORIENTED_EDGE('',*,*,#2693,.T.);
#1770=ORIENTED_EDGE('',*,*,#2357,.F.);
#1771=ORIENTED_EDGE('',*,*,#2691,.F.);
#1772=ORIENTED_EDGE('',*,*,#2675,.T.);
#1773=ORIENTED_EDGE('',*,*,#2694,.T.);
#1774=ORIENTED_EDGE('',*,*,#2358,.F.);
#1775=ORIENTED_EDGE('',*,*,#2693,.F.);
#1776=ORIENTED_EDGE('',*,*,#2674,.T.);
#1777=ORIENTED_EDGE('',*,*,#2695,.T.);
#1778=ORIENTED_EDGE('',*,*,#2359,.F.);
#1779=ORIENTED_EDGE('',*,*,#2694,.F.);
#1780=ORIENTED_EDGE('',*,*,#2673,.T.);
#1781=ORIENTED_EDGE('',*,*,#2696,.T.);
#1782=ORIENTED_EDGE('',*,*,#2360,.F.);
#1783=ORIENTED_EDGE('',*,*,#2695,.F.);
#1784=ORIENTED_EDGE('',*,*,#2672,.T.);
#1785=ORIENTED_EDGE('',*,*,#2697,.T.);
#1786=ORIENTED_EDGE('',*,*,#2363,.F.);
#1787=ORIENTED_EDGE('',*,*,#2698,.F.);
#1788=ORIENTED_EDGE('',*,*,#2669,.T.);
#1789=ORIENTED_EDGE('',*,*,#2699,.T.);
#1790=ORIENTED_EDGE('',*,*,#2364,.F.);
#1791=ORIENTED_EDGE('',*,*,#2697,.F.);
#1792=ORIENTED_EDGE('',*,*,#2668,.T.);
#1793=ORIENTED_EDGE('',*,*,#2700,.T.);
#1794=ORIENTED_EDGE('',*,*,#2365,.F.);
#1795=ORIENTED_EDGE('',*,*,#2699,.F.);
#1796=ORIENTED_EDGE('',*,*,#2667,.T.);
#1797=ORIENTED_EDGE('',*,*,#2701,.T.);
#1798=ORIENTED_EDGE('',*,*,#2372,.F.);
#1799=ORIENTED_EDGE('',*,*,#2702,.F.);
#1800=ORIENTED_EDGE('',*,*,#2660,.T.);
#1801=ORIENTED_EDGE('',*,*,#2703,.T.);
#1802=ORIENTED_EDGE('',*,*,#2347,.F.);
#1803=ORIENTED_EDGE('',*,*,#2701,.F.);
#1804=ORIENTED_EDGE('',*,*,#2659,.T.);
#1805=ORIENTED_EDGE('',*,*,#2685,.T.);
#1806=ORIENTED_EDGE('',*,*,#2348,.F.);
#1807=ORIENTED_EDGE('',*,*,#2703,.F.);
#1808=ORIENTED_EDGE('',*,*,#2658,.T.);
#1809=ORIENTED_EDGE('',*,*,#2371,.F.);
#1810=ORIENTED_EDGE('',*,*,#2704,.F.);
#1811=ORIENTED_EDGE('',*,*,#2661,.T.);
#1812=ORIENTED_EDGE('',*,*,#2702,.T.);
#1813=ORIENTED_EDGE('',*,*,#2370,.F.);
#1814=ORIENTED_EDGE('',*,*,#2705,.F.);
#1815=ORIENTED_EDGE('',*,*,#2662,.T.);
#1816=ORIENTED_EDGE('',*,*,#2704,.T.);
#1817=ORIENTED_EDGE('',*,*,#2369,.F.);
#1818=ORIENTED_EDGE('',*,*,#2706,.F.);
#1819=ORIENTED_EDGE('',*,*,#2663,.T.);
#1820=ORIENTED_EDGE('',*,*,#2705,.T.);
#1821=ORIENTED_EDGE('',*,*,#2368,.F.);
#1822=ORIENTED_EDGE('',*,*,#2707,.F.);
#1823=ORIENTED_EDGE('',*,*,#2664,.T.);
#1824=ORIENTED_EDGE('',*,*,#2706,.T.);
#1825=ORIENTED_EDGE('',*,*,#2367,.F.);
#1826=ORIENTED_EDGE('',*,*,#2708,.F.);
#1827=ORIENTED_EDGE('',*,*,#2665,.T.);
#1828=ORIENTED_EDGE('',*,*,#2707,.T.);
#1829=ORIENTED_EDGE('',*,*,#2366,.F.);
#1830=ORIENTED_EDGE('',*,*,#2700,.F.);
#1831=ORIENTED_EDGE('',*,*,#2666,.T.);
#1832=ORIENTED_EDGE('',*,*,#2708,.T.);
#1833=ORIENTED_EDGE('',*,*,#2362,.F.);
#1834=ORIENTED_EDGE('',*,*,#2709,.F.);
#1835=ORIENTED_EDGE('',*,*,#2670,.T.);
#1836=ORIENTED_EDGE('',*,*,#2698,.T.);
#1837=ORIENTED_EDGE('',*,*,#2361,.F.);
#1838=ORIENTED_EDGE('',*,*,#2696,.F.);
#1839=ORIENTED_EDGE('',*,*,#2671,.T.);
#1840=ORIENTED_EDGE('',*,*,#2709,.T.);
#1841=ORIENTED_EDGE('',*,*,#2355,.F.);
#1842=ORIENTED_EDGE('',*,*,#2690,.F.);
#1843=ORIENTED_EDGE('',*,*,#2677,.T.);
#1844=ORIENTED_EDGE('',*,*,#2692,.T.);
#1845=ORIENTED_EDGE('',*,*,#2710,.F.);
#1846=ORIENTED_EDGE('',*,*,#2711,.F.);
#1847=ORIENTED_EDGE('',*,*,#2712,.F.);
#1848=ORIENTED_EDGE('',*,*,#2713,.F.);
#1849=ORIENTED_EDGE('',*,*,#2714,.F.);
#1850=ORIENTED_EDGE('',*,*,#2715,.F.);
#1851=ORIENTED_EDGE('',*,*,#2716,.F.);
#1852=ORIENTED_EDGE('',*,*,#2717,.F.);
#1853=ORIENTED_EDGE('',*,*,#2718,.F.);
#1854=ORIENTED_EDGE('',*,*,#2719,.F.);
#1855=ORIENTED_EDGE('',*,*,#2720,.F.);
#1856=ORIENTED_EDGE('',*,*,#2721,.F.);
#1857=ORIENTED_EDGE('',*,*,#2722,.F.);
#1858=ORIENTED_EDGE('',*,*,#2723,.F.);
#1859=ORIENTED_EDGE('',*,*,#2724,.F.);
#1860=ORIENTED_EDGE('',*,*,#2725,.F.);
#1861=ORIENTED_EDGE('',*,*,#2726,.F.);
#1862=ORIENTED_EDGE('',*,*,#2727,.F.);
#1863=ORIENTED_EDGE('',*,*,#2728,.T.);
#1864=ORIENTED_EDGE('',*,*,#2375,.F.);
#1865=ORIENTED_EDGE('',*,*,#2729,.F.);
#1866=ORIENTED_EDGE('',*,*,#2727,.T.);
#1867=ORIENTED_EDGE('',*,*,#2730,.T.);
#1868=ORIENTED_EDGE('',*,*,#2376,.F.);
#1869=ORIENTED_EDGE('',*,*,#2728,.F.);
#1870=ORIENTED_EDGE('',*,*,#2726,.T.);
#1871=ORIENTED_EDGE('',*,*,#2731,.T.);
#1872=ORIENTED_EDGE('',*,*,#2377,.F.);
#1873=ORIENTED_EDGE('',*,*,#2730,.F.);
#1874=ORIENTED_EDGE('',*,*,#2725,.T.);
#1875=ORIENTED_EDGE('',*,*,#2732,.T.);
#1876=ORIENTED_EDGE('',*,*,#2378,.F.);
#1877=ORIENTED_EDGE('',*,*,#2731,.F.);
#1878=ORIENTED_EDGE('',*,*,#2724,.T.);
#1879=ORIENTED_EDGE('',*,*,#2733,.T.);
#1880=ORIENTED_EDGE('',*,*,#2379,.F.);
#1881=ORIENTED_EDGE('',*,*,#2732,.F.);
#1882=ORIENTED_EDGE('',*,*,#2723,.T.);
#1883=ORIENTED_EDGE('',*,*,#2734,.T.);
#1884=ORIENTED_EDGE('',*,*,#2380,.F.);
#1885=ORIENTED_EDGE('',*,*,#2733,.F.);
#1886=ORIENTED_EDGE('',*,*,#2722,.T.);
#1887=ORIENTED_EDGE('',*,*,#2735,.T.);
#1888=ORIENTED_EDGE('',*,*,#2381,.F.);
#1889=ORIENTED_EDGE('',*,*,#2734,.F.);
#1890=ORIENTED_EDGE('',*,*,#2721,.T.);
#1891=ORIENTED_EDGE('',*,*,#2736,.T.);
#1892=ORIENTED_EDGE('',*,*,#2388,.F.);
#1893=ORIENTED_EDGE('',*,*,#2737,.F.);
#1894=ORIENTED_EDGE('',*,*,#2714,.T.);
#1895=ORIENTED_EDGE('',*,*,#2738,.T.);
#1896=ORIENTED_EDGE('',*,*,#2389,.F.);
#1897=ORIENTED_EDGE('',*,*,#2736,.F.);
#1898=ORIENTED_EDGE('',*,*,#2713,.T.);
#1899=ORIENTED_EDGE('',*,*,#2739,.T.);
#1900=ORIENTED_EDGE('',*,*,#2390,.F.);
#1901=ORIENTED_EDGE('',*,*,#2738,.F.);
#1902=ORIENTED_EDGE('',*,*,#2712,.T.);
#1903=ORIENTED_EDGE('',*,*,#2740,.T.);
#1904=ORIENTED_EDGE('',*,*,#2373,.F.);
#1905=ORIENTED_EDGE('',*,*,#2739,.F.);
#1906=ORIENTED_EDGE('',*,*,#2711,.T.);
#1907=ORIENTED_EDGE('',*,*,#2729,.T.);
#1908=ORIENTED_EDGE('',*,*,#2374,.F.);
#1909=ORIENTED_EDGE('',*,*,#2740,.F.);
#1910=ORIENTED_EDGE('',*,*,#2710,.T.);
#1911=ORIENTED_EDGE('',*,*,#2387,.F.);
#1912=ORIENTED_EDGE('',*,*,#2741,.F.);
#1913=ORIENTED_EDGE('',*,*,#2715,.T.);
#1914=ORIENTED_EDGE('',*,*,#2737,.T.);
#1915=ORIENTED_EDGE('',*,*,#2386,.F.);
#1916=ORIENTED_EDGE('',*,*,#2742,.F.);
#1917=ORIENTED_EDGE('',*,*,#2716,.T.);
#1918=ORIENTED_EDGE('',*,*,#2741,.T.);
#1919=ORIENTED_EDGE('',*,*,#2385,.F.);
#1920=ORIENTED_EDGE('',*,*,#2743,.F.);
#1921=ORIENTED_EDGE('',*,*,#2717,.T.);
#1922=ORIENTED_EDGE('',*,*,#2742,.T.);
#1923=ORIENTED_EDGE('',*,*,#2384,.F.);
#1924=ORIENTED_EDGE('',*,*,#2744,.F.);
#1925=ORIENTED_EDGE('',*,*,#2718,.T.);
#1926=ORIENTED_EDGE('',*,*,#2743,.T.);
#1927=ORIENTED_EDGE('',*,*,#2383,.F.);
#1928=ORIENTED_EDGE('',*,*,#2745,.F.);
#1929=ORIENTED_EDGE('',*,*,#2719,.T.);
#1930=ORIENTED_EDGE('',*,*,#2744,.T.);
#1931=ORIENTED_EDGE('',*,*,#2382,.F.);
#1932=ORIENTED_EDGE('',*,*,#2735,.F.);
#1933=ORIENTED_EDGE('',*,*,#2720,.T.);
#1934=ORIENTED_EDGE('',*,*,#2745,.T.);
#1935=ORIENTED_EDGE('',*,*,#2746,.F.);
#1936=ORIENTED_EDGE('',*,*,#2747,.F.);
#1937=ORIENTED_EDGE('',*,*,#2748,.F.);
#1938=ORIENTED_EDGE('',*,*,#2749,.F.);
#1939=ORIENTED_EDGE('',*,*,#2750,.F.);
#1940=ORIENTED_EDGE('',*,*,#2751,.F.);
#1941=ORIENTED_EDGE('',*,*,#2752,.F.);
#1942=ORIENTED_EDGE('',*,*,#2753,.F.);
#1943=ORIENTED_EDGE('',*,*,#2754,.F.);
#1944=ORIENTED_EDGE('',*,*,#2755,.F.);
#1945=ORIENTED_EDGE('',*,*,#2756,.F.);
#1946=ORIENTED_EDGE('',*,*,#2757,.F.);
#1947=ORIENTED_EDGE('',*,*,#2758,.F.);
#1948=ORIENTED_EDGE('',*,*,#2759,.F.);
#1949=ORIENTED_EDGE('',*,*,#2760,.F.);
#1950=ORIENTED_EDGE('',*,*,#2761,.F.);
#1951=ORIENTED_EDGE('',*,*,#2762,.F.);
#1952=ORIENTED_EDGE('',*,*,#2763,.F.);
#1953=ORIENTED_EDGE('',*,*,#2764,.F.);
#1954=ORIENTED_EDGE('',*,*,#2765,.F.);
#1955=ORIENTED_EDGE('',*,*,#2766,.F.);
#1956=ORIENTED_EDGE('',*,*,#2767,.F.);
#1957=ORIENTED_EDGE('',*,*,#2768,.F.);
#1958=ORIENTED_EDGE('',*,*,#2769,.F.);
#1959=ORIENTED_EDGE('',*,*,#2770,.F.);
#1960=ORIENTED_EDGE('',*,*,#2771,.F.);
#1961=ORIENTED_EDGE('',*,*,#2772,.T.);
#1962=ORIENTED_EDGE('',*,*,#2393,.F.);
#1963=ORIENTED_EDGE('',*,*,#2773,.F.);
#1964=ORIENTED_EDGE('',*,*,#2771,.T.);
#1965=ORIENTED_EDGE('',*,*,#2774,.T.);
#1966=ORIENTED_EDGE('',*,*,#2401,.F.);
#1967=ORIENTED_EDGE('',*,*,#2775,.F.);
#1968=ORIENTED_EDGE('',*,*,#2763,.T.);
#1969=ORIENTED_EDGE('',*,*,#2776,.T.);
#1970=ORIENTED_EDGE('',*,*,#2402,.F.);
#1971=ORIENTED_EDGE('',*,*,#2774,.F.);
#1972=ORIENTED_EDGE('',*,*,#2762,.T.);
#1973=ORIENTED_EDGE('',*,*,#2777,.T.);
#1974=ORIENTED_EDGE('',*,*,#2403,.F.);
#1975=ORIENTED_EDGE('',*,*,#2776,.F.);
#1976=ORIENTED_EDGE('',*,*,#2761,.T.);
#1977=ORIENTED_EDGE('',*,*,#2778,.T.);
#1978=ORIENTED_EDGE('',*,*,#2404,.F.);
#1979=ORIENTED_EDGE('',*,*,#2777,.F.);
#1980=ORIENTED_EDGE('',*,*,#2760,.T.);
#1981=ORIENTED_EDGE('',*,*,#2779,.T.);
#1982=ORIENTED_EDGE('',*,*,#2405,.F.);
#1983=ORIENTED_EDGE('',*,*,#2778,.F.);
#1984=ORIENTED_EDGE('',*,*,#2759,.T.);
#1985=ORIENTED_EDGE('',*,*,#2780,.T.);
#1986=ORIENTED_EDGE('',*,*,#2406,.F.);
#1987=ORIENTED_EDGE('',*,*,#2779,.F.);
#1988=ORIENTED_EDGE('',*,*,#2758,.T.);
#1989=ORIENTED_EDGE('',*,*,#2781,.T.);
#1990=ORIENTED_EDGE('',*,*,#2407,.F.);
#1991=ORIENTED_EDGE('',*,*,#2780,.F.);
#1992=ORIENTED_EDGE('',*,*,#2757,.T.);
#1993=ORIENTED_EDGE('',*,*,#2782,.T.);
#1994=ORIENTED_EDGE('',*,*,#2408,.F.);
#1995=ORIENTED_EDGE('',*,*,#2781,.F.);
#1996=ORIENTED_EDGE('',*,*,#2756,.T.);
#1997=ORIENTED_EDGE('',*,*,#2783,.T.);
#1998=ORIENTED_EDGE('',*,*,#2412,.F.);
#1999=ORIENTED_EDGE('',*,*,#2784,.F.);
#2000=ORIENTED_EDGE('',*,*,#2752,.T.);
#2001=ORIENTED_EDGE('',*,*,#2785,.T.);
#2002=ORIENTED_EDGE('',*,*,#2413,.F.);
#2003=ORIENTED_EDGE('',*,*,#2783,.F.);
#2004=ORIENTED_EDGE('',*,*,#2751,.T.);
#2005=ORIENTED_EDGE('',*,*,#2786,.T.);
#2006=ORIENTED_EDGE('',*,*,#2414,.F.);
#2007=ORIENTED_EDGE('',*,*,#2785,.F.);
#2008=ORIENTED_EDGE('',*,*,#2750,.T.);
#2009=ORIENTED_EDGE('',*,*,#2787,.T.);
#2010=ORIENTED_EDGE('',*,*,#2415,.F.);
#2011=ORIENTED_EDGE('',*,*,#2786,.F.);
#2012=ORIENTED_EDGE('',*,*,#2749,.T.);
#2013=ORIENTED_EDGE('',*,*,#2788,.T.);
#2014=ORIENTED_EDGE('',*,*,#2416,.F.);
#2015=ORIENTED_EDGE('',*,*,#2787,.F.);
#2016=ORIENTED_EDGE('',*,*,#2748,.T.);
#2017=ORIENTED_EDGE('',*,*,#2789,.T.);
#2018=ORIENTED_EDGE('',*,*,#2391,.F.);
#2019=ORIENTED_EDGE('',*,*,#2788,.F.);
#2020=ORIENTED_EDGE('',*,*,#2747,.T.);
#2021=ORIENTED_EDGE('',*,*,#2773,.T.);
#2022=ORIENTED_EDGE('',*,*,#2392,.F.);
#2023=ORIENTED_EDGE('',*,*,#2789,.F.);
#2024=ORIENTED_EDGE('',*,*,#2746,.T.);
#2025=ORIENTED_EDGE('',*,*,#2411,.F.);
#2026=ORIENTED_EDGE('',*,*,#2790,.F.);
#2027=ORIENTED_EDGE('',*,*,#2753,.T.);
#2028=ORIENTED_EDGE('',*,*,#2784,.T.);
#2029=ORIENTED_EDGE('',*,*,#2410,.F.);
#2030=ORIENTED_EDGE('',*,*,#2791,.F.);
#2031=ORIENTED_EDGE('',*,*,#2754,.T.);
#2032=ORIENTED_EDGE('',*,*,#2790,.T.);
#2033=ORIENTED_EDGE('',*,*,#2409,.F.);
#2034=ORIENTED_EDGE('',*,*,#2782,.F.);
#2035=ORIENTED_EDGE('',*,*,#2755,.T.);
#2036=ORIENTED_EDGE('',*,*,#2791,.T.);
#2037=ORIENTED_EDGE('',*,*,#2400,.F.);
#2038=ORIENTED_EDGE('',*,*,#2792,.F.);
#2039=ORIENTED_EDGE('',*,*,#2764,.T.);
#2040=ORIENTED_EDGE('',*,*,#2775,.T.);
#2041=ORIENTED_EDGE('',*,*,#2399,.F.);
#2042=ORIENTED_EDGE('',*,*,#2793,.F.);
#2043=ORIENTED_EDGE('',*,*,#2765,.T.);
#2044=ORIENTED_EDGE('',*,*,#2792,.T.);
#2045=ORIENTED_EDGE('',*,*,#2398,.F.);
#2046=ORIENTED_EDGE('',*,*,#2794,.F.);
#2047=ORIENTED_EDGE('',*,*,#2766,.T.);
#2048=ORIENTED_EDGE('',*,*,#2793,.T.);
#2049=ORIENTED_EDGE('',*,*,#2397,.F.);
#2050=ORIENTED_EDGE('',*,*,#2795,.F.);
#2051=ORIENTED_EDGE('',*,*,#2767,.T.);
#2052=ORIENTED_EDGE('',*,*,#2794,.T.);
#2053=ORIENTED_EDGE('',*,*,#2396,.F.);
#2054=ORIENTED_EDGE('',*,*,#2796,.F.);
#2055=ORIENTED_EDGE('',*,*,#2768,.T.);
#2056=ORIENTED_EDGE('',*,*,#2795,.T.);
#2057=ORIENTED_EDGE('',*,*,#2395,.F.);
#2058=ORIENTED_EDGE('',*,*,#2797,.F.);
#2059=ORIENTED_EDGE('',*,*,#2769,.T.);
#2060=ORIENTED_EDGE('',*,*,#2796,.T.);
#2061=ORIENTED_EDGE('',*,*,#2394,.F.);
#2062=ORIENTED_EDGE('',*,*,#2772,.F.);
#2063=ORIENTED_EDGE('',*,*,#2770,.T.);
#2064=ORIENTED_EDGE('',*,*,#2797,.T.);
#2065=ORIENTED_EDGE('',*,*,#2798,.F.);
#2066=ORIENTED_EDGE('',*,*,#2799,.F.);
#2067=ORIENTED_EDGE('',*,*,#2800,.F.);
#2068=ORIENTED_EDGE('',*,*,#2801,.F.);
#2069=ORIENTED_EDGE('',*,*,#2802,.F.);
#2070=ORIENTED_EDGE('',*,*,#2803,.F.);
#2071=ORIENTED_EDGE('',*,*,#2804,.F.);
#2072=ORIENTED_EDGE('',*,*,#2805,.F.);
#2073=ORIENTED_EDGE('',*,*,#2806,.F.);
#2074=ORIENTED_EDGE('',*,*,#2807,.F.);
#2075=ORIENTED_EDGE('',*,*,#2808,.F.);
#2076=ORIENTED_EDGE('',*,*,#2809,.F.);
#2077=ORIENTED_EDGE('',*,*,#2810,.F.);
#2078=ORIENTED_EDGE('',*,*,#2811,.F.);
#2079=ORIENTED_EDGE('',*,*,#2812,.F.);
#2080=ORIENTED_EDGE('',*,*,#2813,.F.);
#2081=ORIENTED_EDGE('',*,*,#2814,.T.);
#2082=ORIENTED_EDGE('',*,*,#2419,.F.);
#2083=ORIENTED_EDGE('',*,*,#2815,.F.);
#2084=ORIENTED_EDGE('',*,*,#2813,.T.);
#2085=ORIENTED_EDGE('',*,*,#2816,.T.);
#2086=ORIENTED_EDGE('',*,*,#2420,.F.);
#2087=ORIENTED_EDGE('',*,*,#2814,.F.);
#2088=ORIENTED_EDGE('',*,*,#2812,.T.);
#2089=ORIENTED_EDGE('',*,*,#2817,.T.);
#2090=ORIENTED_EDGE('',*,*,#2421,.F.);
#2091=ORIENTED_EDGE('',*,*,#2816,.F.);
#2092=ORIENTED_EDGE('',*,*,#2811,.T.);
#2093=ORIENTED_EDGE('',*,*,#2818,.T.);
#2094=ORIENTED_EDGE('',*,*,#2422,.F.);
#2095=ORIENTED_EDGE('',*,*,#2817,.F.);
#2096=ORIENTED_EDGE('',*,*,#2810,.T.);
#2097=ORIENTED_EDGE('',*,*,#2819,.T.);
#2098=ORIENTED_EDGE('',*,*,#2423,.F.);
#2099=ORIENTED_EDGE('',*,*,#2818,.F.);
#2100=ORIENTED_EDGE('',*,*,#2809,.T.);
#2101=ORIENTED_EDGE('',*,*,#2820,.T.);
#2102=ORIENTED_EDGE('',*,*,#2424,.F.);
#2103=ORIENTED_EDGE('',*,*,#2819,.F.);
#2104=ORIENTED_EDGE('',*,*,#2808,.T.);
#2105=ORIENTED_EDGE('',*,*,#2821,.T.);
#2106=ORIENTED_EDGE('',*,*,#2431,.F.);
#2107=ORIENTED_EDGE('',*,*,#2822,.F.);
#2108=ORIENTED_EDGE('',*,*,#2801,.T.);
#2109=ORIENTED_EDGE('',*,*,#2823,.T.);
#2110=ORIENTED_EDGE('',*,*,#2432,.F.);
#2111=ORIENTED_EDGE('',*,*,#2821,.F.);
#2112=ORIENTED_EDGE('',*,*,#2800,.T.);
#2113=ORIENTED_EDGE('',*,*,#2824,.T.);
#2114=ORIENTED_EDGE('',*,*,#2417,.F.);
#2115=ORIENTED_EDGE('',*,*,#2823,.F.);
#2116=ORIENTED_EDGE('',*,*,#2799,.T.);
#2117=ORIENTED_EDGE('',*,*,#2815,.T.);
#2118=ORIENTED_EDGE('',*,*,#2418,.F.);
#2119=ORIENTED_EDGE('',*,*,#2824,.F.);
#2120=ORIENTED_EDGE('',*,*,#2798,.T.);
#2121=ORIENTED_EDGE('',*,*,#2430,.F.);
#2122=ORIENTED_EDGE('',*,*,#2825,.F.);
#2123=ORIENTED_EDGE('',*,*,#2802,.T.);
#2124=ORIENTED_EDGE('',*,*,#2822,.T.);
#2125=ORIENTED_EDGE('',*,*,#2429,.F.);
#2126=ORIENTED_EDGE('',*,*,#2826,.F.);
#2127=ORIENTED_EDGE('',*,*,#2803,.T.);
#2128=ORIENTED_EDGE('',*,*,#2825,.T.);
#2129=ORIENTED_EDGE('',*,*,#2428,.F.);
#2130=ORIENTED_EDGE('',*,*,#2827,.F.);
#2131=ORIENTED_EDGE('',*,*,#2804,.T.);
#2132=ORIENTED_EDGE('',*,*,#2826,.T.);
#2133=ORIENTED_EDGE('',*,*,#2427,.F.);
#2134=ORIENTED_EDGE('',*,*,#2828,.F.);
#2135=ORIENTED_EDGE('',*,*,#2805,.T.);
#2136=ORIENTED_EDGE('',*,*,#2827,.T.);
#2137=ORIENTED_EDGE('',*,*,#2426,.F.);
#2138=ORIENTED_EDGE('',*,*,#2829,.F.);
#2139=ORIENTED_EDGE('',*,*,#2806,.T.);
#2140=ORIENTED_EDGE('',*,*,#2828,.T.);
#2141=ORIENTED_EDGE('',*,*,#2425,.F.);
#2142=ORIENTED_EDGE('',*,*,#2820,.F.);
#2143=ORIENTED_EDGE('',*,*,#2807,.T.);
#2144=ORIENTED_EDGE('',*,*,#2829,.T.);
#2145=ORIENTED_EDGE('',*,*,#2830,.F.);
#2146=ORIENTED_EDGE('',*,*,#2831,.F.);
#2147=ORIENTED_EDGE('',*,*,#2832,.F.);
#2148=ORIENTED_EDGE('',*,*,#2833,.F.);
#2149=ORIENTED_EDGE('',*,*,#2834,.F.);
#2150=ORIENTED_EDGE('',*,*,#2835,.F.);
#2151=ORIENTED_EDGE('',*,*,#2836,.F.);
#2152=ORIENTED_EDGE('',*,*,#2837,.F.);
#2153=ORIENTED_EDGE('',*,*,#2838,.F.);
#2154=ORIENTED_EDGE('',*,*,#2839,.F.);
#2155=ORIENTED_EDGE('',*,*,#2840,.F.);
#2156=ORIENTED_EDGE('',*,*,#2841,.F.);
#2157=ORIENTED_EDGE('',*,*,#2842,.F.);
#2158=ORIENTED_EDGE('',*,*,#2843,.F.);
#2159=ORIENTED_EDGE('',*,*,#2844,.F.);
#2160=ORIENTED_EDGE('',*,*,#2845,.F.);
#2161=ORIENTED_EDGE('',*,*,#2846,.F.);
#2162=ORIENTED_EDGE('',*,*,#2847,.F.);
#2163=ORIENTED_EDGE('',*,*,#2848,.F.);
#2164=ORIENTED_EDGE('',*,*,#2849,.T.);
#2165=ORIENTED_EDGE('',*,*,#2435,.F.);
#2166=ORIENTED_EDGE('',*,*,#2850,.F.);
#2167=ORIENTED_EDGE('',*,*,#2848,.T.);
#2168=ORIENTED_EDGE('',*,*,#2851,.T.);
#2169=ORIENTED_EDGE('',*,*,#2436,.F.);
#2170=ORIENTED_EDGE('',*,*,#2849,.F.);
#2171=ORIENTED_EDGE('',*,*,#2847,.T.);
#2172=ORIENTED_EDGE('',*,*,#2852,.T.);
#2173=ORIENTED_EDGE('',*,*,#2437,.F.);
#2174=ORIENTED_EDGE('',*,*,#2851,.F.);
#2175=ORIENTED_EDGE('',*,*,#2846,.T.);
#2176=ORIENTED_EDGE('',*,*,#2853,.T.);
#2177=ORIENTED_EDGE('',*,*,#2438,.F.);
#2178=ORIENTED_EDGE('',*,*,#2852,.F.);
#2179=ORIENTED_EDGE('',*,*,#2845,.T.);
#2180=ORIENTED_EDGE('',*,*,#2854,.T.);
#2181=ORIENTED_EDGE('',*,*,#2439,.F.);
#2182=ORIENTED_EDGE('',*,*,#2853,.F.);
#2183=ORIENTED_EDGE('',*,*,#2844,.T.);
#2184=ORIENTED_EDGE('',*,*,#2855,.T.);
#2185=ORIENTED_EDGE('',*,*,#2440,.F.);
#2186=ORIENTED_EDGE('',*,*,#2854,.F.);
#2187=ORIENTED_EDGE('',*,*,#2843,.T.);
#2188=ORIENTED_EDGE('',*,*,#2856,.T.);
#2189=ORIENTED_EDGE('',*,*,#2441,.F.);
#2190=ORIENTED_EDGE('',*,*,#2855,.F.);
#2191=ORIENTED_EDGE('',*,*,#2842,.T.);
#2192=ORIENTED_EDGE('',*,*,#2857,.T.);
#2193=ORIENTED_EDGE('',*,*,#2446,.F.);
#2194=ORIENTED_EDGE('',*,*,#2858,.F.);
#2195=ORIENTED_EDGE('',*,*,#2837,.T.);
#2196=ORIENTED_EDGE('',*,*,#2859,.T.);
#2197=ORIENTED_EDGE('',*,*,#2447,.F.);
#2198=ORIENTED_EDGE('',*,*,#2857,.F.);
#2199=ORIENTED_EDGE('',*,*,#2836,.T.);
#2200=ORIENTED_EDGE('',*,*,#2860,.T.);
#2201=ORIENTED_EDGE('',*,*,#2448,.F.);
#2202=ORIENTED_EDGE('',*,*,#2859,.F.);
#2203=ORIENTED_EDGE('',*,*,#2835,.T.);
#2204=ORIENTED_EDGE('',*,*,#2861,.T.);
#2205=ORIENTED_EDGE('',*,*,#2449,.F.);
#2206=ORIENTED_EDGE('',*,*,#2860,.F.);
#2207=ORIENTED_EDGE('',*,*,#2834,.T.);
#2208=ORIENTED_EDGE('',*,*,#2862,.T.);
#2209=ORIENTED_EDGE('',*,*,#2433,.F.);
#2210=ORIENTED_EDGE('',*,*,#2863,.F.);
#2211=ORIENTED_EDGE('',*,*,#2831,.T.);
#2212=ORIENTED_EDGE('',*,*,#2850,.T.);
#2213=ORIENTED_EDGE('',*,*,#2434,.F.);
#2214=ORIENTED_EDGE('',*,*,#2862,.F.);
#2215=ORIENTED_EDGE('',*,*,#2830,.T.);
#2216=ORIENTED_EDGE('',*,*,#2451,.F.);
#2217=ORIENTED_EDGE('',*,*,#2864,.F.);
#2218=ORIENTED_EDGE('',*,*,#2832,.T.);
#2219=ORIENTED_EDGE('',*,*,#2863,.T.);
#2220=ORIENTED_EDGE('',*,*,#2450,.F.);
#2221=ORIENTED_EDGE('',*,*,#2861,.F.);
#2222=ORIENTED_EDGE('',*,*,#2833,.T.);
#2223=ORIENTED_EDGE('',*,*,#2864,.T.);
#2224=ORIENTED_EDGE('',*,*,#2445,.F.);
#2225=ORIENTED_EDGE('',*,*,#2865,.F.);
#2226=ORIENTED_EDGE('',*,*,#2838,.T.);
#2227=ORIENTED_EDGE('',*,*,#2858,.T.);
#2228=ORIENTED_EDGE('',*,*,#2444,.F.);
#2229=ORIENTED_EDGE('',*,*,#2866,.F.);
#2230=ORIENTED_EDGE('',*,*,#2839,.T.);
#2231=ORIENTED_EDGE('',*,*,#2865,.T.);
#2232=ORIENTED_EDGE('',*,*,#2443,.F.);
#2233=ORIENTED_EDGE('',*,*,#2867,.F.);
#2234=ORIENTED_EDGE('',*,*,#2840,.T.);
#2235=ORIENTED_EDGE('',*,*,#2866,.T.);
#2236=ORIENTED_EDGE('',*,*,#2442,.F.);
#2237=ORIENTED_EDGE('',*,*,#2856,.F.);
#2238=ORIENTED_EDGE('',*,*,#2841,.T.);
#2239=ORIENTED_EDGE('',*,*,#2867,.T.);
#2240=EDGE_CURVE('',#2868,#2868,#3288,.T.);
#2241=EDGE_CURVE('',#2869,#2869,#3289,.T.);
#2242=EDGE_CURVE('',#2870,#2870,#921,.T.);
#2243=EDGE_CURVE('',#2871,#2871,#922,.T.);
#2244=EDGE_CURVE('',#2872,#2873,#12,.T.);
#2245=EDGE_CURVE('',#2873,#2874,#13,.T.);
#2246=EDGE_CURVE('',#2874,#2875,#3290,.T.);
#2247=EDGE_CURVE('',#2875,#2876,#923,.T.);
#2248=EDGE_CURVE('',#2876,#2877,#3291,.T.);
#2249=EDGE_CURVE('',#2877,#2878,#924,.T.);
#2250=EDGE_CURVE('',#2878,#2879,#14,.T.);
#2251=EDGE_CURVE('',#2879,#2880,#15,.T.);
#2252=EDGE_CURVE('',#2880,#2881,#16,.T.);
#2253=EDGE_CURVE('',#2881,#2882,#925,.F.);
#2254=EDGE_CURVE('',#2882,#2883,#3292,.T.);
#2255=EDGE_CURVE('',#2883,#2884,#926,.F.);
#2256=EDGE_CURVE('',#2884,#2885,#3293,.T.);
#2257=EDGE_CURVE('',#2885,#2872,#17,.T.);
#2258=EDGE_CURVE('',#2886,#2887,#18,.T.);
#2259=EDGE_CURVE('',#2887,#2888,#19,.T.);
#2260=EDGE_CURVE('',#2888,#2889,#3294,.T.);
#2261=EDGE_CURVE('',#2889,#2890,#3295,.T.);
#2262=EDGE_CURVE('',#2890,#2891,#3296,.T.);
#2263=EDGE_CURVE('',#2891,#2892,#20,.T.);
#2264=EDGE_CURVE('',#2892,#2893,#21,.T.);
#2265=EDGE_CURVE('',#2893,#2894,#22,.T.);
#2266=EDGE_CURVE('',#2894,#2895,#927,.F.);
#2267=EDGE_CURVE('',#2895,#2896,#3297,.T.);
#2268=EDGE_CURVE('',#2896,#2897,#928,.F.);
#2269=EDGE_CURVE('',#2897,#2898,#3298,.T.);
#2270=EDGE_CURVE('',#2898,#2899,#3299,.T.);
#2271=EDGE_CURVE('',#2899,#2900,#23,.T.);
#2272=EDGE_CURVE('',#2900,#2901,#24,.T.);
#2273=EDGE_CURVE('',#2901,#2886,#25,.T.);
#2274=EDGE_CURVE('',#2902,#2903,#3300,.T.);
#2275=EDGE_CURVE('',#2903,#2904,#26,.T.);
#2276=EDGE_CURVE('',#2904,#2905,#3301,.T.);
#2277=EDGE_CURVE('',#2905,#2906,#3302,.T.);
#2278=EDGE_CURVE('',#2906,#2907,#3303,.T.);
#2279=EDGE_CURVE('',#2907,#2908,#3304,.T.);
#2280=EDGE_CURVE('',#2908,#2909,#27,.T.);
#2281=EDGE_CURVE('',#2909,#2910,#28,.T.);
#2282=EDGE_CURVE('',#2910,#2911,#3305,.T.);
#2283=EDGE_CURVE('',#2911,#2912,#29,.T.);
#2284=EDGE_CURVE('',#2912,#2913,#30,.T.);
#2285=EDGE_CURVE('',#2913,#2914,#31,.T.);
#2286=EDGE_CURVE('',#2914,#2915,#3306,.T.);
#2287=EDGE_CURVE('',#2915,#2916,#3307,.T.);
#2288=EDGE_CURVE('',#2916,#2917,#32,.T.);
#2289=EDGE_CURVE('',#2917,#2918,#33,.T.);
#2290=EDGE_CURVE('',#2918,#2919,#3308,.T.);
#2291=EDGE_CURVE('',#2919,#2920,#3309,.T.);
#2292=EDGE_CURVE('',#2920,#2921,#3310,.T.);
#2293=EDGE_CURVE('',#2921,#2902,#3311,.T.);
#2294=EDGE_CURVE('',#2922,#2923,#34,.T.);
#2295=EDGE_CURVE('',#2923,#2924,#35,.T.);
#2296=EDGE_CURVE('',#2924,#2925,#36,.T.);
#2297=EDGE_CURVE('',#2925,#2926,#3312,.T.);
#2298=EDGE_CURVE('',#2926,#2927,#3313,.T.);
#2299=EDGE_CURVE('',#2927,#2928,#3314,.T.);
#2300=EDGE_CURVE('',#2928,#2929,#37,.T.);
#2301=EDGE_CURVE('',#2929,#2930,#38,.T.);
#2302=EDGE_CURVE('',#2930,#2931,#39,.T.);
#2303=EDGE_CURVE('',#2931,#2932,#929,.F.);
#2304=EDGE_CURVE('',#2932,#2933,#3315,.T.);
#2305=EDGE_CURVE('',#2933,#2934,#930,.F.);
#2306=EDGE_CURVE('',#2934,#2935,#3316,.T.);
#2307=EDGE_CURVE('',#2935,#2936,#3317,.T.);
#2308=EDGE_CURVE('',#2936,#2937,#40,.T.);
#2309=EDGE_CURVE('',#2937,#2938,#41,.T.);
#2310=EDGE_CURVE('',#2938,#2939,#42,.T.);
#2311=EDGE_CURVE('',#2939,#2922,#43,.T.);
#2312=EDGE_CURVE('',#2940,#2941,#44,.T.);
#2313=EDGE_CURVE('',#2941,#2942,#45,.T.);
#2314=EDGE_CURVE('',#2942,#2943,#46,.T.);
#2315=EDGE_CURVE('',#2943,#2944,#47,.T.);
#2316=EDGE_CURVE('',#2944,#2945,#48,.T.);
#2317=EDGE_CURVE('',#2945,#2946,#49,.T.);
#2318=EDGE_CURVE('',#2946,#2947,#50,.T.);
#2319=EDGE_CURVE('',#2947,#2948,#3318,.T.);
#2320=EDGE_CURVE('',#2948,#2949,#3319,.T.);
#2321=EDGE_CURVE('',#2949,#2950,#931,.F.);
#2322=EDGE_CURVE('',#2950,#2951,#932,.F.);
#2323=EDGE_CURVE('',#2951,#2952,#51,.T.);
#2324=EDGE_CURVE('',#2952,#2953,#3320,.T.);
#2325=EDGE_CURVE('',#2953,#2954,#3321,.T.);
#2326=EDGE_CURVE('',#2954,#2940,#52,.T.);
#2327=EDGE_CURVE('',#2955,#2956,#3322,.T.);
#2328=EDGE_CURVE('',#2956,#2957,#53,.T.);
#2329=EDGE_CURVE('',#2957,#2958,#3323,.T.);
#2330=EDGE_CURVE('',#2958,#2959,#3324,.T.);
#2331=EDGE_CURVE('',#2959,#2960,#3325,.T.);
#2332=EDGE_CURVE('',#2960,#2961,#3326,.T.);
#2333=EDGE_CURVE('',#2961,#2962,#54,.T.);
#2334=EDGE_CURVE('',#2962,#2963,#55,.T.);
#2335=EDGE_CURVE('',#2963,#2964,#3327,.T.);
#2336=EDGE_CURVE('',#2964,#2965,#56,.T.);
#2337=EDGE_CURVE('',#2965,#2966,#57,.T.);
#2338=EDGE_CURVE('',#2966,#2967,#58,.T.);
#2339=EDGE_CURVE('',#2967,#2968,#3328,.T.);
#2340=EDGE_CURVE('',#2968,#2969,#3329,.T.);
#2341=EDGE_CURVE('',#2969,#2970,#59,.T.);
#2342=EDGE_CURVE('',#2970,#2971,#60,.T.);
#2343=EDGE_CURVE('',#2971,#2972,#3330,.T.);
#2344=EDGE_CURVE('',#2972,#2973,#3331,.T.);
#2345=EDGE_CURVE('',#2973,#2974,#3332,.T.);
#2346=EDGE_CURVE('',#2974,#2955,#3333,.T.);
#2347=EDGE_CURVE('',#2975,#2976,#61,.T.);
#2348=EDGE_CURVE('',#2976,#2977,#62,.T.);
#2349=EDGE_CURVE('',#2977,#2978,#3334,.T.);
#2350=EDGE_CURVE('',#2978,#2979,#3335,.T.);
#2351=EDGE_CURVE('',#2979,#2980,#3336,.T.);
#2352=EDGE_CURVE('',#2980,#2981,#3337,.T.);
#2353=EDGE_CURVE('',#2981,#2982,#3338,.T.);
#2354=EDGE_CURVE('',#2982,#2983,#3339,.T.);
#2355=EDGE_CURVE('',#2983,#2984,#63,.T.);
#2356=EDGE_CURVE('',#2984,#2985,#3340,.T.);
#2357=EDGE_CURVE('',#2985,#2986,#3341,.T.);
#2358=EDGE_CURVE('',#2986,#2987,#64,.T.);
#2359=EDGE_CURVE('',#2987,#2988,#65,.T.);
#2360=EDGE_CURVE('',#2988,#2989,#66,.T.);
#2361=EDGE_CURVE('',#2989,#2990,#3342,.T.);
#2362=EDGE_CURVE('',#2990,#2991,#3343,.T.);
#2363=EDGE_CURVE('',#2991,#2992,#67,.T.);
#2364=EDGE_CURVE('',#2992,#2993,#68,.T.);
#2365=EDGE_CURVE('',#2993,#2994,#69,.T.);
#2366=EDGE_CURVE('',#2994,#2995,#3344,.T.);
#2367=EDGE_CURVE('',#2995,#2996,#3345,.T.);
#2368=EDGE_CURVE('',#2996,#2997,#3346,.T.);
#2369=EDGE_CURVE('',#2997,#2998,#3347,.T.);
#2370=EDGE_CURVE('',#2998,#2999,#3348,.T.);
#2371=EDGE_CURVE('',#2999,#3000,#3349,.T.);
#2372=EDGE_CURVE('',#3000,#2975,#70,.T.);
#2373=EDGE_CURVE('',#3001,#3002,#71,.T.);
#2374=EDGE_CURVE('',#3002,#3003,#72,.T.);
#2375=EDGE_CURVE('',#3003,#3004,#73,.T.);
#2376=EDGE_CURVE('',#3004,#3005,#3350,.T.);
#2377=EDGE_CURVE('',#3005,#3006,#3351,.T.);
#2378=EDGE_CURVE('',#3006,#3007,#3352,.T.);
#2379=EDGE_CURVE('',#3007,#3008,#74,.T.);
#2380=EDGE_CURVE('',#3008,#3009,#75,.T.);
#2381=EDGE_CURVE('',#3009,#3010,#76,.T.);
#2382=EDGE_CURVE('',#3010,#3011,#933,.F.);
#2383=EDGE_CURVE('',#3011,#3012,#3353,.T.);
#2384=EDGE_CURVE('',#3012,#3013,#934,.F.);
#2385=EDGE_CURVE('',#3013,#3014,#3354,.T.);
#2386=EDGE_CURVE('',#3014,#3015,#3355,.T.);
#2387=EDGE_CURVE('',#3015,#3016,#77,.T.);
#2388=EDGE_CURVE('',#3016,#3017,#78,.T.);
#2389=EDGE_CURVE('',#3017,#3018,#79,.T.);
#2390=EDGE_CURVE('',#3018,#3001,#80,.T.);
#2391=EDGE_CURVE('',#3019,#3020,#81,.T.);
#2392=EDGE_CURVE('',#3020,#3021,#82,.T.);
#2393=EDGE_CURVE('',#3021,#3022,#83,.T.);
#2394=EDGE_CURVE('',#3022,#3023,#3356,.T.);
#2395=EDGE_CURVE('',#3023,#3024,#3357,.T.);
#2396=EDGE_CURVE('',#3024,#3025,#935,.F.);
#2397=EDGE_CURVE('',#3025,#3026,#936,.F.);
#2398=EDGE_CURVE('',#3026,#3027,#3358,.T.);
#2399=EDGE_CURVE('',#3027,#3028,#937,.F.);
#2400=EDGE_CURVE('',#3028,#3029,#84,.T.);
#2401=EDGE_CURVE('',#3029,#3030,#3359,.T.);
#2402=EDGE_CURVE('',#3030,#3031,#3360,.T.);
#2403=EDGE_CURVE('',#3031,#3032,#3361,.T.);
#2404=EDGE_CURVE('',#3032,#3033,#938,.T.);
#2405=EDGE_CURVE('',#3033,#3034,#3362,.T.);
#2406=EDGE_CURVE('',#3034,#3035,#85,.T.);
#2407=EDGE_CURVE('',#3035,#3036,#86,.T.);
#2408=EDGE_CURVE('',#3036,#3037,#87,.T.);
#2409=EDGE_CURVE('',#3037,#3038,#3363,.T.);
#2410=EDGE_CURVE('',#3038,#3039,#3364,.T.);
#2411=EDGE_CURVE('',#3039,#3040,#3365,.T.);
#2412=EDGE_CURVE('',#3040,#3041,#939,.T.);
#2413=EDGE_CURVE('',#3041,#3042,#940,.T.);
#2414=EDGE_CURVE('',#3042,#3043,#3366,.T.);
#2415=EDGE_CURVE('',#3043,#3044,#3367,.T.);
#2416=EDGE_CURVE('',#3044,#3019,#3368,.T.);
#2417=EDGE_CURVE('',#3045,#3046,#88,.T.);
#2418=EDGE_CURVE('',#3046,#3047,#89,.T.);
#2419=EDGE_CURVE('',#3047,#3048,#3369,.T.);
#2420=EDGE_CURVE('',#3048,#3049,#3370,.T.);
#2421=EDGE_CURVE('',#3049,#3050,#3371,.T.);
#2422=EDGE_CURVE('',#3050,#3051,#90,.T.);
#2423=EDGE_CURVE('',#3051,#3052,#91,.T.);
#2424=EDGE_CURVE('',#3052,#3053,#92,.T.);
#2425=EDGE_CURVE('',#3053,#3054,#941,.F.);
#2426=EDGE_CURVE('',#3054,#3055,#3372,.T.);
#2427=EDGE_CURVE('',#3055,#3056,#942,.F.);
#2428=EDGE_CURVE('',#3056,#3057,#3373,.T.);
#2429=EDGE_CURVE('',#3057,#3058,#3374,.T.);
#2430=EDGE_CURVE('',#3058,#3059,#93,.T.);
#2431=EDGE_CURVE('',#3059,#3060,#94,.T.);
#2432=EDGE_CURVE('',#3060,#3045,#95,.T.);
#2433=EDGE_CURVE('',#3061,#3062,#96,.T.);
#2434=EDGE_CURVE('',#3062,#3063,#97,.T.);
#2435=EDGE_CURVE('',#3063,#3064,#98,.T.);
#2436=EDGE_CURVE('',#3064,#3065,#3375,.T.);
#2437=EDGE_CURVE('',#3065,#3066,#3376,.T.);
#2438=EDGE_CURVE('',#3066,#3067,#99,.T.);
#2439=EDGE_CURVE('',#3067,#3068,#100,.T.);
#2440=EDGE_CURVE('',#3068,#3069,#101,.T.);
#2441=EDGE_CURVE('',#3069,#3070,#102,.T.);
#2442=EDGE_CURVE('',#3070,#3071,#103,.T.);
#2443=EDGE_CURVE('',#3071,#3072,#3377,.T.);
#2444=EDGE_CURVE('',#3072,#3073,#3378,.T.);
#2445=EDGE_CURVE('',#3073,#3074,#104,.T.);
#2446=EDGE_CURVE('',#3074,#3075,#3379,.T.);
#2447=EDGE_CURVE('',#3075,#3076,#105,.T.);
#2448=EDGE_CURVE('',#3076,#3077,#106,.T.);
#2449=EDGE_CURVE('',#3077,#3078,#107,.T.);
#2450=EDGE_CURVE('',#3078,#3079,#3380,.T.);
#2451=EDGE_CURVE('',#3079,#3061,#3381,.T.);
#2452=EDGE_CURVE('',#3080,#3081,#108,.T.);
#2453=EDGE_CURVE('',#3082,#3080,#109,.T.);
#2454=EDGE_CURVE('',#3083,#3082,#110,.T.);
#2455=EDGE_CURVE('',#3084,#3083,#3382,.T.);
#2456=EDGE_CURVE('',#3085,#3084,#943,.F.);
#2457=EDGE_CURVE('',#3086,#3085,#3383,.T.);
#2458=EDGE_CURVE('',#3087,#3086,#944,.F.);
#2459=EDGE_CURVE('',#3088,#3087,#111,.T.);
#2460=EDGE_CURVE('',#3089,#3088,#112,.T.);
#2461=EDGE_CURVE('',#3090,#3089,#113,.T.);
#2462=EDGE_CURVE('',#3091,#3090,#945,.T.);
#2463=EDGE_CURVE('',#3092,#3091,#3384,.T.);
#2464=EDGE_CURVE('',#3093,#3092,#946,.T.);
#2465=EDGE_CURVE('',#3081,#3093,#3385,.T.);
#2466=EDGE_CURVE('',#3093,#2875,#114,.T.);
#2467=EDGE_CURVE('',#3081,#2874,#115,.T.);
#2468=EDGE_CURVE('',#3092,#2876,#116,.T.);
#2469=EDGE_CURVE('',#3091,#2877,#117,.T.);
#2470=EDGE_CURVE('',#3090,#2878,#118,.T.);
#2471=EDGE_CURVE('',#3089,#2879,#119,.T.);
#2472=EDGE_CURVE('',#3088,#2880,#120,.T.);
#2473=EDGE_CURVE('',#3087,#2881,#121,.T.);
#2474=EDGE_CURVE('',#3082,#2872,#122,.T.);
#2475=EDGE_CURVE('',#3083,#2885,#123,.T.);
#2476=EDGE_CURVE('',#3080,#2873,#124,.T.);
#2477=EDGE_CURVE('',#3084,#2884,#125,.T.);
#2478=EDGE_CURVE('',#3085,#2883,#126,.T.);
#2479=EDGE_CURVE('',#3086,#2882,#127,.T.);
#2480=EDGE_CURVE('',#3094,#3095,#128,.T.);
#2481=EDGE_CURVE('',#3096,#3094,#129,.T.);
#2482=EDGE_CURVE('',#3097,#3096,#130,.T.);
#2483=EDGE_CURVE('',#3098,#3097,#131,.T.);
#2484=EDGE_CURVE('',#3099,#3098,#132,.T.);
#2485=EDGE_CURVE('',#3100,#3099,#3386,.T.);
#2486=EDGE_CURVE('',#3101,#3100,#3387,.T.);
#2487=EDGE_CURVE('',#3102,#3101,#947,.F.);
#2488=EDGE_CURVE('',#3103,#3102,#3388,.T.);
#2489=EDGE_CURVE('',#3104,#3103,#948,.F.);
#2490=EDGE_CURVE('',#3105,#3104,#133,.T.);
#2491=EDGE_CURVE('',#3106,#3105,#134,.T.);
#2492=EDGE_CURVE('',#3107,#3106,#135,.T.);
#2493=EDGE_CURVE('',#3108,#3107,#3389,.T.);
#2494=EDGE_CURVE('',#3109,#3108,#3390,.T.);
#2495=EDGE_CURVE('',#3095,#3109,#3391,.T.);
#2496=EDGE_CURVE('',#3109,#2889,#136,.T.);
#2497=EDGE_CURVE('',#3095,#2888,#137,.T.);
#2498=EDGE_CURVE('',#3108,#2890,#138,.T.);
#2499=EDGE_CURVE('',#3107,#2891,#139,.T.);
#2500=EDGE_CURVE('',#3106,#2892,#140,.T.);
#2501=EDGE_CURVE('',#3105,#2893,#141,.T.);
#2502=EDGE_CURVE('',#3104,#2894,#142,.T.);
#2503=EDGE_CURVE('',#3097,#2901,#143,.T.);
#2504=EDGE_CURVE('',#3098,#2900,#144,.T.);
#2505=EDGE_CURVE('',#3096,#2886,#145,.T.);
#2506=EDGE_CURVE('',#3094,#2887,#146,.T.);
#2507=EDGE_CURVE('',#3099,#2899,#147,.T.);
#2508=EDGE_CURVE('',#3100,#2898,#148,.T.);
#2509=EDGE_CURVE('',#3101,#2897,#149,.T.);
#2510=EDGE_CURVE('',#3102,#2896,#150,.T.);
#2511=EDGE_CURVE('',#3103,#2895,#151,.T.);
#2512=EDGE_CURVE('',#3110,#3111,#152,.T.);
#2513=EDGE_CURVE('',#3112,#3110,#3392,.T.);
#2514=EDGE_CURVE('',#3113,#3112,#3393,.T.);
#2515=EDGE_CURVE('',#3114,#3113,#3394,.T.);
#2516=EDGE_CURVE('',#3115,#3114,#3395,.T.);
#2517=EDGE_CURVE('',#3116,#3115,#3396,.T.);
#2518=EDGE_CURVE('',#3117,#3116,#153,.T.);
#2519=EDGE_CURVE('',#3118,#3117,#154,.T.);
#2520=EDGE_CURVE('',#3119,#3118,#3397,.T.);
#2521=EDGE_CURVE('',#3120,#3119,#3398,.T.);
#2522=EDGE_CURVE('',#3121,#3120,#155,.T.);
#2523=EDGE_CURVE('',#3122,#3121,#156,.T.);
#2524=EDGE_CURVE('',#3123,#3122,#157,.T.);
#2525=EDGE_CURVE('',#3124,#3123,#3399,.T.);
#2526=EDGE_CURVE('',#3125,#3124,#158,.T.);
#2527=EDGE_CURVE('',#3126,#3125,#159,.T.);
#2528=EDGE_CURVE('',#3127,#3126,#3400,.T.);
#2529=EDGE_CURVE('',#3128,#3127,#3401,.T.);
#2530=EDGE_CURVE('',#3129,#3128,#3402,.T.);
#2531=EDGE_CURVE('',#3111,#3129,#3403,.T.);
#2532=EDGE_CURVE('',#3129,#2905,#160,.T.);
#2533=EDGE_CURVE('',#3111,#2904,#161,.T.);
#2534=EDGE_CURVE('',#3122,#2912,#162,.T.);
#2535=EDGE_CURVE('',#3123,#2911,#163,.T.);
#2536=EDGE_CURVE('',#3121,#2913,#164,.T.);
#2537=EDGE_CURVE('',#3120,#2914,#165,.T.);
#2538=EDGE_CURVE('',#3119,#2915,#166,.T.);
#2539=EDGE_CURVE('',#3118,#2916,#167,.T.);
#2540=EDGE_CURVE('',#3117,#2917,#168,.T.);
#2541=EDGE_CURVE('',#3116,#2918,#169,.T.);
#2542=EDGE_CURVE('',#3115,#2919,#170,.T.);
#2543=EDGE_CURVE('',#3114,#2920,#171,.T.);
#2544=EDGE_CURVE('',#3113,#2921,#172,.T.);
#2545=EDGE_CURVE('',#3112,#2902,#173,.T.);
#2546=EDGE_CURVE('',#3110,#2903,#174,.T.);
#2547=EDGE_CURVE('',#3124,#2910,#175,.T.);
#2548=EDGE_CURVE('',#3125,#2909,#176,.T.);
#2549=EDGE_CURVE('',#3126,#2908,#177,.T.);
#2550=EDGE_CURVE('',#3127,#2907,#178,.T.);
#2551=EDGE_CURVE('',#3128,#2906,#179,.T.);
#2552=EDGE_CURVE('',#3130,#3131,#180,.T.);
#2553=EDGE_CURVE('',#3132,#3130,#181,.T.);
#2554=EDGE_CURVE('',#3133,#3132,#182,.T.);
#2555=EDGE_CURVE('',#3134,#3133,#183,.T.);
#2556=EDGE_CURVE('',#3135,#3134,#184,.T.);
#2557=EDGE_CURVE('',#3136,#3135,#185,.T.);
#2558=EDGE_CURVE('',#3137,#3136,#3404,.T.);
#2559=EDGE_CURVE('',#3138,#3137,#3405,.T.);
#2560=EDGE_CURVE('',#3139,#3138,#949,.F.);
#2561=EDGE_CURVE('',#3140,#3139,#3406,.T.);
#2562=EDGE_CURVE('',#3141,#3140,#950,.F.);
#2563=EDGE_CURVE('',#3142,#3141,#186,.T.);
#2564=EDGE_CURVE('',#3143,#3142,#187,.T.);
#2565=EDGE_CURVE('',#3144,#3143,#188,.T.);
#2566=EDGE_CURVE('',#3145,#3144,#3407,.T.);
#2567=EDGE_CURVE('',#3146,#3145,#3408,.T.);
#2568=EDGE_CURVE('',#3147,#3146,#3409,.T.);
#2569=EDGE_CURVE('',#3131,#3147,#189,.T.);
#2570=EDGE_CURVE('',#3147,#2925,#190,.T.);
#2571=EDGE_CURVE('',#3131,#2924,#191,.T.);
#2572=EDGE_CURVE('',#3146,#2926,#192,.T.);
#2573=EDGE_CURVE('',#3145,#2927,#193,.T.);
#2574=EDGE_CURVE('',#3144,#2928,#194,.T.);
#2575=EDGE_CURVE('',#3143,#2929,#195,.T.);
#2576=EDGE_CURVE('',#3142,#2930,#196,.T.);
#2577=EDGE_CURVE('',#3141,#2931,#197,.T.);
#2578=EDGE_CURVE('',#3134,#2938,#198,.T.);
#2579=EDGE_CURVE('',#3135,#2937,#199,.T.);
#2580=EDGE_CURVE('',#3133,#2939,#200,.T.);
#2581=EDGE_CURVE('',#3132,#2922,#201,.T.);
#2582=EDGE_CURVE('',#3130,#2923,#202,.T.);
#2583=EDGE_CURVE('',#3136,#2936,#203,.T.);
#2584=EDGE_CURVE('',#3137,#2935,#204,.T.);
#2585=EDGE_CURVE('',#3138,#2934,#205,.T.);
#2586=EDGE_CURVE('',#3139,#2933,#206,.T.);
#2587=EDGE_CURVE('',#3140,#2932,#207,.T.);
#2588=EDGE_CURVE('',#3148,#3149,#208,.T.);
#2589=EDGE_CURVE('',#3150,#3148,#209,.T.);
#2590=EDGE_CURVE('',#3151,#3150,#210,.T.);
#2591=EDGE_CURVE('',#3152,#3151,#3410,.T.);
#2592=EDGE_CURVE('',#3153,#3152,#3411,.T.);
#2593=EDGE_CURVE('',#3154,#3153,#211,.T.);
#2594=EDGE_CURVE('',#3155,#3154,#951,.F.);
#2595=EDGE_CURVE('',#3156,#3155,#952,.F.);
#2596=EDGE_CURVE('',#3157,#3156,#3412,.T.);
#2597=EDGE_CURVE('',#3158,#3157,#3413,.T.);
#2598=EDGE_CURVE('',#3159,#3158,#212,.T.);
#2599=EDGE_CURVE('',#3160,#3159,#213,.T.);
#2600=EDGE_CURVE('',#3161,#3160,#214,.T.);
#2601=EDGE_CURVE('',#3162,#3161,#215,.T.);
#2602=EDGE_CURVE('',#3149,#3162,#216,.T.);
#2603=EDGE_CURVE('',#3162,#2943,#217,.T.);
#2604=EDGE_CURVE('',#3149,#2942,#218,.T.);
#2605=EDGE_CURVE('',#3161,#2944,#219,.T.);
#2606=EDGE_CURVE('',#3160,#2945,#220,.T.);
#2607=EDGE_CURVE('',#3159,#2946,#221,.T.);
#2608=EDGE_CURVE('',#3154,#2951,#222,.T.);
#2609=EDGE_CURVE('',#3155,#2950,#223,.T.);
#2610=EDGE_CURVE('',#3153,#2952,#224,.T.);
#2611=EDGE_CURVE('',#3152,#2953,#225,.T.);
#2612=EDGE_CURVE('',#3151,#2954,#226,.T.);
#2613=EDGE_CURVE('',#3150,#2940,#227,.T.);
#2614=EDGE_CURVE('',#3148,#2941,#228,.T.);
#2615=EDGE_CURVE('',#3156,#2949,#229,.T.);
#2616=EDGE_CURVE('',#3157,#2948,#230,.T.);
#2617=EDGE_CURVE('',#3158,#2947,#231,.T.);
#2618=EDGE_CURVE('',#3163,#3164,#232,.T.);
#2619=EDGE_CURVE('',#3165,#3163,#3414,.T.);
#2620=EDGE_CURVE('',#3166,#3165,#3415,.T.);
#2621=EDGE_CURVE('',#3167,#3166,#3416,.T.);
#2622=EDGE_CURVE('',#3168,#3167,#3417,.T.);
#2623=EDGE_CURVE('',#3169,#3168,#3418,.T.);
#2624=EDGE_CURVE('',#3170,#3169,#233,.T.);
#2625=EDGE_CURVE('',#3171,#3170,#234,.T.);
#2626=EDGE_CURVE('',#3172,#3171,#3419,.T.);
#2627=EDGE_CURVE('',#3173,#3172,#3420,.T.);
#2628=EDGE_CURVE('',#3174,#3173,#235,.T.);
#2629=EDGE_CURVE('',#3175,#3174,#236,.T.);
#2630=EDGE_CURVE('',#3176,#3175,#237,.T.);
#2631=EDGE_CURVE('',#3177,#3176,#3421,.T.);
#2632=EDGE_CURVE('',#3178,#3177,#238,.T.);
#2633=EDGE_CURVE('',#3179,#3178,#239,.T.);
#2634=EDGE_CURVE('',#3180,#3179,#3422,.T.);
#2635=EDGE_CURVE('',#3181,#3180,#3423,.T.);
#2636=EDGE_CURVE('',#3182,#3181,#3424,.T.);
#2637=EDGE_CURVE('',#3164,#3182,#3425,.T.);
#2638=EDGE_CURVE('',#3182,#2958,#240,.T.);
#2639=EDGE_CURVE('',#3164,#2957,#241,.T.);
#2640=EDGE_CURVE('',#3175,#2965,#242,.T.);
#2641=EDGE_CURVE('',#3176,#2964,#243,.T.);
#2642=EDGE_CURVE('',#3174,#2966,#244,.T.);
#2643=EDGE_CURVE('',#3173,#2967,#245,.T.);
#2644=EDGE_CURVE('',#3172,#2968,#246,.T.);
#2645=EDGE_CURVE('',#3171,#2969,#247,.T.);
#2646=EDGE_CURVE('',#3170,#2970,#248,.T.);
#2647=EDGE_CURVE('',#3169,#2971,#249,.T.);
#2648=EDGE_CURVE('',#3168,#2972,#250,.T.);
#2649=EDGE_CURVE('',#3167,#2973,#251,.T.);
#2650=EDGE_CURVE('',#3166,#2974,#252,.T.);
#2651=EDGE_CURVE('',#3165,#2955,#253,.T.);
#2652=EDGE_CURVE('',#3163,#2956,#254,.T.);
#2653=EDGE_CURVE('',#3177,#2963,#255,.T.);
#2654=EDGE_CURVE('',#3178,#2962,#256,.T.);
#2655=EDGE_CURVE('',#3179,#2961,#257,.T.);
#2656=EDGE_CURVE('',#3180,#2960,#258,.T.);
#2657=EDGE_CURVE('',#3181,#2959,#259,.T.);
#2658=EDGE_CURVE('',#3183,#3184,#260,.T.);
#2659=EDGE_CURVE('',#3185,#3183,#261,.T.);
#2660=EDGE_CURVE('',#3186,#3185,#262,.T.);
#2661=EDGE_CURVE('',#3187,#3186,#3426,.T.);
#2662=EDGE_CURVE('',#3188,#3187,#3427,.T.);
#2663=EDGE_CURVE('',#3189,#3188,#3428,.T.);
#2664=EDGE_CURVE('',#3190,#3189,#3429,.T.);
#2665=EDGE_CURVE('',#3191,#3190,#3430,.T.);
#2666=EDGE_CURVE('',#3192,#3191,#3431,.T.);
#2667=EDGE_CURVE('',#3193,#3192,#263,.T.);
#2668=EDGE_CURVE('',#3194,#3193,#264,.T.);
#2669=EDGE_CURVE('',#3195,#3194,#265,.T.);
#2670=EDGE_CURVE('',#3196,#3195,#3432,.T.);
#2671=EDGE_CURVE('',#3197,#3196,#3433,.T.);
#2672=EDGE_CURVE('',#3198,#3197,#266,.T.);
#2673=EDGE_CURVE('',#3199,#3198,#267,.T.);
#2674=EDGE_CURVE('',#3200,#3199,#268,.T.);
#2675=EDGE_CURVE('',#3201,#3200,#3434,.T.);
#2676=EDGE_CURVE('',#3202,#3201,#3435,.T.);
#2677=EDGE_CURVE('',#3203,#3202,#269,.T.);
#2678=EDGE_CURVE('',#3204,#3203,#3436,.T.);
#2679=EDGE_CURVE('',#3205,#3204,#3437,.T.);
#2680=EDGE_CURVE('',#3206,#3205,#3438,.T.);
#2681=EDGE_CURVE('',#3207,#3206,#3439,.T.);
#2682=EDGE_CURVE('',#3208,#3207,#3440,.T.);
#2683=EDGE_CURVE('',#3184,#3208,#3441,.T.);
#2684=EDGE_CURVE('',#3208,#2978,#270,.T.);
#2685=EDGE_CURVE('',#3184,#2977,#271,.T.);
#2686=EDGE_CURVE('',#3207,#2979,#272,.T.);
#2687=EDGE_CURVE('',#3206,#2980,#273,.T.);
#2688=EDGE_CURVE('',#3205,#2981,#274,.T.);
#2689=EDGE_CURVE('',#3204,#2982,#275,.T.);
#2690=EDGE_CURVE('',#3203,#2983,#276,.T.);
#2691=EDGE_CURVE('',#3201,#2985,#277,.T.);
#2692=EDGE_CURVE('',#3202,#2984,#278,.T.);
#2693=EDGE_CURVE('',#3200,#2986,#279,.T.);
#2694=EDGE_CURVE('',#3199,#2987,#280,.T.);
#2695=EDGE_CURVE('',#3198,#2988,#281,.T.);
#2696=EDGE_CURVE('',#3197,#2989,#282,.T.);
#2697=EDGE_CURVE('',#3194,#2992,#283,.T.);
#2698=EDGE_CURVE('',#3195,#2991,#284,.T.);
#2699=EDGE_CURVE('',#3193,#2993,#285,.T.);
#2700=EDGE_CURVE('',#3192,#2994,#286,.T.);
#2701=EDGE_CURVE('',#3185,#2975,#287,.T.);
#2702=EDGE_CURVE('',#3186,#3000,#288,.T.);
#2703=EDGE_CURVE('',#3183,#2976,#289,.T.);
#2704=EDGE_CURVE('',#3187,#2999,#290,.T.);
#2705=EDGE_CURVE('',#3188,#2998,#291,.T.);
#2706=EDGE_CURVE('',#3189,#2997,#292,.T.);
#2707=EDGE_CURVE('',#3190,#2996,#293,.T.);
#2708=EDGE_CURVE('',#3191,#2995,#294,.T.);
#2709=EDGE_CURVE('',#3196,#2990,#295,.T.);
#2710=EDGE_CURVE('',#3209,#3210,#296,.T.);
#2711=EDGE_CURVE('',#3211,#3209,#297,.T.);
#2712=EDGE_CURVE('',#3212,#3211,#298,.T.);
#2713=EDGE_CURVE('',#3213,#3212,#299,.T.);
#2714=EDGE_CURVE('',#3214,#3213,#300,.T.);
#2715=EDGE_CURVE('',#3215,#3214,#301,.T.);
#2716=EDGE_CURVE('',#3216,#3215,#3442,.T.);
#2717=EDGE_CURVE('',#3217,#3216,#3443,.T.);
#2718=EDGE_CURVE('',#3218,#3217,#953,.F.);
#2719=EDGE_CURVE('',#3219,#3218,#3444,.T.);
#2720=EDGE_CURVE('',#3220,#3219,#954,.F.);
#2721=EDGE_CURVE('',#3221,#3220,#302,.T.);
#2722=EDGE_CURVE('',#3222,#3221,#303,.T.);
#2723=EDGE_CURVE('',#3223,#3222,#304,.T.);
#2724=EDGE_CURVE('',#3224,#3223,#3445,.T.);
#2725=EDGE_CURVE('',#3225,#3224,#3446,.T.);
#2726=EDGE_CURVE('',#3226,#3225,#3447,.T.);
#2727=EDGE_CURVE('',#3210,#3226,#305,.T.);
#2728=EDGE_CURVE('',#3226,#3004,#306,.T.);
#2729=EDGE_CURVE('',#3210,#3003,#307,.T.);
#2730=EDGE_CURVE('',#3225,#3005,#308,.T.);
#2731=EDGE_CURVE('',#3224,#3006,#309,.T.);
#2732=EDGE_CURVE('',#3223,#3007,#310,.T.);
#2733=EDGE_CURVE('',#3222,#3008,#311,.T.);
#2734=EDGE_CURVE('',#3221,#3009,#312,.T.);
#2735=EDGE_CURVE('',#3220,#3010,#313,.T.);
#2736=EDGE_CURVE('',#3213,#3017,#314,.T.);
#2737=EDGE_CURVE('',#3214,#3016,#315,.T.);
#2738=EDGE_CURVE('',#3212,#3018,#316,.T.);
#2739=EDGE_CURVE('',#3211,#3001,#317,.T.);
#2740=EDGE_CURVE('',#3209,#3002,#318,.T.);
#2741=EDGE_CURVE('',#3215,#3015,#319,.T.);
#2742=EDGE_CURVE('',#3216,#3014,#320,.T.);
#2743=EDGE_CURVE('',#3217,#3013,#321,.T.);
#2744=EDGE_CURVE('',#3218,#3012,#322,.T.);
#2745=EDGE_CURVE('',#3219,#3011,#323,.T.);
#2746=EDGE_CURVE('',#3227,#3228,#324,.T.);
#2747=EDGE_CURVE('',#3229,#3227,#325,.T.);
#2748=EDGE_CURVE('',#3230,#3229,#3448,.T.);
#2749=EDGE_CURVE('',#3231,#3230,#3449,.T.);
#2750=EDGE_CURVE('',#3232,#3231,#3450,.T.);
#2751=EDGE_CURVE('',#3233,#3232,#955,.T.);
#2752=EDGE_CURVE('',#3234,#3233,#956,.T.);
#2753=EDGE_CURVE('',#3235,#3234,#3451,.T.);
#2754=EDGE_CURVE('',#3236,#3235,#3452,.T.);
#2755=EDGE_CURVE('',#3237,#3236,#3453,.T.);
#2756=EDGE_CURVE('',#3238,#3237,#326,.T.);
#2757=EDGE_CURVE('',#3239,#3238,#327,.T.);
#2758=EDGE_CURVE('',#3240,#3239,#328,.T.);
#2759=EDGE_CURVE('',#3241,#3240,#3454,.T.);
#2760=EDGE_CURVE('',#3242,#3241,#957,.T.);
#2761=EDGE_CURVE('',#3243,#3242,#3455,.T.);
#2762=EDGE_CURVE('',#3244,#3243,#3456,.T.);
#2763=EDGE_CURVE('',#3245,#3244,#3457,.T.);
#2764=EDGE_CURVE('',#3246,#3245,#329,.F.);
#2765=EDGE_CURVE('',#3247,#3246,#958,.F.);
#2766=EDGE_CURVE('',#3248,#3247,#3458,.T.);
#2767=EDGE_CURVE('',#3249,#3248,#959,.F.);
#2768=EDGE_CURVE('',#3250,#3249,#960,.F.);
#2769=EDGE_CURVE('',#3251,#3250,#3459,.T.);
#2770=EDGE_CURVE('',#3252,#3251,#3460,.T.);
#2771=EDGE_CURVE('',#3228,#3252,#330,.T.);
#2772=EDGE_CURVE('',#3252,#3022,#331,.T.);
#2773=EDGE_CURVE('',#3228,#3021,#332,.T.);
#2774=EDGE_CURVE('',#3244,#3030,#333,.T.);
#2775=EDGE_CURVE('',#3245,#3029,#334,.T.);
#2776=EDGE_CURVE('',#3243,#3031,#335,.T.);
#2777=EDGE_CURVE('',#3242,#3032,#336,.T.);
#2778=EDGE_CURVE('',#3241,#3033,#337,.T.);
#2779=EDGE_CURVE('',#3240,#3034,#338,.T.);
#2780=EDGE_CURVE('',#3239,#3035,#339,.T.);
#2781=EDGE_CURVE('',#3238,#3036,#340,.T.);
#2782=EDGE_CURVE('',#3237,#3037,#341,.T.);
#2783=EDGE_CURVE('',#3233,#3041,#342,.T.);
#2784=EDGE_CURVE('',#3234,#3040,#343,.T.);
#2785=EDGE_CURVE('',#3232,#3042,#344,.T.);
#2786=EDGE_CURVE('',#3231,#3043,#345,.T.);
#2787=EDGE_CURVE('',#3230,#3044,#346,.T.);
#2788=EDGE_CURVE('',#3229,#3019,#347,.T.);
#2789=EDGE_CURVE('',#3227,#3020,#348,.T.);
#2790=EDGE_CURVE('',#3235,#3039,#349,.T.);
#2791=EDGE_CURVE('',#3236,#3038,#350,.T.);
#2792=EDGE_CURVE('',#3246,#3028,#351,.T.);
#2793=EDGE_CURVE('',#3247,#3027,#352,.T.);
#2794=EDGE_CURVE('',#3248,#3026,#353,.T.);
#2795=EDGE_CURVE('',#3249,#3025,#354,.T.);
#2796=EDGE_CURVE('',#3250,#3024,#355,.T.);
#2797=EDGE_CURVE('',#3251,#3023,#356,.T.);
#2798=EDGE_CURVE('',#3253,#3254,#357,.T.);
#2799=EDGE_CURVE('',#3255,#3253,#358,.T.);
#2800=EDGE_CURVE('',#3256,#3255,#359,.T.);
#2801=EDGE_CURVE('',#3257,#3256,#360,.T.);
#2802=EDGE_CURVE('',#3258,#3257,#361,.T.);
#2803=EDGE_CURVE('',#3259,#3258,#3461,.T.);
#2804=EDGE_CURVE('',#3260,#3259,#3462,.T.);
#2805=EDGE_CURVE('',#3261,#3260,#961,.F.);
#2806=EDGE_CURVE('',#3262,#3261,#3463,.T.);
#2807=EDGE_CURVE('',#3263,#3262,#962,.F.);
#2808=EDGE_CURVE('',#3264,#3263,#362,.T.);
#2809=EDGE_CURVE('',#3265,#3264,#363,.T.);
#2810=EDGE_CURVE('',#3266,#3265,#364,.T.);
#2811=EDGE_CURVE('',#3267,#3266,#3464,.T.);
#2812=EDGE_CURVE('',#3268,#3267,#3465,.T.);
#2813=EDGE_CURVE('',#3254,#3268,#3466,.T.);
#2814=EDGE_CURVE('',#3268,#3048,#365,.T.);
#2815=EDGE_CURVE('',#3254,#3047,#366,.T.);
#2816=EDGE_CURVE('',#3267,#3049,#367,.T.);
#2817=EDGE_CURVE('',#3266,#3050,#368,.T.);
#2818=EDGE_CURVE('',#3265,#3051,#369,.T.);
#2819=EDGE_CURVE('',#3264,#3052,#370,.T.);
#2820=EDGE_CURVE('',#3263,#3053,#371,.T.);
#2821=EDGE_CURVE('',#3256,#3060,#372,.T.);
#2822=EDGE_CURVE('',#3257,#3059,#373,.T.);
#2823=EDGE_CURVE('',#3255,#3045,#374,.T.);
#2824=EDGE_CURVE('',#3253,#3046,#375,.T.);
#2825=EDGE_CURVE('',#3258,#3058,#376,.T.);
#2826=EDGE_CURVE('',#3259,#3057,#377,.T.);
#2827=EDGE_CURVE('',#3260,#3056,#378,.T.);
#2828=EDGE_CURVE('',#3261,#3055,#379,.T.);
#2829=EDGE_CURVE('',#3262,#3054,#380,.T.);
#2830=EDGE_CURVE('',#3269,#3270,#381,.T.);
#2831=EDGE_CURVE('',#3271,#3269,#382,.T.);
#2832=EDGE_CURVE('',#3272,#3271,#3467,.T.);
#2833=EDGE_CURVE('',#3273,#3272,#3468,.T.);
#2834=EDGE_CURVE('',#3274,#3273,#383,.T.);
#2835=EDGE_CURVE('',#3275,#3274,#384,.T.);
#2836=EDGE_CURVE('',#3276,#3275,#385,.T.);
#2837=EDGE_CURVE('',#3277,#3276,#3469,.T.);
#2838=EDGE_CURVE('',#3278,#3277,#386,.T.);
#2839=EDGE_CURVE('',#3279,#3278,#3470,.T.);
#2840=EDGE_CURVE('',#3280,#3279,#3471,.T.);
#2841=EDGE_CURVE('',#3281,#3280,#387,.T.);
#2842=EDGE_CURVE('',#3282,#3281,#388,.T.);
#2843=EDGE_CURVE('',#3283,#3282,#389,.T.);
#2844=EDGE_CURVE('',#3284,#3283,#390,.T.);
#2845=EDGE_CURVE('',#3285,#3284,#391,.T.);
#2846=EDGE_CURVE('',#3286,#3285,#3472,.T.);
#2847=EDGE_CURVE('',#3287,#3286,#3473,.T.);
#2848=EDGE_CURVE('',#3270,#3287,#392,.T.);
#2849=EDGE_CURVE('',#3287,#3064,#393,.T.);
#2850=EDGE_CURVE('',#3270,#3063,#394,.T.);
#2851=EDGE_CURVE('',#3286,#3065,#395,.T.);
#2852=EDGE_CURVE('',#3285,#3066,#396,.T.);
#2853=EDGE_CURVE('',#3284,#3067,#397,.T.);
#2854=EDGE_CURVE('',#3283,#3068,#398,.T.);
#2855=EDGE_CURVE('',#3282,#3069,#399,.T.);
#2856=EDGE_CURVE('',#3281,#3070,#400,.T.);
#2857=EDGE_CURVE('',#3276,#3075,#401,.T.);
#2858=EDGE_CURVE('',#3277,#3074,#402,.T.);
#2859=EDGE_CURVE('',#3275,#3076,#403,.T.);
#2860=EDGE_CURVE('',#3274,#3077,#404,.T.);
#2861=EDGE_CURVE('',#3273,#3078,#405,.T.);
#2862=EDGE_CURVE('',#3269,#3062,#406,.T.);
#2863=EDGE_CURVE('',#3271,#3061,#407,.T.);
#2864=EDGE_CURVE('',#3272,#3079,#408,.T.);
#2865=EDGE_CURVE('',#3278,#3073,#409,.T.);
#2866=EDGE_CURVE('',#3279,#3072,#410,.T.);
#2867=EDGE_CURVE('',#3280,#3071,#411,.T.);
#2868=VERTEX_POINT('',#5222);
#2869=VERTEX_POINT('',#5231);
#2870=VERTEX_POINT('',#5234);
#2871=VERTEX_POINT('',#5236);
#2872=VERTEX_POINT('',#5239);
#2873=VERTEX_POINT('',#5240);
#2874=VERTEX_POINT('',#5242);
#2875=VERTEX_POINT('',#5246);
#2876=VERTEX_POINT('',#5248);
#2877=VERTEX_POINT('',#5252);
#2878=VERTEX_POINT('',#5254);
#2879=VERTEX_POINT('',#5256);
#2880=VERTEX_POINT('',#5258);
#2881=VERTEX_POINT('',#5260);
#2882=VERTEX_POINT('',#5262);
#2883=VERTEX_POINT('',#5266);
#2884=VERTEX_POINT('',#5268);
#2885=VERTEX_POINT('',#5272);
#2886=VERTEX_POINT('',#5275);
#2887=VERTEX_POINT('',#5276);
#2888=VERTEX_POINT('',#5278);
#2889=VERTEX_POINT('',#5282);
#2890=VERTEX_POINT('',#5286);
#2891=VERTEX_POINT('',#5290);
#2892=VERTEX_POINT('',#5292);
#2893=VERTEX_POINT('',#5294);
#2894=VERTEX_POINT('',#5296);
#2895=VERTEX_POINT('',#5298);
#2896=VERTEX_POINT('',#5302);
#2897=VERTEX_POINT('',#5304);
#2898=VERTEX_POINT('',#5308);
#2899=VERTEX_POINT('',#5312);
#2900=VERTEX_POINT('',#5314);
#2901=VERTEX_POINT('',#5316);
#2902=VERTEX_POINT('',#5321);
#2903=VERTEX_POINT('',#5322);
#2904=VERTEX_POINT('',#5324);
#2905=VERTEX_POINT('',#5328);
#2906=VERTEX_POINT('',#5332);
#2907=VERTEX_POINT('',#5336);
#2908=VERTEX_POINT('',#5340);
#2909=VERTEX_POINT('',#5342);
#2910=VERTEX_POINT('',#5344);
#2911=VERTEX_POINT('',#5348);
#2912=VERTEX_POINT('',#5350);
#2913=VERTEX_POINT('',#5352);
#2914=VERTEX_POINT('',#5354);
#2915=VERTEX_POINT('',#5358);
#2916=VERTEX_POINT('',#5362);
#2917=VERTEX_POINT('',#5364);
#2918=VERTEX_POINT('',#5366);
#2919=VERTEX_POINT('',#5370);
#2920=VERTEX_POINT('',#5374);
#2921=VERTEX_POINT('',#5378);
#2922=VERTEX_POINT('',#5383);
#2923=VERTEX_POINT('',#5384);
#2924=VERTEX_POINT('',#5386);
#2925=VERTEX_POINT('',#5388);
#2926=VERTEX_POINT('',#5392);
#2927=VERTEX_POINT('',#5396);
#2928=VERTEX_POINT('',#5400);
#2929=VERTEX_POINT('',#5402);
#2930=VERTEX_POINT('',#5404);
#2931=VERTEX_POINT('',#5406);
#2932=VERTEX_POINT('',#5408);
#2933=VERTEX_POINT('',#5412);
#2934=VERTEX_POINT('',#5414);
#2935=VERTEX_POINT('',#5418);
#2936=VERTEX_POINT('',#5422);
#2937=VERTEX_POINT('',#5424);
#2938=VERTEX_POINT('',#5426);
#2939=VERTEX_POINT('',#5428);
#2940=VERTEX_POINT('',#5431);
#2941=VERTEX_POINT('',#5432);
#2942=VERTEX_POINT('',#5434);
#2943=VERTEX_POINT('',#5436);
#2944=VERTEX_POINT('',#5438);
#2945=VERTEX_POINT('',#5440);
#2946=VERTEX_POINT('',#5442);
#2947=VERTEX_POINT('',#5444);
#2948=VERTEX_POINT('',#5448);
#2949=VERTEX_POINT('',#5452);
#2950=VERTEX_POINT('',#5454);
#2951=VERTEX_POINT('',#5456);
#2952=VERTEX_POINT('',#5458);
#2953=VERTEX_POINT('',#5462);
#2954=VERTEX_POINT('',#5466);
#2955=VERTEX_POINT('',#5471);
#2956=VERTEX_POINT('',#5472);
#2957=VERTEX_POINT('',#5474);
#2958=VERTEX_POINT('',#5478);
#2959=VERTEX_POINT('',#5482);
#2960=VERTEX_POINT('',#5486);
#2961=VERTEX_POINT('',#5490);
#2962=VERTEX_POINT('',#5492);
#2963=VERTEX_POINT('',#5494);
#2964=VERTEX_POINT('',#5498);
#2965=VERTEX_POINT('',#5500);
#2966=VERTEX_POINT('',#5502);
#2967=VERTEX_POINT('',#5504);
#2968=VERTEX_POINT('',#5508);
#2969=VERTEX_POINT('',#5512);
#2970=VERTEX_POINT('',#5514);
#2971=VERTEX_POINT('',#5516);
#2972=VERTEX_POINT('',#5520);
#2973=VERTEX_POINT('',#5524);
#2974=VERTEX_POINT('',#5528);
#2975=VERTEX_POINT('',#5533);
#2976=VERTEX_POINT('',#5534);
#2977=VERTEX_POINT('',#5536);
#2978=VERTEX_POINT('',#5540);
#2979=VERTEX_POINT('',#5544);
#2980=VERTEX_POINT('',#5548);
#2981=VERTEX_POINT('',#5552);
#2982=VERTEX_POINT('',#5556);
#2983=VERTEX_POINT('',#5560);
#2984=VERTEX_POINT('',#5562);
#2985=VERTEX_POINT('',#5566);
#2986=VERTEX_POINT('',#5570);
#2987=VERTEX_POINT('',#5572);
#2988=VERTEX_POINT('',#5574);
#2989=VERTEX_POINT('',#5576);
#2990=VERTEX_POINT('',#5580);
#2991=VERTEX_POINT('',#5584);
#2992=VERTEX_POINT('',#5586);
#2993=VERTEX_POINT('',#5588);
#2994=VERTEX_POINT('',#5590);
#2995=VERTEX_POINT('',#5594);
#2996=VERTEX_POINT('',#5598);
#2997=VERTEX_POINT('',#5602);
#2998=VERTEX_POINT('',#5606);
#2999=VERTEX_POINT('',#5610);
#3000=VERTEX_POINT('',#5614);
#3001=VERTEX_POINT('',#5617);
#3002=VERTEX_POINT('',#5618);
#3003=VERTEX_POINT('',#5620);
#3004=VERTEX_POINT('',#5622);
#3005=VERTEX_POINT('',#5626);
#3006=VERTEX_POINT('',#5630);
#3007=VERTEX_POINT('',#5634);
#3008=VERTEX_POINT('',#5636);
#3009=VERTEX_POINT('',#5638);
#3010=VERTEX_POINT('',#5640);
#3011=VERTEX_POINT('',#5642);
#3012=VERTEX_POINT('',#5646);
#3013=VERTEX_POINT('',#5648);
#3014=VERTEX_POINT('',#5652);
#3015=VERTEX_POINT('',#5656);
#3016=VERTEX_POINT('',#5658);
#3017=VERTEX_POINT('',#5660);
#3018=VERTEX_POINT('',#5662);
#3019=VERTEX_POINT('',#5665);
#3020=VERTEX_POINT('',#5666);
#3021=VERTEX_POINT('',#5668);
#3022=VERTEX_POINT('',#5670);
#3023=VERTEX_POINT('',#5674);
#3024=VERTEX_POINT('',#5678);
#3025=VERTEX_POINT('',#5680);
#3026=VERTEX_POINT('',#5682);
#3027=VERTEX_POINT('',#5686);
#3028=VERTEX_POINT('',#5688);
#3029=VERTEX_POINT('',#5690);
#3030=VERTEX_POINT('',#5694);
#3031=VERTEX_POINT('',#5698);
#3032=VERTEX_POINT('',#5702);
#3033=VERTEX_POINT('',#5704);
#3034=VERTEX_POINT('',#5708);
#3035=VERTEX_POINT('',#5710);
#3036=VERTEX_POINT('',#5712);
#3037=VERTEX_POINT('',#5714);
#3038=VERTEX_POINT('',#5718);
#3039=VERTEX_POINT('',#5722);
#3040=VERTEX_POINT('',#5726);
#3041=VERTEX_POINT('',#5728);
#3042=VERTEX_POINT('',#5730);
#3043=VERTEX_POINT('',#5734);
#3044=VERTEX_POINT('',#5738);
#3045=VERTEX_POINT('',#5743);
#3046=VERTEX_POINT('',#5744);
#3047=VERTEX_POINT('',#5746);
#3048=VERTEX_POINT('',#5750);
#3049=VERTEX_POINT('',#5754);
#3050=VERTEX_POINT('',#5758);
#3051=VERTEX_POINT('',#5760);
#3052=VERTEX_POINT('',#5762);
#3053=VERTEX_POINT('',#5764);
#3054=VERTEX_POINT('',#5766);
#3055=VERTEX_POINT('',#5770);
#3056=VERTEX_POINT('',#5772);
#3057=VERTEX_POINT('',#5776);
#3058=VERTEX_POINT('',#5780);
#3059=VERTEX_POINT('',#5782);
#3060=VERTEX_POINT('',#5784);
#3061=VERTEX_POINT('',#5787);
#3062=VERTEX_POINT('',#5788);
#3063=VERTEX_POINT('',#5790);
#3064=VERTEX_POINT('',#5792);
#3065=VERTEX_POINT('',#5796);
#3066=VERTEX_POINT('',#5800);
#3067=VERTEX_POINT('',#5802);
#3068=VERTEX_POINT('',#5804);
#3069=VERTEX_POINT('',#5806);
#3070=VERTEX_POINT('',#5808);
#3071=VERTEX_POINT('',#5810);
#3072=VERTEX_POINT('',#5814);
#3073=VERTEX_POINT('',#5818);
#3074=VERTEX_POINT('',#5820);
#3075=VERTEX_POINT('',#5824);
#3076=VERTEX_POINT('',#5826);
#3077=VERTEX_POINT('',#5828);
#3078=VERTEX_POINT('',#5830);
#3079=VERTEX_POINT('',#5834);
#3080=VERTEX_POINT('',#5841);
#3081=VERTEX_POINT('',#5842);
#3082=VERTEX_POINT('',#5844);
#3083=VERTEX_POINT('',#5846);
#3084=VERTEX_POINT('',#5850);
#3085=VERTEX_POINT('',#5852);
#3086=VERTEX_POINT('',#5856);
#3087=VERTEX_POINT('',#5858);
#3088=VERTEX_POINT('',#5860);
#3089=VERTEX_POINT('',#5862);
#3090=VERTEX_POINT('',#5864);
#3091=VERTEX_POINT('',#5866);
#3092=VERTEX_POINT('',#5870);
#3093=VERTEX_POINT('',#5872);
#3094=VERTEX_POINT('',#5934);
#3095=VERTEX_POINT('',#5935);
#3096=VERTEX_POINT('',#5937);
#3097=VERTEX_POINT('',#5939);
#3098=VERTEX_POINT('',#5941);
#3099=VERTEX_POINT('',#5943);
#3100=VERTEX_POINT('',#5947);
#3101=VERTEX_POINT('',#5951);
#3102=VERTEX_POINT('',#5953);
#3103=VERTEX_POINT('',#5957);
#3104=VERTEX_POINT('',#5959);
#3105=VERTEX_POINT('',#5961);
#3106=VERTEX_POINT('',#5963);
#3107=VERTEX_POINT('',#5965);
#3108=VERTEX_POINT('',#5969);
#3109=VERTEX_POINT('',#5973);
#3110=VERTEX_POINT('',#6053);
#3111=VERTEX_POINT('',#6054);
#3112=VERTEX_POINT('',#6058);
#3113=VERTEX_POINT('',#6062);
#3114=VERTEX_POINT('',#6066);
#3115=VERTEX_POINT('',#6070);
#3116=VERTEX_POINT('',#6074);
#3117=VERTEX_POINT('',#6076);
#3118=VERTEX_POINT('',#6078);
#3119=VERTEX_POINT('',#6082);
#3120=VERTEX_POINT('',#6086);
#3121=VERTEX_POINT('',#6088);
#3122=VERTEX_POINT('',#6090);
#3123=VERTEX_POINT('',#6092);
#3124=VERTEX_POINT('',#6096);
#3125=VERTEX_POINT('',#6098);
#3126=VERTEX_POINT('',#6100);
#3127=VERTEX_POINT('',#6104);
#3128=VERTEX_POINT('',#6108);
#3129=VERTEX_POINT('',#6112);
#3130=VERTEX_POINT('',#6242);
#3131=VERTEX_POINT('',#6243);
#3132=VERTEX_POINT('',#6245);
#3133=VERTEX_POINT('',#6247);
#3134=VERTEX_POINT('',#6249);
#3135=VERTEX_POINT('',#6251);
#3136=VERTEX_POINT('',#6253);
#3137=VERTEX_POINT('',#6257);
#3138=VERTEX_POINT('',#6261);
#3139=VERTEX_POINT('',#6263);
#3140=VERTEX_POINT('',#6267);
#3141=VERTEX_POINT('',#6269);
#3142=VERTEX_POINT('',#6271);
#3143=VERTEX_POINT('',#6273);
#3144=VERTEX_POINT('',#6275);
#3145=VERTEX_POINT('',#6279);
#3146=VERTEX_POINT('',#6283);
#3147=VERTEX_POINT('',#6287);
#3148=VERTEX_POINT('',#6369);
#3149=VERTEX_POINT('',#6370);
#3150=VERTEX_POINT('',#6372);
#3151=VERTEX_POINT('',#6374);
#3152=VERTEX_POINT('',#6378);
#3153=VERTEX_POINT('',#6382);
#3154=VERTEX_POINT('',#6384);
#3155=VERTEX_POINT('',#6386);
#3156=VERTEX_POINT('',#6388);
#3157=VERTEX_POINT('',#6392);
#3158=VERTEX_POINT('',#6396);
#3159=VERTEX_POINT('',#6398);
#3160=VERTEX_POINT('',#6400);
#3161=VERTEX_POINT('',#6402);
#3162=VERTEX_POINT('',#6404);
#3163=VERTEX_POINT('',#6466);
#3164=VERTEX_POINT('',#6467);
#3165=VERTEX_POINT('',#6471);
#3166=VERTEX_POINT('',#6475);
#3167=VERTEX_POINT('',#6479);
#3168=VERTEX_POINT('',#6483);
#3169=VERTEX_POINT('',#6487);
#3170=VERTEX_POINT('',#6489);
#3171=VERTEX_POINT('',#6491);
#3172=VERTEX_POINT('',#6495);
#3173=VERTEX_POINT('',#6499);
#3174=VERTEX_POINT('',#6501);
#3175=VERTEX_POINT('',#6503);
#3176=VERTEX_POINT('',#6505);
#3177=VERTEX_POINT('',#6509);
#3178=VERTEX_POINT('',#6511);
#3179=VERTEX_POINT('',#6513);
#3180=VERTEX_POINT('',#6517);
#3181=VERTEX_POINT('',#6521);
#3182=VERTEX_POINT('',#6525);
#3183=VERTEX_POINT('',#6655);
#3184=VERTEX_POINT('',#6656);
#3185=VERTEX_POINT('',#6658);
#3186=VERTEX_POINT('',#6660);
#3187=VERTEX_POINT('',#6664);
#3188=VERTEX_POINT('',#6668);
#3189=VERTEX_POINT('',#6672);
#3190=VERTEX_POINT('',#6676);
#3191=VERTEX_POINT('',#6680);
#3192=VERTEX_POINT('',#6684);
#3193=VERTEX_POINT('',#6686);
#3194=VERTEX_POINT('',#6688);
#3195=VERTEX_POINT('',#6690);
#3196=VERTEX_POINT('',#6694);
#3197=VERTEX_POINT('',#6698);
#3198=VERTEX_POINT('',#6700);
#3199=VERTEX_POINT('',#6702);
#3200=VERTEX_POINT('',#6704);
#3201=VERTEX_POINT('',#6708);
#3202=VERTEX_POINT('',#6712);
#3203=VERTEX_POINT('',#6714);
#3204=VERTEX_POINT('',#6718);
#3205=VERTEX_POINT('',#6722);
#3206=VERTEX_POINT('',#6726);
#3207=VERTEX_POINT('',#6730);
#3208=VERTEX_POINT('',#6734);
#3209=VERTEX_POINT('',#6904);
#3210=VERTEX_POINT('',#6905);
#3211=VERTEX_POINT('',#6907);
#3212=VERTEX_POINT('',#6909);
#3213=VERTEX_POINT('',#6911);
#3214=VERTEX_POINT('',#6913);
#3215=VERTEX_POINT('',#6915);
#3216=VERTEX_POINT('',#6919);
#3217=VERTEX_POINT('',#6923);
#3218=VERTEX_POINT('',#6925);
#3219=VERTEX_POINT('',#6929);
#3220=VERTEX_POINT('',#6931);
#3221=VERTEX_POINT('',#6933);
#3222=VERTEX_POINT('',#6935);
#3223=VERTEX_POINT('',#6937);
#3224=VERTEX_POINT('',#6941);
#3225=VERTEX_POINT('',#6945);
#3226=VERTEX_POINT('',#6949);
#3227=VERTEX_POINT('',#7031);
#3228=VERTEX_POINT('',#7032);
#3229=VERTEX_POINT('',#7034);
#3230=VERTEX_POINT('',#7038);
#3231=VERTEX_POINT('',#7042);
#3232=VERTEX_POINT('',#7046);
#3233=VERTEX_POINT('',#7048);
#3234=VERTEX_POINT('',#7050);
#3235=VERTEX_POINT('',#7054);
#3236=VERTEX_POINT('',#7058);
#3237=VERTEX_POINT('',#7062);
#3238=VERTEX_POINT('',#7064);
#3239=VERTEX_POINT('',#7066);
#3240=VERTEX_POINT('',#7068);
#3241=VERTEX_POINT('',#7072);
#3242=VERTEX_POINT('',#7074);
#3243=VERTEX_POINT('',#7078);
#3244=VERTEX_POINT('',#7082);
#3245=VERTEX_POINT('',#7086);
#3246=VERTEX_POINT('',#7088);
#3247=VERTEX_POINT('',#7090);
#3248=VERTEX_POINT('',#7094);
#3249=VERTEX_POINT('',#7096);
#3250=VERTEX_POINT('',#7098);
#3251=VERTEX_POINT('',#7102);
#3252=VERTEX_POINT('',#7106);
#3253=VERTEX_POINT('',#7253);
#3254=VERTEX_POINT('',#7254);
#3255=VERTEX_POINT('',#7256);
#3256=VERTEX_POINT('',#7258);
#3257=VERTEX_POINT('',#7260);
#3258=VERTEX_POINT('',#7262);
#3259=VERTEX_POINT('',#7266);
#3260=VERTEX_POINT('',#7270);
#3261=VERTEX_POINT('',#7272);
#3262=VERTEX_POINT('',#7276);
#3263=VERTEX_POINT('',#7278);
#3264=VERTEX_POINT('',#7280);
#3265=VERTEX_POINT('',#7282);
#3266=VERTEX_POINT('',#7284);
#3267=VERTEX_POINT('',#7288);
#3268=VERTEX_POINT('',#7292);
#3269=VERTEX_POINT('',#7372);
#3270=VERTEX_POINT('',#7373);
#3271=VERTEX_POINT('',#7375);
#3272=VERTEX_POINT('',#7379);
#3273=VERTEX_POINT('',#7383);
#3274=VERTEX_POINT('',#7385);
#3275=VERTEX_POINT('',#7387);
#3276=VERTEX_POINT('',#7389);
#3277=VERTEX_POINT('',#7393);
#3278=VERTEX_POINT('',#7395);
#3279=VERTEX_POINT('',#7399);
#3280=VERTEX_POINT('',#7403);
#3281=VERTEX_POINT('',#7405);
#3282=VERTEX_POINT('',#7407);
#3283=VERTEX_POINT('',#7409);
#3284=VERTEX_POINT('',#7411);
#3285=VERTEX_POINT('',#7413);
#3286=VERTEX_POINT('',#7417);
#3287=VERTEX_POINT('',#7421);
#3288=B_SPLINE_CURVE_WITH_KNOTS('',3,(#5214,#5215,#5216,#5217,#5218,#5219,
#5220,#5221),.UNSPECIFIED.,.T.,.F.,(1,3,1,1,1,1,3,1),(-0.322325348900399,
0.,0.117526689515788,0.235053379031577,0.557378727931976,0.677674651099601,
1.,1.11752668951579),.UNSPECIFIED.);
#3289=B_SPLINE_CURVE_WITH_KNOTS('',3,(#5223,#5224,#5225,#5226,#5227,#5228,
#5229,#5230),.UNSPECIFIED.,.T.,.F.,(1,3,1,1,1,1,3,1),(-0.322325348900399,
0.,0.117526689515788,0.235053379031577,0.557378727931976,0.677674651099601,
1.,1.11752668951579),.UNSPECIFIED.);
#3290=B_SPLINE_CURVE_WITH_KNOTS('',2,(#5243,#5244,#5245),.UNSPECIFIED.,
 .F.,.F.,(3,3),(0.,1.),.PIECEWISE_BEZIER_KNOTS.);
#3291=B_SPLINE_CURVE_WITH_KNOTS('',2,(#5249,#5250,#5251),.UNSPECIFIED.,
 .F.,.F.,(3,3),(0.,1.),.PIECEWISE_BEZIER_KNOTS.);
#3292=B_SPLINE_CURVE_WITH_KNOTS('',2,(#5263,#5264,#5265),.UNSPECIFIED.,
 .F.,.F.,(3,3),(0.,1.),.PIECEWISE_BEZIER_KNOTS.);
#3293=B_SPLINE_CURVE_WITH_KNOTS('',2,(#5269,#5270,#5271),.UNSPECIFIED.,
 .F.,.F.,(3,3),(0.,1.),.PIECEWISE_BEZIER_KNOTS.);
#3294=B_SPLINE_CURVE_WITH_KNOTS('',2,(#5279,#5280,#5281),.UNSPECIFIED.,
 .F.,.F.,(3,3),(0.,1.),.PIECEWISE_BEZIER_KNOTS.);
#3295=B_SPLINE_CURVE_WITH_KNOTS('',2,(#5283,#5284,#5285),.UNSPECIFIED.,
 .F.,.F.,(3,3),(0.,1.),.PIECEWISE_BEZIER_KNOTS.);
#3296=B_SPLINE_CURVE_WITH_KNOTS('',2,(#5287,#5288,#5289),.UNSPECIFIED.,
 .F.,.F.,(3,3),(0.,1.),.PIECEWISE_BEZIER_KNOTS.);
#3297=B_SPLINE_CURVE_WITH_KNOTS('',2,(#5299,#5300,#5301),.UNSPECIFIED.,
 .F.,.F.,(3,3),(0.,1.),.PIECEWISE_BEZIER_KNOTS.);
#3298=B_SPLINE_CURVE_WITH_KNOTS('',2,(#5305,#5306,#5307),.UNSPECIFIED.,
 .F.,.F.,(3,3),(0.,1.),.PIECEWISE_BEZIER_KNOTS.);
#3299=B_SPLINE_CURVE_WITH_KNOTS('',2,(#5309,#5310,#5311),.UNSPECIFIED.,
 .F.,.F.,(3,3),(0.,1.),.PIECEWISE_BEZIER_KNOTS.);
#3300=B_SPLINE_CURVE_WITH_KNOTS('',2,(#5318,#5319,#5320),.UNSPECIFIED.,
 .F.,.F.,(3,3),(0.,1.),.PIECEWISE_BEZIER_KNOTS.);
#3301=B_SPLINE_CURVE_WITH_KNOTS('',2,(#5325,#5326,#5327),.UNSPECIFIED.,
 .F.,.F.,(3,3),(0.,1.),.PIECEWISE_BEZIER_KNOTS.);
#3302=B_SPLINE_CURVE_WITH_KNOTS('',2,(#5329,#5330,#5331),.UNSPECIFIED.,
 .F.,.F.,(3,3),(0.,1.),.PIECEWISE_BEZIER_KNOTS.);
#3303=B_SPLINE_CURVE_WITH_KNOTS('',2,(#5333,#5334,#5335),.UNSPECIFIED.,
 .F.,.F.,(3,3),(0.,1.),.PIECEWISE_BEZIER_KNOTS.);
#3304=B_SPLINE_CURVE_WITH_KNOTS('',2,(#5337,#5338,#5339),.UNSPECIFIED.,
 .F.,.F.,(3,3),(0.,1.),.PIECEWISE_BEZIER_KNOTS.);
#3305=B_SPLINE_CURVE_WITH_KNOTS('',2,(#5345,#5346,#5347),.UNSPECIFIED.,
 .F.,.F.,(3,3),(0.,1.),.PIECEWISE_BEZIER_KNOTS.);
#3306=B_SPLINE_CURVE_WITH_KNOTS('',2,(#5355,#5356,#5357),.UNSPECIFIED.,
 .F.,.F.,(3,3),(0.,1.),.PIECEWISE_BEZIER_KNOTS.);
#3307=B_SPLINE_CURVE_WITH_KNOTS('',2,(#5359,#5360,#5361),.UNSPECIFIED.,
 .F.,.F.,(3,3),(0.,1.),.PIECEWISE_BEZIER_KNOTS.);
#3308=B_SPLINE_CURVE_WITH_KNOTS('',2,(#5367,#5368,#5369),.UNSPECIFIED.,
 .F.,.F.,(3,3),(0.,1.),.PIECEWISE_BEZIER_KNOTS.);
#3309=B_SPLINE_CURVE_WITH_KNOTS('',2,(#5371,#5372,#5373),.UNSPECIFIED.,
 .F.,.F.,(3,3),(0.,1.),.PIECEWISE_BEZIER_KNOTS.);
#3310=B_SPLINE_CURVE_WITH_KNOTS('',2,(#5375,#5376,#5377),.UNSPECIFIED.,
 .F.,.F.,(3,3),(0.,1.),.PIECEWISE_BEZIER_KNOTS.);
#3311=B_SPLINE_CURVE_WITH_KNOTS('',2,(#5379,#5380,#5381),.UNSPECIFIED.,
 .F.,.F.,(3,3),(0.,1.),.PIECEWISE_BEZIER_KNOTS.);
#3312=B_SPLINE_CURVE_WITH_KNOTS('',2,(#5389,#5390,#5391),.UNSPECIFIED.,
 .F.,.F.,(3,3),(0.,1.),.PIECEWISE_BEZIER_KNOTS.);
#3313=B_SPLINE_CURVE_WITH_KNOTS('',2,(#5393,#5394,#5395),.UNSPECIFIED.,
 .F.,.F.,(3,3),(0.,1.),.PIECEWISE_BEZIER_KNOTS.);
#3314=B_SPLINE_CURVE_WITH_KNOTS('',2,(#5397,#5398,#5399),.UNSPECIFIED.,
 .F.,.F.,(3,3),(0.,1.),.PIECEWISE_BEZIER_KNOTS.);
#3315=B_SPLINE_CURVE_WITH_KNOTS('',2,(#5409,#5410,#5411),.UNSPECIFIED.,
 .F.,.F.,(3,3),(0.,1.),.PIECEWISE_BEZIER_KNOTS.);
#3316=B_SPLINE_CURVE_WITH_KNOTS('',2,(#5415,#5416,#5417),.UNSPECIFIED.,
 .F.,.F.,(3,3),(0.,1.),.PIECEWISE_BEZIER_KNOTS.);
#3317=B_SPLINE_CURVE_WITH_KNOTS('',2,(#5419,#5420,#5421),.UNSPECIFIED.,
 .F.,.F.,(3,3),(0.,1.),.PIECEWISE_BEZIER_KNOTS.);
#3318=B_SPLINE_CURVE_WITH_KNOTS('',2,(#5445,#5446,#5447),.UNSPECIFIED.,
 .F.,.F.,(3,3),(0.,1.),.PIECEWISE_BEZIER_KNOTS.);
#3319=B_SPLINE_CURVE_WITH_KNOTS('',2,(#5449,#5450,#5451),.UNSPECIFIED.,
 .F.,.F.,(3,3),(0.,1.),.PIECEWISE_BEZIER_KNOTS.);
#3320=B_SPLINE_CURVE_WITH_KNOTS('',2,(#5459,#5460,#5461),.UNSPECIFIED.,
 .F.,.F.,(3,3),(0.,1.),.PIECEWISE_BEZIER_KNOTS.);
#3321=B_SPLINE_CURVE_WITH_KNOTS('',2,(#5463,#5464,#5465),.UNSPECIFIED.,
 .F.,.F.,(3,3),(0.,1.),.PIECEWISE_BEZIER_KNOTS.);
#3322=B_SPLINE_CURVE_WITH_KNOTS('',2,(#5468,#5469,#5470),.UNSPECIFIED.,
 .F.,.F.,(3,3),(0.,1.),.PIECEWISE_BEZIER_KNOTS.);
#3323=B_SPLINE_CURVE_WITH_KNOTS('',2,(#5475,#5476,#5477),.UNSPECIFIED.,
 .F.,.F.,(3,3),(0.,1.),.PIECEWISE_BEZIER_KNOTS.);
#3324=B_SPLINE_CURVE_WITH_KNOTS('',2,(#5479,#5480,#5481),.UNSPECIFIED.,
 .F.,.F.,(3,3),(0.,1.),.PIECEWISE_BEZIER_KNOTS.);
#3325=B_SPLINE_CURVE_WITH_KNOTS('',2,(#5483,#5484,#5485),.UNSPECIFIED.,
 .F.,.F.,(3,3),(0.,1.),.PIECEWISE_BEZIER_KNOTS.);
#3326=B_SPLINE_CURVE_WITH_KNOTS('',2,(#5487,#5488,#5489),.UNSPECIFIED.,
 .F.,.F.,(3,3),(0.,1.),.PIECEWISE_BEZIER_KNOTS.);
#3327=B_SPLINE_CURVE_WITH_KNOTS('',2,(#5495,#5496,#5497),.UNSPECIFIED.,
 .F.,.F.,(3,3),(0.,1.),.PIECEWISE_BEZIER_KNOTS.);
#3328=B_SPLINE_CURVE_WITH_KNOTS('',2,(#5505,#5506,#5507),.UNSPECIFIED.,
 .F.,.F.,(3,3),(0.,1.),.PIECEWISE_BEZIER_KNOTS.);
#3329=B_SPLINE_CURVE_WITH_KNOTS('',2,(#5509,#5510,#5511),.UNSPECIFIED.,
 .F.,.F.,(3,3),(0.,1.),.PIECEWISE_BEZIER_KNOTS.);
#3330=B_SPLINE_CURVE_WITH_KNOTS('',2,(#5517,#5518,#5519),.UNSPECIFIED.,
 .F.,.F.,(3,3),(0.,1.),.PIECEWISE_BEZIER_KNOTS.);
#3331=B_SPLINE_CURVE_WITH_KNOTS('',2,(#5521,#5522,#5523),.UNSPECIFIED.,
 .F.,.F.,(3,3),(0.,1.),.PIECEWISE_BEZIER_KNOTS.);
#3332=B_SPLINE_CURVE_WITH_KNOTS('',2,(#5525,#5526,#5527),.UNSPECIFIED.,
 .F.,.F.,(3,3),(0.,1.),.PIECEWISE_BEZIER_KNOTS.);
#3333=B_SPLINE_CURVE_WITH_KNOTS('',2,(#5529,#5530,#5531),.UNSPECIFIED.,
 .F.,.F.,(3,3),(0.,1.),.PIECEWISE_BEZIER_KNOTS.);
#3334=B_SPLINE_CURVE_WITH_KNOTS('',2,(#5537,#5538,#5539),.UNSPECIFIED.,
 .F.,.F.,(3,3),(0.,1.),.PIECEWISE_BEZIER_KNOTS.);
#3335=B_SPLINE_CURVE_WITH_KNOTS('',2,(#5541,#5542,#5543),.UNSPECIFIED.,
 .F.,.F.,(3,3),(0.,1.),.PIECEWISE_BEZIER_KNOTS.);
#3336=B_SPLINE_CURVE_WITH_KNOTS('',2,(#5545,#5546,#5547),.UNSPECIFIED.,
 .F.,.F.,(3,3),(0.,1.),.PIECEWISE_BEZIER_KNOTS.);
#3337=B_SPLINE_CURVE_WITH_KNOTS('',2,(#5549,#5550,#5551),.UNSPECIFIED.,
 .F.,.F.,(3,3),(0.,1.),.PIECEWISE_BEZIER_KNOTS.);
#3338=B_SPLINE_CURVE_WITH_KNOTS('',2,(#5553,#5554,#5555),.UNSPECIFIED.,
 .F.,.F.,(3,3),(0.,1.),.PIECEWISE_BEZIER_KNOTS.);
#3339=B_SPLINE_CURVE_WITH_KNOTS('',2,(#5557,#5558,#5559),.UNSPECIFIED.,
 .F.,.F.,(3,3),(0.,1.),.PIECEWISE_BEZIER_KNOTS.);
#3340=B_SPLINE_CURVE_WITH_KNOTS('',2,(#5563,#5564,#5565),.UNSPECIFIED.,
 .F.,.F.,(3,3),(0.,1.),.PIECEWISE_BEZIER_KNOTS.);
#3341=B_SPLINE_CURVE_WITH_KNOTS('',2,(#5567,#5568,#5569),.UNSPECIFIED.,
 .F.,.F.,(3,3),(0.,1.),.PIECEWISE_BEZIER_KNOTS.);
#3342=B_SPLINE_CURVE_WITH_KNOTS('',2,(#5577,#5578,#5579),.UNSPECIFIED.,
 .F.,.F.,(3,3),(0.,1.),.PIECEWISE_BEZIER_KNOTS.);
#3343=B_SPLINE_CURVE_WITH_KNOTS('',2,(#5581,#5582,#5583),.UNSPECIFIED.,
 .F.,.F.,(3,3),(0.,1.),.PIECEWISE_BEZIER_KNOTS.);
#3344=B_SPLINE_CURVE_WITH_KNOTS('',2,(#5591,#5592,#5593),.UNSPECIFIED.,
 .F.,.F.,(3,3),(0.,1.),.PIECEWISE_BEZIER_KNOTS.);
#3345=B_SPLINE_CURVE_WITH_KNOTS('',2,(#5595,#5596,#5597),.UNSPECIFIED.,
 .F.,.F.,(3,3),(0.,1.),.PIECEWISE_BEZIER_KNOTS.);
#3346=B_SPLINE_CURVE_WITH_KNOTS('',2,(#5599,#5600,#5601),.UNSPECIFIED.,
 .F.,.F.,(3,3),(0.,1.),.PIECEWISE_BEZIER_KNOTS.);
#3347=B_SPLINE_CURVE_WITH_KNOTS('',2,(#5603,#5604,#5605),.UNSPECIFIED.,
 .F.,.F.,(3,3),(0.,1.),.PIECEWISE_BEZIER_KNOTS.);
#3348=B_SPLINE_CURVE_WITH_KNOTS('',2,(#5607,#5608,#5609),.UNSPECIFIED.,
 .F.,.F.,(3,3),(0.,1.),.PIECEWISE_BEZIER_KNOTS.);
#3349=B_SPLINE_CURVE_WITH_KNOTS('',2,(#5611,#5612,#5613),.UNSPECIFIED.,
 .F.,.F.,(3,3),(0.,1.),.PIECEWISE_BEZIER_KNOTS.);
#3350=B_SPLINE_CURVE_WITH_KNOTS('',2,(#5623,#5624,#5625),.UNSPECIFIED.,
 .F.,.F.,(3,3),(0.,1.),.PIECEWISE_BEZIER_KNOTS.);
#3351=B_SPLINE_CURVE_WITH_KNOTS('',2,(#5627,#5628,#5629),.UNSPECIFIED.,
 .F.,.F.,(3,3),(0.,1.),.PIECEWISE_BEZIER_KNOTS.);
#3352=B_SPLINE_CURVE_WITH_KNOTS('',2,(#5631,#5632,#5633),.UNSPECIFIED.,
 .F.,.F.,(3,3),(0.,1.),.PIECEWISE_BEZIER_KNOTS.);
#3353=B_SPLINE_CURVE_WITH_KNOTS('',2,(#5643,#5644,#5645),.UNSPECIFIED.,
 .F.,.F.,(3,3),(0.,1.),.PIECEWISE_BEZIER_KNOTS.);
#3354=B_SPLINE_CURVE_WITH_KNOTS('',2,(#5649,#5650,#5651),.UNSPECIFIED.,
 .F.,.F.,(3,3),(0.,1.),.PIECEWISE_BEZIER_KNOTS.);
#3355=B_SPLINE_CURVE_WITH_KNOTS('',2,(#5653,#5654,#5655),.UNSPECIFIED.,
 .F.,.F.,(3,3),(0.,1.),.PIECEWISE_BEZIER_KNOTS.);
#3356=B_SPLINE_CURVE_WITH_KNOTS('',2,(#5671,#5672,#5673),.UNSPECIFIED.,
 .F.,.F.,(3,3),(0.,1.),.PIECEWISE_BEZIER_KNOTS.);
#3357=B_SPLINE_CURVE_WITH_KNOTS('',2,(#5675,#5676,#5677),.UNSPECIFIED.,
 .F.,.F.,(3,3),(0.,1.),.PIECEWISE_BEZIER_KNOTS.);
#3358=B_SPLINE_CURVE_WITH_KNOTS('',2,(#5683,#5684,#5685),.UNSPECIFIED.,
 .F.,.F.,(3,3),(0.,1.),.PIECEWISE_BEZIER_KNOTS.);
#3359=B_SPLINE_CURVE_WITH_KNOTS('',2,(#5691,#5692,#5693),.UNSPECIFIED.,
 .F.,.F.,(3,3),(0.,1.),.PIECEWISE_BEZIER_KNOTS.);
#3360=B_SPLINE_CURVE_WITH_KNOTS('',2,(#5695,#5696,#5697),.UNSPECIFIED.,
 .F.,.F.,(3,3),(0.,1.),.PIECEWISE_BEZIER_KNOTS.);
#3361=B_SPLINE_CURVE_WITH_KNOTS('',2,(#5699,#5700,#5701),.UNSPECIFIED.,
 .F.,.F.,(3,3),(0.,1.),.PIECEWISE_BEZIER_KNOTS.);
#3362=B_SPLINE_CURVE_WITH_KNOTS('',2,(#5705,#5706,#5707),.UNSPECIFIED.,
 .F.,.F.,(3,3),(0.,1.),.PIECEWISE_BEZIER_KNOTS.);
#3363=B_SPLINE_CURVE_WITH_KNOTS('',2,(#5715,#5716,#5717),.UNSPECIFIED.,
 .F.,.F.,(3,3),(0.,1.),.PIECEWISE_BEZIER_KNOTS.);
#3364=B_SPLINE_CURVE_WITH_KNOTS('',2,(#5719,#5720,#5721),.UNSPECIFIED.,
 .F.,.F.,(3,3),(0.,1.),.PIECEWISE_BEZIER_KNOTS.);
#3365=B_SPLINE_CURVE_WITH_KNOTS('',2,(#5723,#5724,#5725),.UNSPECIFIED.,
 .F.,.F.,(3,3),(0.,1.),.PIECEWISE_BEZIER_KNOTS.);
#3366=B_SPLINE_CURVE_WITH_KNOTS('',2,(#5731,#5732,#5733),.UNSPECIFIED.,
 .F.,.F.,(3,3),(0.,1.),.PIECEWISE_BEZIER_KNOTS.);
#3367=B_SPLINE_CURVE_WITH_KNOTS('',2,(#5735,#5736,#5737),.UNSPECIFIED.,
 .F.,.F.,(3,3),(0.,1.),.PIECEWISE_BEZIER_KNOTS.);
#3368=B_SPLINE_CURVE_WITH_KNOTS('',2,(#5739,#5740,#5741),.UNSPECIFIED.,
 .F.,.F.,(3,3),(0.,1.),.PIECEWISE_BEZIER_KNOTS.);
#3369=B_SPLINE_CURVE_WITH_KNOTS('',2,(#5747,#5748,#5749),.UNSPECIFIED.,
 .F.,.F.,(3,3),(0.,1.),.PIECEWISE_BEZIER_KNOTS.);
#3370=B_SPLINE_CURVE_WITH_KNOTS('',2,(#5751,#5752,#5753),.UNSPECIFIED.,
 .F.,.F.,(3,3),(0.,1.),.PIECEWISE_BEZIER_KNOTS.);
#3371=B_SPLINE_CURVE_WITH_KNOTS('',2,(#5755,#5756,#5757),.UNSPECIFIED.,
 .F.,.F.,(3,3),(0.,1.),.PIECEWISE_BEZIER_KNOTS.);
#3372=B_SPLINE_CURVE_WITH_KNOTS('',2,(#5767,#5768,#5769),.UNSPECIFIED.,
 .F.,.F.,(3,3),(0.,1.),.PIECEWISE_BEZIER_KNOTS.);
#3373=B_SPLINE_CURVE_WITH_KNOTS('',2,(#5773,#5774,#5775),.UNSPECIFIED.,
 .F.,.F.,(3,3),(0.,1.),.PIECEWISE_BEZIER_KNOTS.);
#3374=B_SPLINE_CURVE_WITH_KNOTS('',2,(#5777,#5778,#5779),.UNSPECIFIED.,
 .F.,.F.,(3,3),(0.,1.),.PIECEWISE_BEZIER_KNOTS.);
#3375=B_SPLINE_CURVE_WITH_KNOTS('',2,(#5793,#5794,#5795),.UNSPECIFIED.,
 .F.,.F.,(3,3),(0.,1.),.PIECEWISE_BEZIER_KNOTS.);
#3376=B_SPLINE_CURVE_WITH_KNOTS('',2,(#5797,#5798,#5799),.UNSPECIFIED.,
 .F.,.F.,(3,3),(0.,1.),.PIECEWISE_BEZIER_KNOTS.);
#3377=B_SPLINE_CURVE_WITH_KNOTS('',2,(#5811,#5812,#5813),.UNSPECIFIED.,
 .F.,.F.,(3,3),(0.,1.),.PIECEWISE_BEZIER_KNOTS.);
#3378=B_SPLINE_CURVE_WITH_KNOTS('',2,(#5815,#5816,#5817),.UNSPECIFIED.,
 .F.,.F.,(3,3),(0.,1.),.PIECEWISE_BEZIER_KNOTS.);
#3379=B_SPLINE_CURVE_WITH_KNOTS('',2,(#5821,#5822,#5823),.UNSPECIFIED.,
 .F.,.F.,(3,3),(0.,1.),.PIECEWISE_BEZIER_KNOTS.);
#3380=B_SPLINE_CURVE_WITH_KNOTS('',2,(#5831,#5832,#5833),.UNSPECIFIED.,
 .F.,.F.,(3,3),(0.,1.),.PIECEWISE_BEZIER_KNOTS.);
#3381=B_SPLINE_CURVE_WITH_KNOTS('',2,(#5835,#5836,#5837),.UNSPECIFIED.,
 .F.,.F.,(3,3),(0.,1.),.PIECEWISE_BEZIER_KNOTS.);
#3382=B_SPLINE_CURVE_WITH_KNOTS('',2,(#5847,#5848,#5849),.UNSPECIFIED.,
 .F.,.F.,(3,3),(0.,1.),.PIECEWISE_BEZIER_KNOTS.);
#3383=B_SPLINE_CURVE_WITH_KNOTS('',2,(#5853,#5854,#5855),.UNSPECIFIED.,
 .F.,.F.,(3,3),(0.,1.),.PIECEWISE_BEZIER_KNOTS.);
#3384=B_SPLINE_CURVE_WITH_KNOTS('',2,(#5867,#5868,#5869),.UNSPECIFIED.,
 .F.,.F.,(3,3),(0.,1.),.PIECEWISE_BEZIER_KNOTS.);
#3385=B_SPLINE_CURVE_WITH_KNOTS('',2,(#5873,#5874,#5875),.UNSPECIFIED.,
 .F.,.F.,(3,3),(0.,1.),.PIECEWISE_BEZIER_KNOTS.);
#3386=B_SPLINE_CURVE_WITH_KNOTS('',2,(#5944,#5945,#5946),.UNSPECIFIED.,
 .F.,.F.,(3,3),(0.,1.),.PIECEWISE_BEZIER_KNOTS.);
#3387=B_SPLINE_CURVE_WITH_KNOTS('',2,(#5948,#5949,#5950),.UNSPECIFIED.,
 .F.,.F.,(3,3),(0.,1.),.PIECEWISE_BEZIER_KNOTS.);
#3388=B_SPLINE_CURVE_WITH_KNOTS('',2,(#5954,#5955,#5956),.UNSPECIFIED.,
 .F.,.F.,(3,3),(0.,1.),.PIECEWISE_BEZIER_KNOTS.);
#3389=B_SPLINE_CURVE_WITH_KNOTS('',2,(#5966,#5967,#5968),.UNSPECIFIED.,
 .F.,.F.,(3,3),(0.,1.),.PIECEWISE_BEZIER_KNOTS.);
#3390=B_SPLINE_CURVE_WITH_KNOTS('',2,(#5970,#5971,#5972),.UNSPECIFIED.,
 .F.,.F.,(3,3),(0.,1.),.PIECEWISE_BEZIER_KNOTS.);
#3391=B_SPLINE_CURVE_WITH_KNOTS('',2,(#5974,#5975,#5976),.UNSPECIFIED.,
 .F.,.F.,(3,3),(0.,1.),.PIECEWISE_BEZIER_KNOTS.);
#3392=B_SPLINE_CURVE_WITH_KNOTS('',2,(#6055,#6056,#6057),.UNSPECIFIED.,
 .F.,.F.,(3,3),(0.,1.),.PIECEWISE_BEZIER_KNOTS.);
#3393=B_SPLINE_CURVE_WITH_KNOTS('',2,(#6059,#6060,#6061),.UNSPECIFIED.,
 .F.,.F.,(3,3),(0.,1.),.PIECEWISE_BEZIER_KNOTS.);
#3394=B_SPLINE_CURVE_WITH_KNOTS('',2,(#6063,#6064,#6065),.UNSPECIFIED.,
 .F.,.F.,(3,3),(0.,1.),.PIECEWISE_BEZIER_KNOTS.);
#3395=B_SPLINE_CURVE_WITH_KNOTS('',2,(#6067,#6068,#6069),.UNSPECIFIED.,
 .F.,.F.,(3,3),(0.,1.),.PIECEWISE_BEZIER_KNOTS.);
#3396=B_SPLINE_CURVE_WITH_KNOTS('',2,(#6071,#6072,#6073),.UNSPECIFIED.,
 .F.,.F.,(3,3),(0.,1.),.PIECEWISE_BEZIER_KNOTS.);
#3397=B_SPLINE_CURVE_WITH_KNOTS('',2,(#6079,#6080,#6081),.UNSPECIFIED.,
 .F.,.F.,(3,3),(0.,1.),.PIECEWISE_BEZIER_KNOTS.);
#3398=B_SPLINE_CURVE_WITH_KNOTS('',2,(#6083,#6084,#6085),.UNSPECIFIED.,
 .F.,.F.,(3,3),(0.,1.),.PIECEWISE_BEZIER_KNOTS.);
#3399=B_SPLINE_CURVE_WITH_KNOTS('',2,(#6093,#6094,#6095),.UNSPECIFIED.,
 .F.,.F.,(3,3),(0.,1.),.PIECEWISE_BEZIER_KNOTS.);
#3400=B_SPLINE_CURVE_WITH_KNOTS('',2,(#6101,#6102,#6103),.UNSPECIFIED.,
 .F.,.F.,(3,3),(0.,1.),.PIECEWISE_BEZIER_KNOTS.);
#3401=B_SPLINE_CURVE_WITH_KNOTS('',2,(#6105,#6106,#6107),.UNSPECIFIED.,
 .F.,.F.,(3,3),(0.,1.),.PIECEWISE_BEZIER_KNOTS.);
#3402=B_SPLINE_CURVE_WITH_KNOTS('',2,(#6109,#6110,#6111),.UNSPECIFIED.,
 .F.,.F.,(3,3),(0.,1.),.PIECEWISE_BEZIER_KNOTS.);
#3403=B_SPLINE_CURVE_WITH_KNOTS('',2,(#6113,#6114,#6115),.UNSPECIFIED.,
 .F.,.F.,(3,3),(0.,1.),.PIECEWISE_BEZIER_KNOTS.);
#3404=B_SPLINE_CURVE_WITH_KNOTS('',2,(#6254,#6255,#6256),.UNSPECIFIED.,
 .F.,.F.,(3,3),(0.,1.),.PIECEWISE_BEZIER_KNOTS.);
#3405=B_SPLINE_CURVE_WITH_KNOTS('',2,(#6258,#6259,#6260),.UNSPECIFIED.,
 .F.,.F.,(3,3),(0.,1.),.PIECEWISE_BEZIER_KNOTS.);
#3406=B_SPLINE_CURVE_WITH_KNOTS('',2,(#6264,#6265,#6266),.UNSPECIFIED.,
 .F.,.F.,(3,3),(0.,1.),.PIECEWISE_BEZIER_KNOTS.);
#3407=B_SPLINE_CURVE_WITH_KNOTS('',2,(#6276,#6277,#6278),.UNSPECIFIED.,
 .F.,.F.,(3,3),(0.,1.),.PIECEWISE_BEZIER_KNOTS.);
#3408=B_SPLINE_CURVE_WITH_KNOTS('',2,(#6280,#6281,#6282),.UNSPECIFIED.,
 .F.,.F.,(3,3),(0.,1.),.PIECEWISE_BEZIER_KNOTS.);
#3409=B_SPLINE_CURVE_WITH_KNOTS('',2,(#6284,#6285,#6286),.UNSPECIFIED.,
 .F.,.F.,(3,3),(0.,1.),.PIECEWISE_BEZIER_KNOTS.);
#3410=B_SPLINE_CURVE_WITH_KNOTS('',2,(#6375,#6376,#6377),.UNSPECIFIED.,
 .F.,.F.,(3,3),(0.,1.),.PIECEWISE_BEZIER_KNOTS.);
#3411=B_SPLINE_CURVE_WITH_KNOTS('',2,(#6379,#6380,#6381),.UNSPECIFIED.,
 .F.,.F.,(3,3),(0.,1.),.PIECEWISE_BEZIER_KNOTS.);
#3412=B_SPLINE_CURVE_WITH_KNOTS('',2,(#6389,#6390,#6391),.UNSPECIFIED.,
 .F.,.F.,(3,3),(0.,1.),.PIECEWISE_BEZIER_KNOTS.);
#3413=B_SPLINE_CURVE_WITH_KNOTS('',2,(#6393,#6394,#6395),.UNSPECIFIED.,
 .F.,.F.,(3,3),(0.,1.),.PIECEWISE_BEZIER_KNOTS.);
#3414=B_SPLINE_CURVE_WITH_KNOTS('',2,(#6468,#6469,#6470),.UNSPECIFIED.,
 .F.,.F.,(3,3),(0.,1.),.PIECEWISE_BEZIER_KNOTS.);
#3415=B_SPLINE_CURVE_WITH_KNOTS('',2,(#6472,#6473,#6474),.UNSPECIFIED.,
 .F.,.F.,(3,3),(0.,1.),.PIECEWISE_BEZIER_KNOTS.);
#3416=B_SPLINE_CURVE_WITH_KNOTS('',2,(#6476,#6477,#6478),.UNSPECIFIED.,
 .F.,.F.,(3,3),(0.,1.),.PIECEWISE_BEZIER_KNOTS.);
#3417=B_SPLINE_CURVE_WITH_KNOTS('',2,(#6480,#6481,#6482),.UNSPECIFIED.,
 .F.,.F.,(3,3),(0.,1.),.PIECEWISE_BEZIER_KNOTS.);
#3418=B_SPLINE_CURVE_WITH_KNOTS('',2,(#6484,#6485,#6486),.UNSPECIFIED.,
 .F.,.F.,(3,3),(0.,1.),.PIECEWISE_BEZIER_KNOTS.);
#3419=B_SPLINE_CURVE_WITH_KNOTS('',2,(#6492,#6493,#6494),.UNSPECIFIED.,
 .F.,.F.,(3,3),(0.,1.),.PIECEWISE_BEZIER_KNOTS.);
#3420=B_SPLINE_CURVE_WITH_KNOTS('',2,(#6496,#6497,#6498),.UNSPECIFIED.,
 .F.,.F.,(3,3),(0.,1.),.PIECEWISE_BEZIER_KNOTS.);
#3421=B_SPLINE_CURVE_WITH_KNOTS('',2,(#6506,#6507,#6508),.UNSPECIFIED.,
 .F.,.F.,(3,3),(0.,1.),.PIECEWISE_BEZIER_KNOTS.);
#3422=B_SPLINE_CURVE_WITH_KNOTS('',2,(#6514,#6515,#6516),.UNSPECIFIED.,
 .F.,.F.,(3,3),(0.,1.),.PIECEWISE_BEZIER_KNOTS.);
#3423=B_SPLINE_CURVE_WITH_KNOTS('',2,(#6518,#6519,#6520),.UNSPECIFIED.,
 .F.,.F.,(3,3),(0.,1.),.PIECEWISE_BEZIER_KNOTS.);
#3424=B_SPLINE_CURVE_WITH_KNOTS('',2,(#6522,#6523,#6524),.UNSPECIFIED.,
 .F.,.F.,(3,3),(0.,1.),.PIECEWISE_BEZIER_KNOTS.);
#3425=B_SPLINE_CURVE_WITH_KNOTS('',2,(#6526,#6527,#6528),.UNSPECIFIED.,
 .F.,.F.,(3,3),(0.,1.),.PIECEWISE_BEZIER_KNOTS.);
#3426=B_SPLINE_CURVE_WITH_KNOTS('',2,(#6661,#6662,#6663),.UNSPECIFIED.,
 .F.,.F.,(3,3),(0.,1.),.PIECEWISE_BEZIER_KNOTS.);
#3427=B_SPLINE_CURVE_WITH_KNOTS('',2,(#6665,#6666,#6667),.UNSPECIFIED.,
 .F.,.F.,(3,3),(0.,1.),.PIECEWISE_BEZIER_KNOTS.);
#3428=B_SPLINE_CURVE_WITH_KNOTS('',2,(#6669,#6670,#6671),.UNSPECIFIED.,
 .F.,.F.,(3,3),(0.,1.),.PIECEWISE_BEZIER_KNOTS.);
#3429=B_SPLINE_CURVE_WITH_KNOTS('',2,(#6673,#6674,#6675),.UNSPECIFIED.,
 .F.,.F.,(3,3),(0.,1.),.PIECEWISE_BEZIER_KNOTS.);
#3430=B_SPLINE_CURVE_WITH_KNOTS('',2,(#6677,#6678,#6679),.UNSPECIFIED.,
 .F.,.F.,(3,3),(0.,1.),.PIECEWISE_BEZIER_KNOTS.);
#3431=B_SPLINE_CURVE_WITH_KNOTS('',2,(#6681,#6682,#6683),.UNSPECIFIED.,
 .F.,.F.,(3,3),(0.,1.),.PIECEWISE_BEZIER_KNOTS.);
#3432=B_SPLINE_CURVE_WITH_KNOTS('',2,(#6691,#6692,#6693),.UNSPECIFIED.,
 .F.,.F.,(3,3),(0.,1.),.PIECEWISE_BEZIER_KNOTS.);
#3433=B_SPLINE_CURVE_WITH_KNOTS('',2,(#6695,#6696,#6697),.UNSPECIFIED.,
 .F.,.F.,(3,3),(0.,1.),.PIECEWISE_BEZIER_KNOTS.);
#3434=B_SPLINE_CURVE_WITH_KNOTS('',2,(#6705,#6706,#6707),.UNSPECIFIED.,
 .F.,.F.,(3,3),(0.,1.),.PIECEWISE_BEZIER_KNOTS.);
#3435=B_SPLINE_CURVE_WITH_KNOTS('',2,(#6709,#6710,#6711),.UNSPECIFIED.,
 .F.,.F.,(3,3),(0.,1.),.PIECEWISE_BEZIER_KNOTS.);
#3436=B_SPLINE_CURVE_WITH_KNOTS('',2,(#6715,#6716,#6717),.UNSPECIFIED.,
 .F.,.F.,(3,3),(0.,1.),.PIECEWISE_BEZIER_KNOTS.);
#3437=B_SPLINE_CURVE_WITH_KNOTS('',2,(#6719,#6720,#6721),.UNSPECIFIED.,
 .F.,.F.,(3,3),(0.,1.),.PIECEWISE_BEZIER_KNOTS.);
#3438=B_SPLINE_CURVE_WITH_KNOTS('',2,(#6723,#6724,#6725),.UNSPECIFIED.,
 .F.,.F.,(3,3),(0.,1.),.PIECEWISE_BEZIER_KNOTS.);
#3439=B_SPLINE_CURVE_WITH_KNOTS('',2,(#6727,#6728,#6729),.UNSPECIFIED.,
 .F.,.F.,(3,3),(0.,1.),.PIECEWISE_BEZIER_KNOTS.);
#3440=B_SPLINE_CURVE_WITH_KNOTS('',2,(#6731,#6732,#6733),.UNSPECIFIED.,
 .F.,.F.,(3,3),(0.,1.),.PIECEWISE_BEZIER_KNOTS.);
#3441=B_SPLINE_CURVE_WITH_KNOTS('',2,(#6735,#6736,#6737),.UNSPECIFIED.,
 .F.,.F.,(3,3),(0.,1.),.PIECEWISE_BEZIER_KNOTS.);
#3442=B_SPLINE_CURVE_WITH_KNOTS('',2,(#6916,#6917,#6918),.UNSPECIFIED.,
 .F.,.F.,(3,3),(0.,1.),.PIECEWISE_BEZIER_KNOTS.);
#3443=B_SPLINE_CURVE_WITH_KNOTS('',2,(#6920,#6921,#6922),.UNSPECIFIED.,
 .F.,.F.,(3,3),(0.,1.),.PIECEWISE_BEZIER_KNOTS.);
#3444=B_SPLINE_CURVE_WITH_KNOTS('',2,(#6926,#6927,#6928),.UNSPECIFIED.,
 .F.,.F.,(3,3),(0.,1.),.PIECEWISE_BEZIER_KNOTS.);
#3445=B_SPLINE_CURVE_WITH_KNOTS('',2,(#6938,#6939,#6940),.UNSPECIFIED.,
 .F.,.F.,(3,3),(0.,1.),.PIECEWISE_BEZIER_KNOTS.);
#3446=B_SPLINE_CURVE_WITH_KNOTS('',2,(#6942,#6943,#6944),.UNSPECIFIED.,
 .F.,.F.,(3,3),(0.,1.),.PIECEWISE_BEZIER_KNOTS.);
#3447=B_SPLINE_CURVE_WITH_KNOTS('',2,(#6946,#6947,#6948),.UNSPECIFIED.,
 .F.,.F.,(3,3),(0.,1.),.PIECEWISE_BEZIER_KNOTS.);
#3448=B_SPLINE_CURVE_WITH_KNOTS('',2,(#7035,#7036,#7037),.UNSPECIFIED.,
 .F.,.F.,(3,3),(0.,1.),.PIECEWISE_BEZIER_KNOTS.);
#3449=B_SPLINE_CURVE_WITH_KNOTS('',2,(#7039,#7040,#7041),.UNSPECIFIED.,
 .F.,.F.,(3,3),(0.,1.),.PIECEWISE_BEZIER_KNOTS.);
#3450=B_SPLINE_CURVE_WITH_KNOTS('',2,(#7043,#7044,#7045),.UNSPECIFIED.,
 .F.,.F.,(3,3),(0.,1.),.PIECEWISE_BEZIER_KNOTS.);
#3451=B_SPLINE_CURVE_WITH_KNOTS('',2,(#7051,#7052,#7053),.UNSPECIFIED.,
 .F.,.F.,(3,3),(0.,1.),.PIECEWISE_BEZIER_KNOTS.);
#3452=B_SPLINE_CURVE_WITH_KNOTS('',2,(#7055,#7056,#7057),.UNSPECIFIED.,
 .F.,.F.,(3,3),(0.,1.),.PIECEWISE_BEZIER_KNOTS.);
#3453=B_SPLINE_CURVE_WITH_KNOTS('',2,(#7059,#7060,#7061),.UNSPECIFIED.,
 .F.,.F.,(3,3),(0.,1.),.PIECEWISE_BEZIER_KNOTS.);
#3454=B_SPLINE_CURVE_WITH_KNOTS('',2,(#7069,#7070,#7071),.UNSPECIFIED.,
 .F.,.F.,(3,3),(0.,1.),.PIECEWISE_BEZIER_KNOTS.);
#3455=B_SPLINE_CURVE_WITH_KNOTS('',2,(#7075,#7076,#7077),.UNSPECIFIED.,
 .F.,.F.,(3,3),(0.,1.),.PIECEWISE_BEZIER_KNOTS.);
#3456=B_SPLINE_CURVE_WITH_KNOTS('',2,(#7079,#7080,#7081),.UNSPECIFIED.,
 .F.,.F.,(3,3),(0.,1.),.PIECEWISE_BEZIER_KNOTS.);
#3457=B_SPLINE_CURVE_WITH_KNOTS('',2,(#7083,#7084,#7085),.UNSPECIFIED.,
 .F.,.F.,(3,3),(0.,1.),.PIECEWISE_BEZIER_KNOTS.);
#3458=B_SPLINE_CURVE_WITH_KNOTS('',2,(#7091,#7092,#7093),.UNSPECIFIED.,
 .F.,.F.,(3,3),(0.,1.),.PIECEWISE_BEZIER_KNOTS.);
#3459=B_SPLINE_CURVE_WITH_KNOTS('',2,(#7099,#7100,#7101),.UNSPECIFIED.,
 .F.,.F.,(3,3),(0.,1.),.PIECEWISE_BEZIER_KNOTS.);
#3460=B_SPLINE_CURVE_WITH_KNOTS('',2,(#7103,#7104,#7105),.UNSPECIFIED.,
 .F.,.F.,(3,3),(0.,1.),.PIECEWISE_BEZIER_KNOTS.);
#3461=B_SPLINE_CURVE_WITH_KNOTS('',2,(#7263,#7264,#7265),.UNSPECIFIED.,
 .F.,.F.,(3,3),(0.,1.),.PIECEWISE_BEZIER_KNOTS.);
#3462=B_SPLINE_CURVE_WITH_KNOTS('',2,(#7267,#7268,#7269),.UNSPECIFIED.,
 .F.,.F.,(3,3),(0.,1.),.PIECEWISE_BEZIER_KNOTS.);
#3463=B_SPLINE_CURVE_WITH_KNOTS('',2,(#7273,#7274,#7275),.UNSPECIFIED.,
 .F.,.F.,(3,3),(0.,1.),.PIECEWISE_BEZIER_KNOTS.);
#3464=B_SPLINE_CURVE_WITH_KNOTS('',2,(#7285,#7286,#7287),.UNSPECIFIED.,
 .F.,.F.,(3,3),(0.,1.),.PIECEWISE_BEZIER_KNOTS.);
#3465=B_SPLINE_CURVE_WITH_KNOTS('',2,(#7289,#7290,#7291),.UNSPECIFIED.,
 .F.,.F.,(3,3),(0.,1.),.PIECEWISE_BEZIER_KNOTS.);
#3466=B_SPLINE_CURVE_WITH_KNOTS('',2,(#7293,#7294,#7295),.UNSPECIFIED.,
 .F.,.F.,(3,3),(0.,1.),.PIECEWISE_BEZIER_KNOTS.);
#3467=B_SPLINE_CURVE_WITH_KNOTS('',2,(#7376,#7377,#7378),.UNSPECIFIED.,
 .F.,.F.,(3,3),(0.,1.),.PIECEWISE_BEZIER_KNOTS.);
#3468=B_SPLINE_CURVE_WITH_KNOTS('',2,(#7380,#7381,#7382),.UNSPECIFIED.,
 .F.,.F.,(3,3),(0.,1.),.PIECEWISE_BEZIER_KNOTS.);
#3469=B_SPLINE_CURVE_WITH_KNOTS('',2,(#7390,#7391,#7392),.UNSPECIFIED.,
 .F.,.F.,(3,3),(0.,1.),.PIECEWISE_BEZIER_KNOTS.);
#3470=B_SPLINE_CURVE_WITH_KNOTS('',2,(#7396,#7397,#7398),.UNSPECIFIED.,
 .F.,.F.,(3,3),(0.,1.),.PIECEWISE_BEZIER_KNOTS.);
#3471=B_SPLINE_CURVE_WITH_KNOTS('',2,(#7400,#7401,#7402),.UNSPECIFIED.,
 .F.,.F.,(3,3),(0.,1.),.PIECEWISE_BEZIER_KNOTS.);
#3472=B_SPLINE_CURVE_WITH_KNOTS('',2,(#7414,#7415,#7416),.UNSPECIFIED.,
 .F.,.F.,(3,3),(0.,1.),.PIECEWISE_BEZIER_KNOTS.);
#3473=B_SPLINE_CURVE_WITH_KNOTS('',2,(#7418,#7419,#7420),.UNSPECIFIED.,
 .F.,.F.,(3,3),(0.,1.),.PIECEWISE_BEZIER_KNOTS.);
#3474=EDGE_LOOP('',(#984));
#3475=EDGE_LOOP('',(#985));
#3476=EDGE_LOOP('',(#986));
#3477=EDGE_LOOP('',(#987));
#3478=EDGE_LOOP('',(#988));
#3479=EDGE_LOOP('',(#989));
#3480=EDGE_LOOP('',(#990,#991,#992,#993,#994,#995,#996,#997,#998,#999,#1000,
#1001,#1002,#1003));
#3481=EDGE_LOOP('',(#1004,#1005,#1006,#1007,#1008,#1009,#1010,#1011,#1012,
#1013,#1014,#1015,#1016,#1017,#1018,#1019));
#3482=EDGE_LOOP('',(#1020,#1021,#1022,#1023,#1024,#1025,#1026,#1027,#1028,
#1029,#1030,#1031,#1032,#1033,#1034,#1035,#1036,#1037,#1038,#1039));
#3483=EDGE_LOOP('',(#1040,#1041,#1042,#1043,#1044,#1045,#1046,#1047,#1048,
#1049,#1050,#1051,#1052,#1053,#1054,#1055,#1056,#1057));
#3484=EDGE_LOOP('',(#1058,#1059,#1060,#1061,#1062,#1063,#1064,#1065,#1066,
#1067,#1068,#1069,#1070,#1071,#1072));
#3485=EDGE_LOOP('',(#1073,#1074,#1075,#1076,#1077,#1078,#1079,#1080,#1081,
#1082,#1083,#1084,#1085,#1086,#1087,#1088,#1089,#1090,#1091,#1092));
#3486=EDGE_LOOP('',(#1093,#1094,#1095,#1096,#1097,#1098,#1099,#1100,#1101,
#1102,#1103,#1104,#1105,#1106,#1107,#1108,#1109,#1110,#1111,#1112,#1113,
#1114,#1115,#1116,#1117,#1118));
#3487=EDGE_LOOP('',(#1119,#1120,#1121,#1122,#1123,#1124,#1125,#1126,#1127,
#1128,#1129,#1130,#1131,#1132,#1133,#1134,#1135,#1136));
#3488=EDGE_LOOP('',(#1137,#1138,#1139,#1140,#1141,#1142,#1143,#1144,#1145,
#1146,#1147,#1148,#1149,#1150,#1151,#1152,#1153,#1154,#1155,#1156,#1157,
#1158,#1159,#1160,#1161,#1162));
#3489=EDGE_LOOP('',(#1163,#1164,#1165,#1166,#1167,#1168,#1169,#1170,#1171,
#1172,#1173,#1174,#1175,#1176,#1177,#1178));
#3490=EDGE_LOOP('',(#1179,#1180,#1181,#1182,#1183,#1184,#1185,#1186,#1187,
#1188,#1189,#1190,#1191,#1192,#1193,#1194,#1195,#1196,#1197));
#3491=EDGE_LOOP('',(#1198));
#3492=EDGE_LOOP('',(#1199));
#3493=EDGE_LOOP('',(#1200,#1201,#1202,#1203,#1204,#1205,#1206,#1207,#1208,
#1209,#1210,#1211,#1212,#1213));
#3494=EDGE_LOOP('',(#1214,#1215,#1216,#1217));
#3495=EDGE_LOOP('',(#1218,#1219,#1220,#1221));
#3496=EDGE_LOOP('',(#1222,#1223,#1224,#1225));
#3497=EDGE_LOOP('',(#1226,#1227,#1228,#1229));
#3498=EDGE_LOOP('',(#1230,#1231,#1232,#1233));
#3499=EDGE_LOOP('',(#1234,#1235,#1236,#1237));
#3500=EDGE_LOOP('',(#1238,#1239,#1240,#1241));
#3501=EDGE_LOOP('',(#1242,#1243,#1244,#1245));
#3502=EDGE_LOOP('',(#1246,#1247,#1248,#1249));
#3503=EDGE_LOOP('',(#1250,#1251,#1252,#1253));
#3504=EDGE_LOOP('',(#1254,#1255,#1256,#1257));
#3505=EDGE_LOOP('',(#1258,#1259,#1260,#1261));
#3506=EDGE_LOOP('',(#1262,#1263,#1264,#1265));
#3507=EDGE_LOOP('',(#1266,#1267,#1268,#1269));
#3508=EDGE_LOOP('',(#1270,#1271,#1272,#1273,#1274,#1275,#1276,#1277,#1278,
#1279,#1280,#1281,#1282,#1283,#1284,#1285));
#3509=EDGE_LOOP('',(#1286,#1287,#1288,#1289));
#3510=EDGE_LOOP('',(#1290,#1291,#1292,#1293));
#3511=EDGE_LOOP('',(#1294,#1295,#1296,#1297));
#3512=EDGE_LOOP('',(#1298,#1299,#1300,#1301));
#3513=EDGE_LOOP('',(#1302,#1303,#1304,#1305));
#3514=EDGE_LOOP('',(#1306,#1307,#1308,#1309));
#3515=EDGE_LOOP('',(#1310,#1311,#1312,#1313));
#3516=EDGE_LOOP('',(#1314,#1315,#1316,#1317));
#3517=EDGE_LOOP('',(#1318,#1319,#1320,#1321));
#3518=EDGE_LOOP('',(#1322,#1323,#1324,#1325));
#3519=EDGE_LOOP('',(#1326,#1327,#1328,#1329));
#3520=EDGE_LOOP('',(#1330,#1331,#1332,#1333));
#3521=EDGE_LOOP('',(#1334,#1335,#1336,#1337));
#3522=EDGE_LOOP('',(#1338,#1339,#1340,#1341));
#3523=EDGE_LOOP('',(#1342,#1343,#1344,#1345));
#3524=EDGE_LOOP('',(#1346,#1347,#1348,#1349));
#3525=EDGE_LOOP('',(#1350,#1351,#1352,#1353,#1354,#1355,#1356,#1357,#1358,
#1359,#1360,#1361,#1362,#1363,#1364,#1365,#1366,#1367,#1368,#1369));
#3526=EDGE_LOOP('',(#1370,#1371,#1372,#1373));
#3527=EDGE_LOOP('',(#1374,#1375,#1376,#1377));
#3528=EDGE_LOOP('',(#1378,#1379,#1380,#1381));
#3529=EDGE_LOOP('',(#1382,#1383,#1384,#1385));
#3530=EDGE_LOOP('',(#1386,#1387,#1388,#1389));
#3531=EDGE_LOOP('',(#1390,#1391,#1392,#1393));
#3532=EDGE_LOOP('',(#1394,#1395,#1396,#1397));
#3533=EDGE_LOOP('',(#1398,#1399,#1400,#1401));
#3534=EDGE_LOOP('',(#1402,#1403,#1404,#1405));
#3535=EDGE_LOOP('',(#1406,#1407,#1408,#1409));
#3536=EDGE_LOOP('',(#1410,#1411,#1412,#1413));
#3537=EDGE_LOOP('',(#1414,#1415,#1416,#1417));
#3538=EDGE_LOOP('',(#1418,#1419,#1420,#1421));
#3539=EDGE_LOOP('',(#1422,#1423,#1424,#1425));
#3540=EDGE_LOOP('',(#1426,#1427,#1428,#1429));
#3541=EDGE_LOOP('',(#1430,#1431,#1432,#1433));
#3542=EDGE_LOOP('',(#1434,#1435,#1436,#1437));
#3543=EDGE_LOOP('',(#1438,#1439,#1440,#1441));
#3544=EDGE_LOOP('',(#1442,#1443,#1444,#1445));
#3545=EDGE_LOOP('',(#1446,#1447,#1448,#1449));
#3546=EDGE_LOOP('',(#1450,#1451,#1452,#1453,#1454,#1455,#1456,#1457,#1458,
#1459,#1460,#1461,#1462,#1463,#1464,#1465,#1466,#1467));
#3547=EDGE_LOOP('',(#1468,#1469,#1470,#1471));
#3548=EDGE_LOOP('',(#1472,#1473,#1474,#1475));
#3549=EDGE_LOOP('',(#1476,#1477,#1478,#1479));
#3550=EDGE_LOOP('',(#1480,#1481,#1482,#1483));
#3551=EDGE_LOOP('',(#1484,#1485,#1486,#1487));
#3552=EDGE_LOOP('',(#1488,#1489,#1490,#1491));
#3553=EDGE_LOOP('',(#1492,#1493,#1494,#1495));
#3554=EDGE_LOOP('',(#1496,#1497,#1498,#1499));
#3555=EDGE_LOOP('',(#1500,#1501,#1502,#1503));
#3556=EDGE_LOOP('',(#1504,#1505,#1506,#1507));
#3557=EDGE_LOOP('',(#1508,#1509,#1510,#1511));
#3558=EDGE_LOOP('',(#1512,#1513,#1514,#1515));
#3559=EDGE_LOOP('',(#1516,#1517,#1518,#1519));
#3560=EDGE_LOOP('',(#1520,#1521,#1522,#1523));
#3561=EDGE_LOOP('',(#1524,#1525,#1526,#1527));
#3562=EDGE_LOOP('',(#1528,#1529,#1530,#1531));
#3563=EDGE_LOOP('',(#1532,#1533,#1534,#1535));
#3564=EDGE_LOOP('',(#1536,#1537,#1538,#1539));
#3565=EDGE_LOOP('',(#1540,#1541,#1542,#1543,#1544,#1545,#1546,#1547,#1548,
#1549,#1550,#1551,#1552,#1553,#1554));
#3566=EDGE_LOOP('',(#1555,#1556,#1557,#1558));
#3567=EDGE_LOOP('',(#1559,#1560,#1561,#1562));
#3568=EDGE_LOOP('',(#1563,#1564,#1565,#1566));
#3569=EDGE_LOOP('',(#1567,#1568,#1569,#1570));
#3570=EDGE_LOOP('',(#1571,#1572,#1573,#1574));
#3571=EDGE_LOOP('',(#1575,#1576,#1577,#1578));
#3572=EDGE_LOOP('',(#1579,#1580,#1581,#1582));
#3573=EDGE_LOOP('',(#1583,#1584,#1585,#1586));
#3574=EDGE_LOOP('',(#1587,#1588,#1589,#1590));
#3575=EDGE_LOOP('',(#1591,#1592,#1593,#1594));
#3576=EDGE_LOOP('',(#1595,#1596,#1597,#1598));
#3577=EDGE_LOOP('',(#1599,#1600,#1601,#1602));
#3578=EDGE_LOOP('',(#1603,#1604,#1605,#1606));
#3579=EDGE_LOOP('',(#1607,#1608,#1609,#1610));
#3580=EDGE_LOOP('',(#1611,#1612,#1613,#1614));
#3581=EDGE_LOOP('',(#1615,#1616,#1617,#1618,#1619,#1620,#1621,#1622,#1623,
#1624,#1625,#1626,#1627,#1628,#1629,#1630,#1631,#1632,#1633,#1634));
#3582=EDGE_LOOP('',(#1635,#1636,#1637,#1638));
#3583=EDGE_LOOP('',(#1639,#1640,#1641,#1642));
#3584=EDGE_LOOP('',(#1643,#1644,#1645,#1646));
#3585=EDGE_LOOP('',(#1647,#1648,#1649,#1650));
#3586=EDGE_LOOP('',(#1651,#1652,#1653,#1654));
#3587=EDGE_LOOP('',(#1655,#1656,#1657,#1658));
#3588=EDGE_LOOP('',(#1659,#1660,#1661,#1662));
#3589=EDGE_LOOP('',(#1663,#1664,#1665,#1666));
#3590=EDGE_LOOP('',(#1667,#1668,#1669,#1670));
#3591=EDGE_LOOP('',(#1671,#1672,#1673,#1674));
#3592=EDGE_LOOP('',(#1675,#1676,#1677,#1678));
#3593=EDGE_LOOP('',(#1679,#1680,#1681,#1682));
#3594=EDGE_LOOP('',(#1683,#1684,#1685,#1686));
#3595=EDGE_LOOP('',(#1687,#1688,#1689,#1690));
#3596=EDGE_LOOP('',(#1691,#1692,#1693,#1694));
#3597=EDGE_LOOP('',(#1695,#1696,#1697,#1698));
#3598=EDGE_LOOP('',(#1699,#1700,#1701,#1702));
#3599=EDGE_LOOP('',(#1703,#1704,#1705,#1706));
#3600=EDGE_LOOP('',(#1707,#1708,#1709,#1710));
#3601=EDGE_LOOP('',(#1711,#1712,#1713,#1714));
#3602=EDGE_LOOP('',(#1715,#1716,#1717,#1718,#1719,#1720,#1721,#1722,#1723,
#1724,#1725,#1726,#1727,#1728,#1729,#1730,#1731,#1732,#1733,#1734,#1735,
#1736,#1737,#1738,#1739,#1740));
#3603=EDGE_LOOP('',(#1741,#1742,#1743,#1744));
#3604=EDGE_LOOP('',(#1745,#1746,#1747,#1748));
#3605=EDGE_LOOP('',(#1749,#1750,#1751,#1752));
#3606=EDGE_LOOP('',(#1753,#1754,#1755,#1756));
#3607=EDGE_LOOP('',(#1757,#1758,#1759,#1760));
#3608=EDGE_LOOP('',(#1761,#1762,#1763,#1764));
#3609=EDGE_LOOP('',(#1765,#1766,#1767,#1768));
#3610=EDGE_LOOP('',(#1769,#1770,#1771,#1772));
#3611=EDGE_LOOP('',(#1773,#1774,#1775,#1776));
#3612=EDGE_LOOP('',(#1777,#1778,#1779,#1780));
#3613=EDGE_LOOP('',(#1781,#1782,#1783,#1784));
#3614=EDGE_LOOP('',(#1785,#1786,#1787,#1788));
#3615=EDGE_LOOP('',(#1789,#1790,#1791,#1792));
#3616=EDGE_LOOP('',(#1793,#1794,#1795,#1796));
#3617=EDGE_LOOP('',(#1797,#1798,#1799,#1800));
#3618=EDGE_LOOP('',(#1801,#1802,#1803,#1804));
#3619=EDGE_LOOP('',(#1805,#1806,#1807,#1808));
#3620=EDGE_LOOP('',(#1809,#1810,#1811,#1812));
#3621=EDGE_LOOP('',(#1813,#1814,#1815,#1816));
#3622=EDGE_LOOP('',(#1817,#1818,#1819,#1820));
#3623=EDGE_LOOP('',(#1821,#1822,#1823,#1824));
#3624=EDGE_LOOP('',(#1825,#1826,#1827,#1828));
#3625=EDGE_LOOP('',(#1829,#1830,#1831,#1832));
#3626=EDGE_LOOP('',(#1833,#1834,#1835,#1836));
#3627=EDGE_LOOP('',(#1837,#1838,#1839,#1840));
#3628=EDGE_LOOP('',(#1841,#1842,#1843,#1844));
#3629=EDGE_LOOP('',(#1845,#1846,#1847,#1848,#1849,#1850,#1851,#1852,#1853,
#1854,#1855,#1856,#1857,#1858,#1859,#1860,#1861,#1862));
#3630=EDGE_LOOP('',(#1863,#1864,#1865,#1866));
#3631=EDGE_LOOP('',(#1867,#1868,#1869,#1870));
#3632=EDGE_LOOP('',(#1871,#1872,#1873,#1874));
#3633=EDGE_LOOP('',(#1875,#1876,#1877,#1878));
#3634=EDGE_LOOP('',(#1879,#1880,#1881,#1882));
#3635=EDGE_LOOP('',(#1883,#1884,#1885,#1886));
#3636=EDGE_LOOP('',(#1887,#1888,#1889,#1890));
#3637=EDGE_LOOP('',(#1891,#1892,#1893,#1894));
#3638=EDGE_LOOP('',(#1895,#1896,#1897,#1898));
#3639=EDGE_LOOP('',(#1899,#1900,#1901,#1902));
#3640=EDGE_LOOP('',(#1903,#1904,#1905,#1906));
#3641=EDGE_LOOP('',(#1907,#1908,#1909,#1910));
#3642=EDGE_LOOP('',(#1911,#1912,#1913,#1914));
#3643=EDGE_LOOP('',(#1915,#1916,#1917,#1918));
#3644=EDGE_LOOP('',(#1919,#1920,#1921,#1922));
#3645=EDGE_LOOP('',(#1923,#1924,#1925,#1926));
#3646=EDGE_LOOP('',(#1927,#1928,#1929,#1930));
#3647=EDGE_LOOP('',(#1931,#1932,#1933,#1934));
#3648=EDGE_LOOP('',(#1935,#1936,#1937,#1938,#1939,#1940,#1941,#1942,#1943,
#1944,#1945,#1946,#1947,#1948,#1949,#1950,#1951,#1952,#1953,#1954,#1955,
#1956,#1957,#1958,#1959,#1960));
#3649=EDGE_LOOP('',(#1961,#1962,#1963,#1964));
#3650=EDGE_LOOP('',(#1965,#1966,#1967,#1968));
#3651=EDGE_LOOP('',(#1969,#1970,#1971,#1972));
#3652=EDGE_LOOP('',(#1973,#1974,#1975,#1976));
#3653=EDGE_LOOP('',(#1977,#1978,#1979,#1980));
#3654=EDGE_LOOP('',(#1981,#1982,#1983,#1984));
#3655=EDGE_LOOP('',(#1985,#1986,#1987,#1988));
#3656=EDGE_LOOP('',(#1989,#1990,#1991,#1992));
#3657=EDGE_LOOP('',(#1993,#1994,#1995,#1996));
#3658=EDGE_LOOP('',(#1997,#1998,#1999,#2000));
#3659=EDGE_LOOP('',(#2001,#2002,#2003,#2004));
#3660=EDGE_LOOP('',(#2005,#2006,#2007,#2008));
#3661=EDGE_LOOP('',(#2009,#2010,#2011,#2012));
#3662=EDGE_LOOP('',(#2013,#2014,#2015,#2016));
#3663=EDGE_LOOP('',(#2017,#2018,#2019,#2020));
#3664=EDGE_LOOP('',(#2021,#2022,#2023,#2024));
#3665=EDGE_LOOP('',(#2025,#2026,#2027,#2028));
#3666=EDGE_LOOP('',(#2029,#2030,#2031,#2032));
#3667=EDGE_LOOP('',(#2033,#2034,#2035,#2036));
#3668=EDGE_LOOP('',(#2037,#2038,#2039,#2040));
#3669=EDGE_LOOP('',(#2041,#2042,#2043,#2044));
#3670=EDGE_LOOP('',(#2045,#2046,#2047,#2048));
#3671=EDGE_LOOP('',(#2049,#2050,#2051,#2052));
#3672=EDGE_LOOP('',(#2053,#2054,#2055,#2056));
#3673=EDGE_LOOP('',(#2057,#2058,#2059,#2060));
#3674=EDGE_LOOP('',(#2061,#2062,#2063,#2064));
#3675=EDGE_LOOP('',(#2065,#2066,#2067,#2068,#2069,#2070,#2071,#2072,#2073,
#2074,#2075,#2076,#2077,#2078,#2079,#2080));
#3676=EDGE_LOOP('',(#2081,#2082,#2083,#2084));
#3677=EDGE_LOOP('',(#2085,#2086,#2087,#2088));
#3678=EDGE_LOOP('',(#2089,#2090,#2091,#2092));
#3679=EDGE_LOOP('',(#2093,#2094,#2095,#2096));
#3680=EDGE_LOOP('',(#2097,#2098,#2099,#2100));
#3681=EDGE_LOOP('',(#2101,#2102,#2103,#2104));
#3682=EDGE_LOOP('',(#2105,#2106,#2107,#2108));
#3683=EDGE_LOOP('',(#2109,#2110,#2111,#2112));
#3684=EDGE_LOOP('',(#2113,#2114,#2115,#2116));
#3685=EDGE_LOOP('',(#2117,#2118,#2119,#2120));
#3686=EDGE_LOOP('',(#2121,#2122,#2123,#2124));
#3687=EDGE_LOOP('',(#2125,#2126,#2127,#2128));
#3688=EDGE_LOOP('',(#2129,#2130,#2131,#2132));
#3689=EDGE_LOOP('',(#2133,#2134,#2135,#2136));
#3690=EDGE_LOOP('',(#2137,#2138,#2139,#2140));
#3691=EDGE_LOOP('',(#2141,#2142,#2143,#2144));
#3692=EDGE_LOOP('',(#2145,#2146,#2147,#2148,#2149,#2150,#2151,#2152,#2153,
#2154,#2155,#2156,#2157,#2158,#2159,#2160,#2161,#2162,#2163));
#3693=EDGE_LOOP('',(#2164,#2165,#2166,#2167));
#3694=EDGE_LOOP('',(#2168,#2169,#2170,#2171));
#3695=EDGE_LOOP('',(#2172,#2173,#2174,#2175));
#3696=EDGE_LOOP('',(#2176,#2177,#2178,#2179));
#3697=EDGE_LOOP('',(#2180,#2181,#2182,#2183));
#3698=EDGE_LOOP('',(#2184,#2185,#2186,#2187));
#3699=EDGE_LOOP('',(#2188,#2189,#2190,#2191));
#3700=EDGE_LOOP('',(#2192,#2193,#2194,#2195));
#3701=EDGE_LOOP('',(#2196,#2197,#2198,#2199));
#3702=EDGE_LOOP('',(#2200,#2201,#2202,#2203));
#3703=EDGE_LOOP('',(#2204,#2205,#2206,#2207));
#3704=EDGE_LOOP('',(#2208,#2209,#2210,#2211));
#3705=EDGE_LOOP('',(#2212,#2213,#2214,#2215));
#3706=EDGE_LOOP('',(#2216,#2217,#2218,#2219));
#3707=EDGE_LOOP('',(#2220,#2221,#2222,#2223));
#3708=EDGE_LOOP('',(#2224,#2225,#2226,#2227));
#3709=EDGE_LOOP('',(#2228,#2229,#2230,#2231));
#3710=EDGE_LOOP('',(#2232,#2233,#2234,#2235));
#3711=EDGE_LOOP('',(#2236,#2237,#2238,#2239));
#3712=FACE_BOUND('',#3474,.T.);
#3713=FACE_BOUND('',#3475,.T.);
#3714=FACE_BOUND('',#3476,.T.);
#3715=FACE_BOUND('',#3477,.T.);
#3716=FACE_BOUND('',#3478,.T.);
#3717=FACE_BOUND('',#3479,.T.);
#3718=FACE_BOUND('',#3480,.T.);
#3719=FACE_BOUND('',#3481,.T.);
#3720=FACE_BOUND('',#3482,.T.);
#3721=FACE_BOUND('',#3483,.T.);
#3722=FACE_BOUND('',#3484,.T.);
#3723=FACE_BOUND('',#3485,.T.);
#3724=FACE_BOUND('',#3486,.T.);
#3725=FACE_BOUND('',#3487,.T.);
#3726=FACE_BOUND('',#3488,.T.);
#3727=FACE_BOUND('',#3489,.T.);
#3728=FACE_BOUND('',#3490,.T.);
#3729=FACE_BOUND('',#3491,.T.);
#3730=FACE_BOUND('',#3492,.T.);
#3731=FACE_BOUND('',#3493,.T.);
#3732=FACE_BOUND('',#3494,.T.);
#3733=FACE_BOUND('',#3495,.T.);
#3734=FACE_BOUND('',#3496,.T.);
#3735=FACE_BOUND('',#3497,.T.);
#3736=FACE_BOUND('',#3498,.T.);
#3737=FACE_BOUND('',#3499,.T.);
#3738=FACE_BOUND('',#3500,.T.);
#3739=FACE_BOUND('',#3501,.T.);
#3740=FACE_BOUND('',#3502,.T.);
#3741=FACE_BOUND('',#3503,.T.);
#3742=FACE_BOUND('',#3504,.T.);
#3743=FACE_BOUND('',#3505,.T.);
#3744=FACE_BOUND('',#3506,.T.);
#3745=FACE_BOUND('',#3507,.T.);
#3746=FACE_BOUND('',#3508,.T.);
#3747=FACE_BOUND('',#3509,.T.);
#3748=FACE_BOUND('',#3510,.T.);
#3749=FACE_BOUND('',#3511,.T.);
#3750=FACE_BOUND('',#3512,.T.);
#3751=FACE_BOUND('',#3513,.T.);
#3752=FACE_BOUND('',#3514,.T.);
#3753=FACE_BOUND('',#3515,.T.);
#3754=FACE_BOUND('',#3516,.T.);
#3755=FACE_BOUND('',#3517,.T.);
#3756=FACE_BOUND('',#3518,.T.);
#3757=FACE_BOUND('',#3519,.T.);
#3758=FACE_BOUND('',#3520,.T.);
#3759=FACE_BOUND('',#3521,.T.);
#3760=FACE_BOUND('',#3522,.T.);
#3761=FACE_BOUND('',#3523,.T.);
#3762=FACE_BOUND('',#3524,.T.);
#3763=FACE_BOUND('',#3525,.T.);
#3764=FACE_BOUND('',#3526,.T.);
#3765=FACE_BOUND('',#3527,.T.);
#3766=FACE_BOUND('',#3528,.T.);
#3767=FACE_BOUND('',#3529,.T.);
#3768=FACE_BOUND('',#3530,.T.);
#3769=FACE_BOUND('',#3531,.T.);
#3770=FACE_BOUND('',#3532,.T.);
#3771=FACE_BOUND('',#3533,.T.);
#3772=FACE_BOUND('',#3534,.T.);
#3773=FACE_BOUND('',#3535,.T.);
#3774=FACE_BOUND('',#3536,.T.);
#3775=FACE_BOUND('',#3537,.T.);
#3776=FACE_BOUND('',#3538,.T.);
#3777=FACE_BOUND('',#3539,.T.);
#3778=FACE_BOUND('',#3540,.T.);
#3779=FACE_BOUND('',#3541,.T.);
#3780=FACE_BOUND('',#3542,.T.);
#3781=FACE_BOUND('',#3543,.T.);
#3782=FACE_BOUND('',#3544,.T.);
#3783=FACE_BOUND('',#3545,.T.);
#3784=FACE_BOUND('',#3546,.T.);
#3785=FACE_BOUND('',#3547,.T.);
#3786=FACE_BOUND('',#3548,.T.);
#3787=FACE_BOUND('',#3549,.T.);
#3788=FACE_BOUND('',#3550,.T.);
#3789=FACE_BOUND('',#3551,.T.);
#3790=FACE_BOUND('',#3552,.T.);
#3791=FACE_BOUND('',#3553,.T.);
#3792=FACE_BOUND('',#3554,.T.);
#3793=FACE_BOUND('',#3555,.T.);
#3794=FACE_BOUND('',#3556,.T.);
#3795=FACE_BOUND('',#3557,.T.);
#3796=FACE_BOUND('',#3558,.T.);
#3797=FACE_BOUND('',#3559,.T.);
#3798=FACE_BOUND('',#3560,.T.);
#3799=FACE_BOUND('',#3561,.T.);
#3800=FACE_BOUND('',#3562,.T.);
#3801=FACE_BOUND('',#3563,.T.);
#3802=FACE_BOUND('',#3564,.T.);
#3803=FACE_BOUND('',#3565,.T.);
#3804=FACE_BOUND('',#3566,.T.);
#3805=FACE_BOUND('',#3567,.T.);
#3806=FACE_BOUND('',#3568,.T.);
#3807=FACE_BOUND('',#3569,.T.);
#3808=FACE_BOUND('',#3570,.T.);
#3809=FACE_BOUND('',#3571,.T.);
#3810=FACE_BOUND('',#3572,.T.);
#3811=FACE_BOUND('',#3573,.T.);
#3812=FACE_BOUND('',#3574,.T.);
#3813=FACE_BOUND('',#3575,.T.);
#3814=FACE_BOUND('',#3576,.T.);
#3815=FACE_BOUND('',#3577,.T.);
#3816=FACE_BOUND('',#3578,.T.);
#3817=FACE_BOUND('',#3579,.T.);
#3818=FACE_BOUND('',#3580,.T.);
#3819=FACE_BOUND('',#3581,.T.);
#3820=FACE_BOUND('',#3582,.T.);
#3821=FACE_BOUND('',#3583,.T.);
#3822=FACE_BOUND('',#3584,.T.);
#3823=FACE_BOUND('',#3585,.T.);
#3824=FACE_BOUND('',#3586,.T.);
#3825=FACE_BOUND('',#3587,.T.);
#3826=FACE_BOUND('',#3588,.T.);
#3827=FACE_BOUND('',#3589,.T.);
#3828=FACE_BOUND('',#3590,.T.);
#3829=FACE_BOUND('',#3591,.T.);
#3830=FACE_BOUND('',#3592,.T.);
#3831=FACE_BOUND('',#3593,.T.);
#3832=FACE_BOUND('',#3594,.T.);
#3833=FACE_BOUND('',#3595,.T.);
#3834=FACE_BOUND('',#3596,.T.);
#3835=FACE_BOUND('',#3597,.T.);
#3836=FACE_BOUND('',#3598,.T.);
#3837=FACE_BOUND('',#3599,.T.);
#3838=FACE_BOUND('',#3600,.T.);
#3839=FACE_BOUND('',#3601,.T.);
#3840=FACE_BOUND('',#3602,.T.);
#3841=FACE_BOUND('',#3603,.T.);
#3842=FACE_BOUND('',#3604,.T.);
#3843=FACE_BOUND('',#3605,.T.);
#3844=FACE_BOUND('',#3606,.T.);
#3845=FACE_BOUND('',#3607,.T.);
#3846=FACE_BOUND('',#3608,.T.);
#3847=FACE_BOUND('',#3609,.T.);
#3848=FACE_BOUND('',#3610,.T.);
#3849=FACE_BOUND('',#3611,.T.);
#3850=FACE_BOUND('',#3612,.T.);
#3851=FACE_BOUND('',#3613,.T.);
#3852=FACE_BOUND('',#3614,.T.);
#3853=FACE_BOUND('',#3615,.T.);
#3854=FACE_BOUND('',#3616,.T.);
#3855=FACE_BOUND('',#3617,.T.);
#3856=FACE_BOUND('',#3618,.T.);
#3857=FACE_BOUND('',#3619,.T.);
#3858=FACE_BOUND('',#3620,.T.);
#3859=FACE_BOUND('',#3621,.T.);
#3860=FACE_BOUND('',#3622,.T.);
#3861=FACE_BOUND('',#3623,.T.);
#3862=FACE_BOUND('',#3624,.T.);
#3863=FACE_BOUND('',#3625,.T.);
#3864=FACE_BOUND('',#3626,.T.);
#3865=FACE_BOUND('',#3627,.T.);
#3866=FACE_BOUND('',#3628,.T.);
#3867=FACE_BOUND('',#3629,.T.);
#3868=FACE_BOUND('',#3630,.T.);
#3869=FACE_BOUND('',#3631,.T.);
#3870=FACE_BOUND('',#3632,.T.);
#3871=FACE_BOUND('',#3633,.T.);
#3872=FACE_BOUND('',#3634,.T.);
#3873=FACE_BOUND('',#3635,.T.);
#3874=FACE_BOUND('',#3636,.T.);
#3875=FACE_BOUND('',#3637,.T.);
#3876=FACE_BOUND('',#3638,.T.);
#3877=FACE_BOUND('',#3639,.T.);
#3878=FACE_BOUND('',#3640,.T.);
#3879=FACE_BOUND('',#3641,.T.);
#3880=FACE_BOUND('',#3642,.T.);
#3881=FACE_BOUND('',#3643,.T.);
#3882=FACE_BOUND('',#3644,.T.);
#3883=FACE_BOUND('',#3645,.T.);
#3884=FACE_BOUND('',#3646,.T.);
#3885=FACE_BOUND('',#3647,.T.);
#3886=FACE_BOUND('',#3648,.T.);
#3887=FACE_BOUND('',#3649,.T.);
#3888=FACE_BOUND('',#3650,.T.);
#3889=FACE_BOUND('',#3651,.T.);
#3890=FACE_BOUND('',#3652,.T.);
#3891=FACE_BOUND('',#3653,.T.);
#3892=FACE_BOUND('',#3654,.T.);
#3893=FACE_BOUND('',#3655,.T.);
#3894=FACE_BOUND('',#3656,.T.);
#3895=FACE_BOUND('',#3657,.T.);
#3896=FACE_BOUND('',#3658,.T.);
#3897=FACE_BOUND('',#3659,.T.);
#3898=FACE_BOUND('',#3660,.T.);
#3899=FACE_BOUND('',#3661,.T.);
#3900=FACE_BOUND('',#3662,.T.);
#3901=FACE_BOUND('',#3663,.T.);
#3902=FACE_BOUND('',#3664,.T.);
#3903=FACE_BOUND('',#3665,.T.);
#3904=FACE_BOUND('',#3666,.T.);
#3905=FACE_BOUND('',#3667,.T.);
#3906=FACE_BOUND('',#3668,.T.);
#3907=FACE_BOUND('',#3669,.T.);
#3908=FACE_BOUND('',#3670,.T.);
#3909=FACE_BOUND('',#3671,.T.);
#3910=FACE_BOUND('',#3672,.T.);
#3911=FACE_BOUND('',#3673,.T.);
#3912=FACE_BOUND('',#3674,.T.);
#3913=FACE_BOUND('',#3675,.T.);
#3914=FACE_BOUND('',#3676,.T.);
#3915=FACE_BOUND('',#3677,.T.);
#3916=FACE_BOUND('',#3678,.T.);
#3917=FACE_BOUND('',#3679,.T.);
#3918=FACE_BOUND('',#3680,.T.);
#3919=FACE_BOUND('',#3681,.T.);
#3920=FACE_BOUND('',#3682,.T.);
#3921=FACE_BOUND('',#3683,.T.);
#3922=FACE_BOUND('',#3684,.T.);
#3923=FACE_BOUND('',#3685,.T.);
#3924=FACE_BOUND('',#3686,.T.);
#3925=FACE_BOUND('',#3687,.T.);
#3926=FACE_BOUND('',#3688,.T.);
#3927=FACE_BOUND('',#3689,.T.);
#3928=FACE_BOUND('',#3690,.T.);
#3929=FACE_BOUND('',#3691,.T.);
#3930=FACE_BOUND('',#3692,.T.);
#3931=FACE_BOUND('',#3693,.T.);
#3932=FACE_BOUND('',#3694,.T.);
#3933=FACE_BOUND('',#3695,.T.);
#3934=FACE_BOUND('',#3696,.T.);
#3935=FACE_BOUND('',#3697,.T.);
#3936=FACE_BOUND('',#3698,.T.);
#3937=FACE_BOUND('',#3699,.T.);
#3938=FACE_BOUND('',#3700,.T.);
#3939=FACE_BOUND('',#3701,.T.);
#3940=FACE_BOUND('',#3702,.T.);
#3941=FACE_BOUND('',#3703,.T.);
#3942=FACE_BOUND('',#3704,.T.);
#3943=FACE_BOUND('',#3705,.T.);
#3944=FACE_BOUND('',#3706,.T.);
#3945=FACE_BOUND('',#3707,.T.);
#3946=FACE_BOUND('',#3708,.T.);
#3947=FACE_BOUND('',#3709,.T.);
#3948=FACE_BOUND('',#3710,.T.);
#3949=FACE_BOUND('',#3711,.T.);
#3950=B_SPLINE_SURFACE_WITH_KNOTS('',3,1,((#5198,#5199),(#5200,#5201),(#5202,
#5203),(#5204,#5205),(#5206,#5207),(#5208,#5209),(#5210,#5211),(#5212,#5213)),
 .SURF_OF_LINEAR_EXTRUSION.,.T.,.F.,.F.,(1,3,1,1,1,1,3,1),(2,2),(-0.322325348900399,
0.,0.117526689515788,0.235053379031577,0.557378727931976,0.677674651099601,
1.,1.11752668951579),(0.,1.),.UNSPECIFIED.);
#3951=B_SPLINE_SURFACE_WITH_KNOTS('',3,1,((#5876,#5877),(#5878,#5879),(#5880,
#5881),(#5882,#5883)),.SURF_OF_LINEAR_EXTRUSION.,.F.,.F.,.F.,(4,4),(2,2),
(0.,1.),(0.,1.),.PIECEWISE_BEZIER_KNOTS.);
#3952=B_SPLINE_SURFACE_WITH_KNOTS('',3,1,((#5888,#5889),(#5890,#5891),(#5892,
#5893),(#5894,#5895)),.SURF_OF_LINEAR_EXTRUSION.,.F.,.F.,.F.,(4,4),(2,2),
(0.,1.),(0.,1.),.PIECEWISE_BEZIER_KNOTS.);
#3953=B_SPLINE_SURFACE_WITH_KNOTS('',3,1,((#5911,#5912),(#5913,#5914),(#5915,
#5916),(#5917,#5918)),.SURF_OF_LINEAR_EXTRUSION.,.F.,.F.,.F.,(4,4),(2,2),
(0.,1.),(0.,1.),.PIECEWISE_BEZIER_KNOTS.);
#3954=B_SPLINE_SURFACE_WITH_KNOTS('',3,1,((#5922,#5923),(#5924,#5925),(#5926,
#5927),(#5928,#5929)),.SURF_OF_LINEAR_EXTRUSION.,.F.,.F.,.F.,(4,4),(2,2),
(0.,1.),(0.,1.),.PIECEWISE_BEZIER_KNOTS.);
#3955=B_SPLINE_SURFACE_WITH_KNOTS('',3,1,((#5977,#5978),(#5979,#5980),(#5981,
#5982),(#5983,#5984)),.SURF_OF_LINEAR_EXTRUSION.,.F.,.F.,.F.,(4,4),(2,2),
(0.,1.),(0.,1.),.PIECEWISE_BEZIER_KNOTS.);
#3956=B_SPLINE_SURFACE_WITH_KNOTS('',3,1,((#5987,#5988),(#5989,#5990),(#5991,
#5992),(#5993,#5994)),.SURF_OF_LINEAR_EXTRUSION.,.F.,.F.,.F.,(4,4),(2,2),
(0.,1.),(0.,1.),.PIECEWISE_BEZIER_KNOTS.);
#3957=B_SPLINE_SURFACE_WITH_KNOTS('',3,1,((#5996,#5997),(#5998,#5999),(#6000,
#6001),(#6002,#6003)),.SURF_OF_LINEAR_EXTRUSION.,.F.,.F.,.F.,(4,4),(2,2),
(0.,1.),(0.,1.),.PIECEWISE_BEZIER_KNOTS.);
#3958=B_SPLINE_SURFACE_WITH_KNOTS('',3,1,((#6021,#6022),(#6023,#6024),(#6025,
#6026),(#6027,#6028)),.SURF_OF_LINEAR_EXTRUSION.,.F.,.F.,.F.,(4,4),(2,2),
(0.,1.),(0.,1.),.PIECEWISE_BEZIER_KNOTS.);
#3959=B_SPLINE_SURFACE_WITH_KNOTS('',3,1,((#6030,#6031),(#6032,#6033),(#6034,
#6035),(#6036,#6037)),.SURF_OF_LINEAR_EXTRUSION.,.F.,.F.,.F.,(4,4),(2,2),
(0.,1.),(0.,1.),.PIECEWISE_BEZIER_KNOTS.);
#3960=B_SPLINE_SURFACE_WITH_KNOTS('',3,1,((#6041,#6042),(#6043,#6044),(#6045,
#6046),(#6047,#6048)),.SURF_OF_LINEAR_EXTRUSION.,.F.,.F.,.F.,(4,4),(2,2),
(0.,1.),(0.,1.),.PIECEWISE_BEZIER_KNOTS.);
#3961=B_SPLINE_SURFACE_WITH_KNOTS('',3,1,((#6116,#6117),(#6118,#6119),(#6120,
#6121),(#6122,#6123)),.SURF_OF_LINEAR_EXTRUSION.,.F.,.F.,.F.,(4,4),(2,2),
(0.,1.),(0.,1.),.PIECEWISE_BEZIER_KNOTS.);
#3962=B_SPLINE_SURFACE_WITH_KNOTS('',3,1,((#6133,#6134),(#6135,#6136),(#6137,
#6138),(#6139,#6140)),.SURF_OF_LINEAR_EXTRUSION.,.F.,.F.,.F.,(4,4),(2,2),
(0.,1.),(0.,1.),.PIECEWISE_BEZIER_KNOTS.);
#3963=B_SPLINE_SURFACE_WITH_KNOTS('',3,1,((#6142,#6143),(#6144,#6145),(#6146,
#6147),(#6148,#6149)),.SURF_OF_LINEAR_EXTRUSION.,.F.,.F.,.F.,(4,4),(2,2),
(0.,1.),(0.,1.),.PIECEWISE_BEZIER_KNOTS.);
#3964=B_SPLINE_SURFACE_WITH_KNOTS('',3,1,((#6155,#6156),(#6157,#6158),(#6159,
#6160),(#6161,#6162)),.SURF_OF_LINEAR_EXTRUSION.,.F.,.F.,.F.,(4,4),(2,2),
(0.,1.),(0.,1.),.PIECEWISE_BEZIER_KNOTS.);
#3965=B_SPLINE_SURFACE_WITH_KNOTS('',3,1,((#6164,#6165),(#6166,#6167),(#6168,
#6169),(#6170,#6171)),.SURF_OF_LINEAR_EXTRUSION.,.F.,.F.,.F.,(4,4),(2,2),
(0.,1.),(0.,1.),.PIECEWISE_BEZIER_KNOTS.);
#3966=B_SPLINE_SURFACE_WITH_KNOTS('',3,1,((#6173,#6174),(#6175,#6176),(#6177,
#6178),(#6179,#6180)),.SURF_OF_LINEAR_EXTRUSION.,.F.,.F.,.F.,(4,4),(2,2),
(0.,1.),(0.,1.),.PIECEWISE_BEZIER_KNOTS.);
#3967=B_SPLINE_SURFACE_WITH_KNOTS('',3,1,((#6182,#6183),(#6184,#6185),(#6186,
#6187),(#6188,#6189)),.SURF_OF_LINEAR_EXTRUSION.,.F.,.F.,.F.,(4,4),(2,2),
(0.,1.),(0.,1.),.PIECEWISE_BEZIER_KNOTS.);
#3968=B_SPLINE_SURFACE_WITH_KNOTS('',3,1,((#6191,#6192),(#6193,#6194),(#6195,
#6196),(#6197,#6198)),.SURF_OF_LINEAR_EXTRUSION.,.F.,.F.,.F.,(4,4),(2,2),
(0.,1.),(0.,1.),.PIECEWISE_BEZIER_KNOTS.);
#3969=B_SPLINE_SURFACE_WITH_KNOTS('',3,1,((#6201,#6202),(#6203,#6204),(#6205,
#6206),(#6207,#6208)),.SURF_OF_LINEAR_EXTRUSION.,.F.,.F.,.F.,(4,4),(2,2),
(0.,1.),(0.,1.),.PIECEWISE_BEZIER_KNOTS.);
#3970=B_SPLINE_SURFACE_WITH_KNOTS('',3,1,((#6214,#6215),(#6216,#6217),(#6218,
#6219),(#6220,#6221)),.SURF_OF_LINEAR_EXTRUSION.,.F.,.F.,.F.,(4,4),(2,2),
(0.,1.),(0.,1.),.PIECEWISE_BEZIER_KNOTS.);
#3971=B_SPLINE_SURFACE_WITH_KNOTS('',3,1,((#6223,#6224),(#6225,#6226),(#6227,
#6228),(#6229,#6230)),.SURF_OF_LINEAR_EXTRUSION.,.F.,.F.,.F.,(4,4),(2,2),
(0.,1.),(0.,1.),.PIECEWISE_BEZIER_KNOTS.);
#3972=B_SPLINE_SURFACE_WITH_KNOTS('',3,1,((#6232,#6233),(#6234,#6235),(#6236,
#6237),(#6238,#6239)),.SURF_OF_LINEAR_EXTRUSION.,.F.,.F.,.F.,(4,4),(2,2),
(0.,1.),(0.,1.),.PIECEWISE_BEZIER_KNOTS.);
#3973=B_SPLINE_SURFACE_WITH_KNOTS('',3,1,((#6292,#6293),(#6294,#6295),(#6296,
#6297),(#6298,#6299)),.SURF_OF_LINEAR_EXTRUSION.,.F.,.F.,.F.,(4,4),(2,2),
(0.,1.),(0.,1.),.PIECEWISE_BEZIER_KNOTS.);
#3974=B_SPLINE_SURFACE_WITH_KNOTS('',3,1,((#6301,#6302),(#6303,#6304),(#6305,
#6306),(#6307,#6308)),.SURF_OF_LINEAR_EXTRUSION.,.F.,.F.,.F.,(4,4),(2,2),
(0.,1.),(0.,1.),.PIECEWISE_BEZIER_KNOTS.);
#3975=B_SPLINE_SURFACE_WITH_KNOTS('',3,1,((#6310,#6311),(#6312,#6313),(#6314,
#6315),(#6316,#6317)),.SURF_OF_LINEAR_EXTRUSION.,.F.,.F.,.F.,(4,4),(2,2),
(0.,1.),(0.,1.),.PIECEWISE_BEZIER_KNOTS.);
#3976=B_SPLINE_SURFACE_WITH_KNOTS('',3,1,((#6337,#6338),(#6339,#6340),(#6341,
#6342),(#6343,#6344)),.SURF_OF_LINEAR_EXTRUSION.,.F.,.F.,.F.,(4,4),(2,2),
(0.,1.),(0.,1.),.PIECEWISE_BEZIER_KNOTS.);
#3977=B_SPLINE_SURFACE_WITH_KNOTS('',3,1,((#6346,#6347),(#6348,#6349),(#6350,
#6351),(#6352,#6353)),.SURF_OF_LINEAR_EXTRUSION.,.F.,.F.,.F.,(4,4),(2,2),
(0.,1.),(0.,1.),.PIECEWISE_BEZIER_KNOTS.);
#3978=B_SPLINE_SURFACE_WITH_KNOTS('',3,1,((#6357,#6358),(#6359,#6360),(#6361,
#6362),(#6363,#6364)),.SURF_OF_LINEAR_EXTRUSION.,.F.,.F.,.F.,(4,4),(2,2),
(0.,1.),(0.,1.),.PIECEWISE_BEZIER_KNOTS.);
#3979=B_SPLINE_SURFACE_WITH_KNOTS('',3,1,((#6420,#6421),(#6422,#6423),(#6424,
#6425),(#6426,#6427)),.SURF_OF_LINEAR_EXTRUSION.,.F.,.F.,.F.,(4,4),(2,2),
(0.,1.),(0.,1.),.PIECEWISE_BEZIER_KNOTS.);
#3980=B_SPLINE_SURFACE_WITH_KNOTS('',3,1,((#6429,#6430),(#6431,#6432),(#6433,
#6434),(#6435,#6436)),.SURF_OF_LINEAR_EXTRUSION.,.F.,.F.,.F.,(4,4),(2,2),
(0.,1.),(0.,1.),.PIECEWISE_BEZIER_KNOTS.);
#3981=B_SPLINE_SURFACE_WITH_KNOTS('',3,1,((#6445,#6446),(#6447,#6448),(#6449,
#6450),(#6451,#6452)),.SURF_OF_LINEAR_EXTRUSION.,.F.,.F.,.F.,(4,4),(2,2),
(0.,1.),(0.,1.),.PIECEWISE_BEZIER_KNOTS.);
#3982=B_SPLINE_SURFACE_WITH_KNOTS('',3,1,((#6454,#6455),(#6456,#6457),(#6458,
#6459),(#6460,#6461)),.SURF_OF_LINEAR_EXTRUSION.,.F.,.F.,.F.,(4,4),(2,2),
(0.,1.),(0.,1.),.PIECEWISE_BEZIER_KNOTS.);
#3983=B_SPLINE_SURFACE_WITH_KNOTS('',3,1,((#6529,#6530),(#6531,#6532),(#6533,
#6534),(#6535,#6536)),.SURF_OF_LINEAR_EXTRUSION.,.F.,.F.,.F.,(4,4),(2,2),
(0.,1.),(0.,1.),.PIECEWISE_BEZIER_KNOTS.);
#3984=B_SPLINE_SURFACE_WITH_KNOTS('',3,1,((#6546,#6547),(#6548,#6549),(#6550,
#6551),(#6552,#6553)),.SURF_OF_LINEAR_EXTRUSION.,.F.,.F.,.F.,(4,4),(2,2),
(0.,1.),(0.,1.),.PIECEWISE_BEZIER_KNOTS.);
#3985=B_SPLINE_SURFACE_WITH_KNOTS('',3,1,((#6555,#6556),(#6557,#6558),(#6559,
#6560),(#6561,#6562)),.SURF_OF_LINEAR_EXTRUSION.,.F.,.F.,.F.,(4,4),(2,2),
(0.,1.),(0.,1.),.PIECEWISE_BEZIER_KNOTS.);
#3986=B_SPLINE_SURFACE_WITH_KNOTS('',3,1,((#6568,#6569),(#6570,#6571),(#6572,
#6573),(#6574,#6575)),.SURF_OF_LINEAR_EXTRUSION.,.F.,.F.,.F.,(4,4),(2,2),
(0.,1.),(0.,1.),.PIECEWISE_BEZIER_KNOTS.);
#3987=B_SPLINE_SURFACE_WITH_KNOTS('',3,1,((#6577,#6578),(#6579,#6580),(#6581,
#6582),(#6583,#6584)),.SURF_OF_LINEAR_EXTRUSION.,.F.,.F.,.F.,(4,4),(2,2),
(0.,1.),(0.,1.),.PIECEWISE_BEZIER_KNOTS.);
#3988=B_SPLINE_SURFACE_WITH_KNOTS('',3,1,((#6586,#6587),(#6588,#6589),(#6590,
#6591),(#6592,#6593)),.SURF_OF_LINEAR_EXTRUSION.,.F.,.F.,.F.,(4,4),(2,2),
(0.,1.),(0.,1.),.PIECEWISE_BEZIER_KNOTS.);
#3989=B_SPLINE_SURFACE_WITH_KNOTS('',3,1,((#6595,#6596),(#6597,#6598),(#6599,
#6600),(#6601,#6602)),.SURF_OF_LINEAR_EXTRUSION.,.F.,.F.,.F.,(4,4),(2,2),
(0.,1.),(0.,1.),.PIECEWISE_BEZIER_KNOTS.);
#3990=B_SPLINE_SURFACE_WITH_KNOTS('',3,1,((#6604,#6605),(#6606,#6607),(#6608,
#6609),(#6610,#6611)),.SURF_OF_LINEAR_EXTRUSION.,.F.,.F.,.F.,(4,4),(2,2),
(0.,1.),(0.,1.),.PIECEWISE_BEZIER_KNOTS.);
#3991=B_SPLINE_SURFACE_WITH_KNOTS('',3,1,((#6614,#6615),(#6616,#6617),(#6618,
#6619),(#6620,#6621)),.SURF_OF_LINEAR_EXTRUSION.,.F.,.F.,.F.,(4,4),(2,2),
(0.,1.),(0.,1.),.PIECEWISE_BEZIER_KNOTS.);
#3992=B_SPLINE_SURFACE_WITH_KNOTS('',3,1,((#6627,#6628),(#6629,#6630),(#6631,
#6632),(#6633,#6634)),.SURF_OF_LINEAR_EXTRUSION.,.F.,.F.,.F.,(4,4),(2,2),
(0.,1.),(0.,1.),.PIECEWISE_BEZIER_KNOTS.);
#3993=B_SPLINE_SURFACE_WITH_KNOTS('',3,1,((#6636,#6637),(#6638,#6639),(#6640,
#6641),(#6642,#6643)),.SURF_OF_LINEAR_EXTRUSION.,.F.,.F.,.F.,(4,4),(2,2),
(0.,1.),(0.,1.),.PIECEWISE_BEZIER_KNOTS.);
#3994=B_SPLINE_SURFACE_WITH_KNOTS('',3,1,((#6645,#6646),(#6647,#6648),(#6649,
#6650),(#6651,#6652)),.SURF_OF_LINEAR_EXTRUSION.,.F.,.F.,.F.,(4,4),(2,2),
(0.,1.),(0.,1.),.PIECEWISE_BEZIER_KNOTS.);
#3995=B_SPLINE_SURFACE_WITH_KNOTS('',3,1,((#6738,#6739),(#6740,#6741),(#6742,
#6743),(#6744,#6745)),.SURF_OF_LINEAR_EXTRUSION.,.F.,.F.,.F.,(4,4),(2,2),
(0.,1.),(0.,1.),.PIECEWISE_BEZIER_KNOTS.);
#3996=B_SPLINE_SURFACE_WITH_KNOTS('',3,1,((#6748,#6749),(#6750,#6751),(#6752,
#6753),(#6754,#6755)),.SURF_OF_LINEAR_EXTRUSION.,.F.,.F.,.F.,(4,4),(2,2),
(0.,1.),(0.,1.),.PIECEWISE_BEZIER_KNOTS.);
#3997=B_SPLINE_SURFACE_WITH_KNOTS('',3,1,((#6757,#6758),(#6759,#6760),(#6761,
#6762),(#6763,#6764)),.SURF_OF_LINEAR_EXTRUSION.,.F.,.F.,.F.,(4,4),(2,2),
(0.,1.),(0.,1.),.PIECEWISE_BEZIER_KNOTS.);
#3998=B_SPLINE_SURFACE_WITH_KNOTS('',3,1,((#6766,#6767),(#6768,#6769),(#6770,
#6771),(#6772,#6773)),.SURF_OF_LINEAR_EXTRUSION.,.F.,.F.,.F.,(4,4),(2,2),
(0.,1.),(0.,1.),.PIECEWISE_BEZIER_KNOTS.);
#3999=B_SPLINE_SURFACE_WITH_KNOTS('',3,1,((#6775,#6776),(#6777,#6778),(#6779,
#6780),(#6781,#6782)),.SURF_OF_LINEAR_EXTRUSION.,.F.,.F.,.F.,(4,4),(2,2),
(0.,1.),(0.,1.),.PIECEWISE_BEZIER_KNOTS.);
#4000=B_SPLINE_SURFACE_WITH_KNOTS('',3,1,((#6784,#6785),(#6786,#6787),(#6788,
#6789),(#6790,#6791)),.SURF_OF_LINEAR_EXTRUSION.,.F.,.F.,.F.,(4,4),(2,2),
(0.,1.),(0.,1.),.PIECEWISE_BEZIER_KNOTS.);
#4001=B_SPLINE_SURFACE_WITH_KNOTS('',3,1,((#6793,#6794),(#6795,#6796),(#6797,
#6798),(#6799,#6800)),.SURF_OF_LINEAR_EXTRUSION.,.F.,.F.,.F.,(4,4),(2,2),
(0.,1.),(0.,1.),.PIECEWISE_BEZIER_KNOTS.);
#4002=B_SPLINE_SURFACE_WITH_KNOTS('',3,1,((#6803,#6804),(#6805,#6806),(#6807,
#6808),(#6809,#6810)),.SURF_OF_LINEAR_EXTRUSION.,.F.,.F.,.F.,(4,4),(2,2),
(0.,1.),(0.,1.),.PIECEWISE_BEZIER_KNOTS.);
#4003=B_SPLINE_SURFACE_WITH_KNOTS('',3,1,((#6831,#6832),(#6833,#6834),(#6835,
#6836),(#6837,#6838)),.SURF_OF_LINEAR_EXTRUSION.,.F.,.F.,.F.,(4,4),(2,2),
(0.,1.),(0.,1.),.PIECEWISE_BEZIER_KNOTS.);
#4004=B_SPLINE_SURFACE_WITH_KNOTS('',3,1,((#6840,#6841),(#6842,#6843),(#6844,
#6845),(#6846,#6847)),.SURF_OF_LINEAR_EXTRUSION.,.F.,.F.,.F.,(4,4),(2,2),
(0.,1.),(0.,1.),.PIECEWISE_BEZIER_KNOTS.);
#4005=B_SPLINE_SURFACE_WITH_KNOTS('',3,1,((#6849,#6850),(#6851,#6852),(#6853,
#6854),(#6855,#6856)),.SURF_OF_LINEAR_EXTRUSION.,.F.,.F.,.F.,(4,4),(2,2),
(0.,1.),(0.,1.),.PIECEWISE_BEZIER_KNOTS.);
#4006=B_SPLINE_SURFACE_WITH_KNOTS('',3,1,((#6858,#6859),(#6860,#6861),(#6862,
#6863),(#6864,#6865)),.SURF_OF_LINEAR_EXTRUSION.,.F.,.F.,.F.,(4,4),(2,2),
(0.,1.),(0.,1.),.PIECEWISE_BEZIER_KNOTS.);
#4007=B_SPLINE_SURFACE_WITH_KNOTS('',3,1,((#6867,#6868),(#6869,#6870),(#6871,
#6872),(#6873,#6874)),.SURF_OF_LINEAR_EXTRUSION.,.F.,.F.,.F.,(4,4),(2,2),
(0.,1.),(0.,1.),.PIECEWISE_BEZIER_KNOTS.);
#4008=B_SPLINE_SURFACE_WITH_KNOTS('',3,1,((#6876,#6877),(#6878,#6879),(#6880,
#6881),(#6882,#6883)),.SURF_OF_LINEAR_EXTRUSION.,.F.,.F.,.F.,(4,4),(2,2),
(0.,1.),(0.,1.),.PIECEWISE_BEZIER_KNOTS.);
#4009=B_SPLINE_SURFACE_WITH_KNOTS('',3,1,((#6884,#6885),(#6886,#6887),(#6888,
#6889),(#6890,#6891)),.SURF_OF_LINEAR_EXTRUSION.,.F.,.F.,.F.,(4,4),(2,2),
(0.,1.),(0.,1.),.PIECEWISE_BEZIER_KNOTS.);
#4010=B_SPLINE_SURFACE_WITH_KNOTS('',3,1,((#6893,#6894),(#6895,#6896),(#6897,
#6898),(#6899,#6900)),.SURF_OF_LINEAR_EXTRUSION.,.F.,.F.,.F.,(4,4),(2,2),
(0.,1.),(0.,1.),.PIECEWISE_BEZIER_KNOTS.);
#4011=B_SPLINE_SURFACE_WITH_KNOTS('',3,1,((#6954,#6955),(#6956,#6957),(#6958,
#6959),(#6960,#6961)),.SURF_OF_LINEAR_EXTRUSION.,.F.,.F.,.F.,(4,4),(2,2),
(0.,1.),(0.,1.),.PIECEWISE_BEZIER_KNOTS.);
#4012=B_SPLINE_SURFACE_WITH_KNOTS('',3,1,((#6963,#6964),(#6965,#6966),(#6967,
#6968),(#6969,#6970)),.SURF_OF_LINEAR_EXTRUSION.,.F.,.F.,.F.,(4,4),(2,2),
(0.,1.),(0.,1.),.PIECEWISE_BEZIER_KNOTS.);
#4013=B_SPLINE_SURFACE_WITH_KNOTS('',3,1,((#6972,#6973),(#6974,#6975),(#6976,
#6977),(#6978,#6979)),.SURF_OF_LINEAR_EXTRUSION.,.F.,.F.,.F.,(4,4),(2,2),
(0.,1.),(0.,1.),.PIECEWISE_BEZIER_KNOTS.);
#4014=B_SPLINE_SURFACE_WITH_KNOTS('',3,1,((#6999,#7000),(#7001,#7002),(#7003,
#7004),(#7005,#7006)),.SURF_OF_LINEAR_EXTRUSION.,.F.,.F.,.F.,(4,4),(2,2),
(0.,1.),(0.,1.),.PIECEWISE_BEZIER_KNOTS.);
#4015=B_SPLINE_SURFACE_WITH_KNOTS('',3,1,((#7008,#7009),(#7010,#7011),(#7012,
#7013),(#7014,#7015)),.SURF_OF_LINEAR_EXTRUSION.,.F.,.F.,.F.,(4,4),(2,2),
(0.,1.),(0.,1.),.PIECEWISE_BEZIER_KNOTS.);
#4016=B_SPLINE_SURFACE_WITH_KNOTS('',3,1,((#7019,#7020),(#7021,#7022),(#7023,
#7024),(#7025,#7026)),.SURF_OF_LINEAR_EXTRUSION.,.F.,.F.,.F.,(4,4),(2,2),
(0.,1.),(0.,1.),.PIECEWISE_BEZIER_KNOTS.);
#4017=B_SPLINE_SURFACE_WITH_KNOTS('',3,1,((#7111,#7112),(#7113,#7114),(#7115,
#7116),(#7117,#7118)),.SURF_OF_LINEAR_EXTRUSION.,.F.,.F.,.F.,(4,4),(2,2),
(0.,1.),(0.,1.),.PIECEWISE_BEZIER_KNOTS.);
#4018=B_SPLINE_SURFACE_WITH_KNOTS('',3,1,((#7121,#7122),(#7123,#7124),(#7125,
#7126),(#7127,#7128)),.SURF_OF_LINEAR_EXTRUSION.,.F.,.F.,.F.,(4,4),(2,2),
(0.,1.),(0.,1.),.PIECEWISE_BEZIER_KNOTS.);
#4019=B_SPLINE_SURFACE_WITH_KNOTS('',3,1,((#7130,#7131),(#7132,#7133),(#7134,
#7135),(#7136,#7137)),.SURF_OF_LINEAR_EXTRUSION.,.F.,.F.,.F.,(4,4),(2,2),
(0.,1.),(0.,1.),.PIECEWISE_BEZIER_KNOTS.);
#4020=B_SPLINE_SURFACE_WITH_KNOTS('',3,1,((#7141,#7142),(#7143,#7144),(#7145,
#7146),(#7147,#7148)),.SURF_OF_LINEAR_EXTRUSION.,.F.,.F.,.F.,(4,4),(2,2),
(0.,1.),(0.,1.),.PIECEWISE_BEZIER_KNOTS.);
#4021=B_SPLINE_SURFACE_WITH_KNOTS('',3,1,((#7161,#7162),(#7163,#7164),(#7165,
#7166),(#7167,#7168)),.SURF_OF_LINEAR_EXTRUSION.,.F.,.F.,.F.,(4,4),(2,2),
(0.,1.),(0.,1.),.PIECEWISE_BEZIER_KNOTS.);
#4022=B_SPLINE_SURFACE_WITH_KNOTS('',3,1,((#7170,#7171),(#7172,#7173),(#7174,
#7175),(#7176,#7177)),.SURF_OF_LINEAR_EXTRUSION.,.F.,.F.,.F.,(4,4),(2,2),
(0.,1.),(0.,1.),.PIECEWISE_BEZIER_KNOTS.);
#4023=B_SPLINE_SURFACE_WITH_KNOTS('',3,1,((#7179,#7180),(#7181,#7182),(#7183,
#7184),(#7185,#7186)),.SURF_OF_LINEAR_EXTRUSION.,.F.,.F.,.F.,(4,4),(2,2),
(0.,1.),(0.,1.),.PIECEWISE_BEZIER_KNOTS.);
#4024=B_SPLINE_SURFACE_WITH_KNOTS('',3,1,((#7191,#7192),(#7193,#7194),(#7195,
#7196),(#7197,#7198)),.SURF_OF_LINEAR_EXTRUSION.,.F.,.F.,.F.,(4,4),(2,2),
(0.,1.),(0.,1.),.PIECEWISE_BEZIER_KNOTS.);
#4025=B_SPLINE_SURFACE_WITH_KNOTS('',3,1,((#7200,#7201),(#7202,#7203),(#7204,
#7205),(#7206,#7207)),.SURF_OF_LINEAR_EXTRUSION.,.F.,.F.,.F.,(4,4),(2,2),
(0.,1.),(0.,1.),.PIECEWISE_BEZIER_KNOTS.);
#4026=B_SPLINE_SURFACE_WITH_KNOTS('',3,1,((#7209,#7210),(#7211,#7212),(#7213,
#7214),(#7215,#7216)),.SURF_OF_LINEAR_EXTRUSION.,.F.,.F.,.F.,(4,4),(2,2),
(0.,1.),(0.,1.),.PIECEWISE_BEZIER_KNOTS.);
#4027=B_SPLINE_SURFACE_WITH_KNOTS('',3,1,((#7221,#7222),(#7223,#7224),(#7225,
#7226),(#7227,#7228)),.SURF_OF_LINEAR_EXTRUSION.,.F.,.F.,.F.,(4,4),(2,2),
(0.,1.),(0.,1.),.PIECEWISE_BEZIER_KNOTS.);
#4028=B_SPLINE_SURFACE_WITH_KNOTS('',3,1,((#7234,#7235),(#7236,#7237),(#7238,
#7239),(#7240,#7241)),.SURF_OF_LINEAR_EXTRUSION.,.F.,.F.,.F.,(4,4),(2,2),
(0.,1.),(0.,1.),.PIECEWISE_BEZIER_KNOTS.);
#4029=B_SPLINE_SURFACE_WITH_KNOTS('',3,1,((#7243,#7244),(#7245,#7246),(#7247,
#7248),(#7249,#7250)),.SURF_OF_LINEAR_EXTRUSION.,.F.,.F.,.F.,(4,4),(2,2),
(0.,1.),(0.,1.),.PIECEWISE_BEZIER_KNOTS.);
#4030=B_SPLINE_SURFACE_WITH_KNOTS('',3,1,((#7296,#7297),(#7298,#7299),(#7300,
#7301),(#7302,#7303)),.SURF_OF_LINEAR_EXTRUSION.,.F.,.F.,.F.,(4,4),(2,2),
(0.,1.),(0.,1.),.PIECEWISE_BEZIER_KNOTS.);
#4031=B_SPLINE_SURFACE_WITH_KNOTS('',3,1,((#7306,#7307),(#7308,#7309),(#7310,
#7311),(#7312,#7313)),.SURF_OF_LINEAR_EXTRUSION.,.F.,.F.,.F.,(4,4),(2,2),
(0.,1.),(0.,1.),.PIECEWISE_BEZIER_KNOTS.);
#4032=B_SPLINE_SURFACE_WITH_KNOTS('',3,1,((#7315,#7316),(#7317,#7318),(#7319,
#7320),(#7321,#7322)),.SURF_OF_LINEAR_EXTRUSION.,.F.,.F.,.F.,(4,4),(2,2),
(0.,1.),(0.,1.),.PIECEWISE_BEZIER_KNOTS.);
#4033=B_SPLINE_SURFACE_WITH_KNOTS('',3,1,((#7340,#7341),(#7342,#7343),(#7344,
#7345),(#7346,#7347)),.SURF_OF_LINEAR_EXTRUSION.,.F.,.F.,.F.,(4,4),(2,2),
(0.,1.),(0.,1.),.PIECEWISE_BEZIER_KNOTS.);
#4034=B_SPLINE_SURFACE_WITH_KNOTS('',3,1,((#7349,#7350),(#7351,#7352),(#7353,
#7354),(#7355,#7356)),.SURF_OF_LINEAR_EXTRUSION.,.F.,.F.,.F.,(4,4),(2,2),
(0.,1.),(0.,1.),.PIECEWISE_BEZIER_KNOTS.);
#4035=B_SPLINE_SURFACE_WITH_KNOTS('',3,1,((#7360,#7361),(#7362,#7363),(#7364,
#7365),(#7366,#7367)),.SURF_OF_LINEAR_EXTRUSION.,.F.,.F.,.F.,(4,4),(2,2),
(0.,1.),(0.,1.),.PIECEWISE_BEZIER_KNOTS.);
#4036=B_SPLINE_SURFACE_WITH_KNOTS('',3,1,((#7426,#7427),(#7428,#7429),(#7430,
#7431),(#7432,#7433)),.SURF_OF_LINEAR_EXTRUSION.,.F.,.F.,.F.,(4,4),(2,2),
(0.,1.),(0.,1.),.PIECEWISE_BEZIER_KNOTS.);
#4037=B_SPLINE_SURFACE_WITH_KNOTS('',3,1,((#7435,#7436),(#7437,#7438),(#7439,
#7440),(#7441,#7442)),.SURF_OF_LINEAR_EXTRUSION.,.F.,.F.,.F.,(4,4),(2,2),
(0.,1.),(0.,1.),.PIECEWISE_BEZIER_KNOTS.);
#4038=B_SPLINE_SURFACE_WITH_KNOTS('',3,1,((#7452,#7453),(#7454,#7455),(#7456,
#7457),(#7458,#7459)),.SURF_OF_LINEAR_EXTRUSION.,.F.,.F.,.F.,(4,4),(2,2),
(0.,1.),(0.,1.),.PIECEWISE_BEZIER_KNOTS.);
#4039=B_SPLINE_SURFACE_WITH_KNOTS('',3,1,((#7472,#7473),(#7474,#7475),(#7476,
#7477),(#7478,#7479)),.SURF_OF_LINEAR_EXTRUSION.,.F.,.F.,.F.,(4,4),(2,2),
(0.,1.),(0.,1.),.PIECEWISE_BEZIER_KNOTS.);
#4040=B_SPLINE_SURFACE_WITH_KNOTS('',3,1,((#7481,#7482),(#7483,#7484),(#7485,
#7486),(#7487,#7488)),.SURF_OF_LINEAR_EXTRUSION.,.F.,.F.,.F.,(4,4),(2,2),
(0.,1.),(0.,1.),.PIECEWISE_BEZIER_KNOTS.);
#4041=B_SPLINE_SURFACE_WITH_KNOTS('',3,1,((#7491,#7492),(#7493,#7494),(#7495,
#7496),(#7497,#7498)),.SURF_OF_LINEAR_EXTRUSION.,.F.,.F.,.F.,(4,4),(2,2),
(0.,1.),(0.,1.),.PIECEWISE_BEZIER_KNOTS.);
#4042=B_SPLINE_SURFACE_WITH_KNOTS('',3,1,((#7500,#7501),(#7502,#7503),(#7504,
#7505),(#7506,#7507)),.SURF_OF_LINEAR_EXTRUSION.,.F.,.F.,.F.,(4,4),(2,2),
(0.,1.),(0.,1.),.PIECEWISE_BEZIER_KNOTS.);
#4043=ADVANCED_FACE('',(#3712,#3713),#3950,.F.);
#4044=ADVANCED_FACE('',(#3714,#3715),#963,.F.);
#4045=ADVANCED_FACE('',(#3716,#3717,#3718,#3719,#3720,#3721,#3722,#3723,
#3724,#3725,#3726,#3727,#3728),#812,.T.);
#4046=ADVANCED_FACE('',(#3729,#3730),#813,.F.);
#4047=ADVANCED_FACE('',(#3731),#814,.T.);
#4048=ADVANCED_FACE('',(#3732),#3951,.T.);
#4049=ADVANCED_FACE('',(#3733),#964,.T.);
#4050=ADVANCED_FACE('',(#3734),#3952,.T.);
#4051=ADVANCED_FACE('',(#3735),#965,.T.);
#4052=ADVANCED_FACE('',(#3736),#815,.T.);
#4053=ADVANCED_FACE('',(#3737),#816,.T.);
#4054=ADVANCED_FACE('',(#3738),#817,.T.);
#4055=ADVANCED_FACE('',(#3739),#818,.T.);
#4056=ADVANCED_FACE('',(#3740),#819,.T.);
#4057=ADVANCED_FACE('',(#3741),#820,.T.);
#4058=ADVANCED_FACE('',(#3742),#3953,.T.);
#4059=ADVANCED_FACE('',(#3743),#966,.F.);
#4060=ADVANCED_FACE('',(#3744),#3954,.T.);
#4061=ADVANCED_FACE('',(#3745),#967,.F.);
#4062=ADVANCED_FACE('',(#3746),#821,.T.);
#4063=ADVANCED_FACE('',(#3747),#3955,.T.);
#4064=ADVANCED_FACE('',(#3748),#3956,.T.);
#4065=ADVANCED_FACE('',(#3749),#3957,.T.);
#4066=ADVANCED_FACE('',(#3750),#822,.T.);
#4067=ADVANCED_FACE('',(#3751),#823,.T.);
#4068=ADVANCED_FACE('',(#3752),#824,.T.);
#4069=ADVANCED_FACE('',(#3753),#825,.T.);
#4070=ADVANCED_FACE('',(#3754),#826,.T.);
#4071=ADVANCED_FACE('',(#3755),#827,.T.);
#4072=ADVANCED_FACE('',(#3756),#828,.T.);
#4073=ADVANCED_FACE('',(#3757),#829,.T.);
#4074=ADVANCED_FACE('',(#3758),#3958,.T.);
#4075=ADVANCED_FACE('',(#3759),#3959,.T.);
#4076=ADVANCED_FACE('',(#3760),#968,.F.);
#4077=ADVANCED_FACE('',(#3761),#3960,.T.);
#4078=ADVANCED_FACE('',(#3762),#969,.F.);
#4079=ADVANCED_FACE('',(#3763),#830,.T.);
#4080=ADVANCED_FACE('',(#3764),#3961,.T.);
#4081=ADVANCED_FACE('',(#3765),#831,.T.);
#4082=ADVANCED_FACE('',(#3766),#832,.T.);
#4083=ADVANCED_FACE('',(#3767),#833,.T.);
#4084=ADVANCED_FACE('',(#3768),#3962,.T.);
#4085=ADVANCED_FACE('',(#3769),#3963,.T.);
#4086=ADVANCED_FACE('',(#3770),#834,.T.);
#4087=ADVANCED_FACE('',(#3771),#835,.T.);
#4088=ADVANCED_FACE('',(#3772),#3964,.T.);
#4089=ADVANCED_FACE('',(#3773),#3965,.T.);
#4090=ADVANCED_FACE('',(#3774),#3966,.T.);
#4091=ADVANCED_FACE('',(#3775),#3967,.T.);
#4092=ADVANCED_FACE('',(#3776),#3968,.T.);
#4093=ADVANCED_FACE('',(#3777),#836,.T.);
#4094=ADVANCED_FACE('',(#3778),#3969,.T.);
#4095=ADVANCED_FACE('',(#3779),#837,.T.);
#4096=ADVANCED_FACE('',(#3780),#838,.T.);
#4097=ADVANCED_FACE('',(#3781),#3970,.T.);
#4098=ADVANCED_FACE('',(#3782),#3971,.T.);
#4099=ADVANCED_FACE('',(#3783),#3972,.T.);
#4100=ADVANCED_FACE('',(#3784),#839,.T.);
#4101=ADVANCED_FACE('',(#3785),#840,.T.);
#4102=ADVANCED_FACE('',(#3786),#3973,.T.);
#4103=ADVANCED_FACE('',(#3787),#3974,.T.);
#4104=ADVANCED_FACE('',(#3788),#3975,.T.);
#4105=ADVANCED_FACE('',(#3789),#841,.T.);
#4106=ADVANCED_FACE('',(#3790),#842,.T.);
#4107=ADVANCED_FACE('',(#3791),#843,.T.);
#4108=ADVANCED_FACE('',(#3792),#844,.T.);
#4109=ADVANCED_FACE('',(#3793),#845,.T.);
#4110=ADVANCED_FACE('',(#3794),#846,.T.);
#4111=ADVANCED_FACE('',(#3795),#847,.T.);
#4112=ADVANCED_FACE('',(#3796),#848,.T.);
#4113=ADVANCED_FACE('',(#3797),#849,.T.);
#4114=ADVANCED_FACE('',(#3798),#3976,.T.);
#4115=ADVANCED_FACE('',(#3799),#3977,.T.);
#4116=ADVANCED_FACE('',(#3800),#970,.F.);
#4117=ADVANCED_FACE('',(#3801),#3978,.T.);
#4118=ADVANCED_FACE('',(#3802),#971,.F.);
#4119=ADVANCED_FACE('',(#3803),#850,.T.);
#4120=ADVANCED_FACE('',(#3804),#851,.T.);
#4121=ADVANCED_FACE('',(#3805),#852,.T.);
#4122=ADVANCED_FACE('',(#3806),#853,.T.);
#4123=ADVANCED_FACE('',(#3807),#854,.T.);
#4124=ADVANCED_FACE('',(#3808),#972,.F.);
#4125=ADVANCED_FACE('',(#3809),#855,.T.);
#4126=ADVANCED_FACE('',(#3810),#3979,.T.);
#4127=ADVANCED_FACE('',(#3811),#3980,.T.);
#4128=ADVANCED_FACE('',(#3812),#856,.T.);
#4129=ADVANCED_FACE('',(#3813),#857,.T.);
#4130=ADVANCED_FACE('',(#3814),#858,.T.);
#4131=ADVANCED_FACE('',(#3815),#973,.F.);
#4132=ADVANCED_FACE('',(#3816),#3981,.T.);
#4133=ADVANCED_FACE('',(#3817),#3982,.T.);
#4134=ADVANCED_FACE('',(#3818),#859,.T.);
#4135=ADVANCED_FACE('',(#3819),#860,.T.);
#4136=ADVANCED_FACE('',(#3820),#3983,.T.);
#4137=ADVANCED_FACE('',(#3821),#861,.T.);
#4138=ADVANCED_FACE('',(#3822),#862,.T.);
#4139=ADVANCED_FACE('',(#3823),#863,.T.);
#4140=ADVANCED_FACE('',(#3824),#3984,.T.);
#4141=ADVANCED_FACE('',(#3825),#3985,.T.);
#4142=ADVANCED_FACE('',(#3826),#864,.T.);
#4143=ADVANCED_FACE('',(#3827),#865,.T.);
#4144=ADVANCED_FACE('',(#3828),#3986,.T.);
#4145=ADVANCED_FACE('',(#3829),#3987,.T.);
#4146=ADVANCED_FACE('',(#3830),#3988,.T.);
#4147=ADVANCED_FACE('',(#3831),#3989,.T.);
#4148=ADVANCED_FACE('',(#3832),#3990,.T.);
#4149=ADVANCED_FACE('',(#3833),#866,.T.);
#4150=ADVANCED_FACE('',(#3834),#3991,.T.);
#4151=ADVANCED_FACE('',(#3835),#867,.T.);
#4152=ADVANCED_FACE('',(#3836),#868,.T.);
#4153=ADVANCED_FACE('',(#3837),#3992,.T.);
#4154=ADVANCED_FACE('',(#3838),#3993,.T.);
#4155=ADVANCED_FACE('',(#3839),#3994,.T.);
#4156=ADVANCED_FACE('',(#3840),#869,.T.);
#4157=ADVANCED_FACE('',(#3841),#3995,.T.);
#4158=ADVANCED_FACE('',(#3842),#3996,.T.);
#4159=ADVANCED_FACE('',(#3843),#3997,.T.);
#4160=ADVANCED_FACE('',(#3844),#3998,.T.);
#4161=ADVANCED_FACE('',(#3845),#3999,.T.);
#4162=ADVANCED_FACE('',(#3846),#4000,.T.);
#4163=ADVANCED_FACE('',(#3847),#4001,.T.);
#4164=ADVANCED_FACE('',(#3848),#4002,.T.);
#4165=ADVANCED_FACE('',(#3849),#870,.T.);
#4166=ADVANCED_FACE('',(#3850),#871,.T.);
#4167=ADVANCED_FACE('',(#3851),#872,.T.);
#4168=ADVANCED_FACE('',(#3852),#873,.T.);
#4169=ADVANCED_FACE('',(#3853),#874,.T.);
#4170=ADVANCED_FACE('',(#3854),#875,.T.);
#4171=ADVANCED_FACE('',(#3855),#876,.T.);
#4172=ADVANCED_FACE('',(#3856),#877,.T.);
#4173=ADVANCED_FACE('',(#3857),#878,.T.);
#4174=ADVANCED_FACE('',(#3858),#4003,.T.);
#4175=ADVANCED_FACE('',(#3859),#4004,.T.);
#4176=ADVANCED_FACE('',(#3860),#4005,.T.);
#4177=ADVANCED_FACE('',(#3861),#4006,.T.);
#4178=ADVANCED_FACE('',(#3862),#4007,.T.);
#4179=ADVANCED_FACE('',(#3863),#4008,.T.);
#4180=ADVANCED_FACE('',(#3864),#4009,.T.);
#4181=ADVANCED_FACE('',(#3865),#4010,.T.);
#4182=ADVANCED_FACE('',(#3866),#879,.T.);
#4183=ADVANCED_FACE('',(#3867),#880,.T.);
#4184=ADVANCED_FACE('',(#3868),#881,.T.);
#4185=ADVANCED_FACE('',(#3869),#4011,.T.);
#4186=ADVANCED_FACE('',(#3870),#4012,.T.);
#4187=ADVANCED_FACE('',(#3871),#4013,.T.);
#4188=ADVANCED_FACE('',(#3872),#882,.T.);
#4189=ADVANCED_FACE('',(#3873),#883,.T.);
#4190=ADVANCED_FACE('',(#3874),#884,.T.);
#4191=ADVANCED_FACE('',(#3875),#885,.T.);
#4192=ADVANCED_FACE('',(#3876),#886,.T.);
#4193=ADVANCED_FACE('',(#3877),#887,.T.);
#4194=ADVANCED_FACE('',(#3878),#888,.T.);
#4195=ADVANCED_FACE('',(#3879),#889,.T.);
#4196=ADVANCED_FACE('',(#3880),#890,.T.);
#4197=ADVANCED_FACE('',(#3881),#4014,.T.);
#4198=ADVANCED_FACE('',(#3882),#4015,.T.);
#4199=ADVANCED_FACE('',(#3883),#974,.F.);
#4200=ADVANCED_FACE('',(#3884),#4016,.T.);
#4201=ADVANCED_FACE('',(#3885),#975,.F.);
#4202=ADVANCED_FACE('',(#3886),#891,.T.);
#4203=ADVANCED_FACE('',(#3887),#892,.T.);
#4204=ADVANCED_FACE('',(#3888),#4017,.T.);
#4205=ADVANCED_FACE('',(#3889),#4018,.T.);
#4206=ADVANCED_FACE('',(#3890),#4019,.T.);
#4207=ADVANCED_FACE('',(#3891),#976,.T.);
#4208=ADVANCED_FACE('',(#3892),#4020,.T.);
#4209=ADVANCED_FACE('',(#3893),#893,.T.);
#4210=ADVANCED_FACE('',(#3894),#894,.T.);
#4211=ADVANCED_FACE('',(#3895),#895,.T.);
#4212=ADVANCED_FACE('',(#3896),#977,.T.);
#4213=ADVANCED_FACE('',(#3897),#978,.T.);
#4214=ADVANCED_FACE('',(#3898),#4021,.T.);
#4215=ADVANCED_FACE('',(#3899),#4022,.T.);
#4216=ADVANCED_FACE('',(#3900),#4023,.T.);
#4217=ADVANCED_FACE('',(#3901),#896,.T.);
#4218=ADVANCED_FACE('',(#3902),#897,.T.);
#4219=ADVANCED_FACE('',(#3903),#4024,.T.);
#4220=ADVANCED_FACE('',(#3904),#4025,.T.);
#4221=ADVANCED_FACE('',(#3905),#4026,.T.);
#4222=ADVANCED_FACE('',(#3906),#898,.T.);
#4223=ADVANCED_FACE('',(#3907),#979,.F.);
#4224=ADVANCED_FACE('',(#3908),#4027,.T.);
#4225=ADVANCED_FACE('',(#3909),#980,.F.);
#4226=ADVANCED_FACE('',(#3910),#981,.F.);
#4227=ADVANCED_FACE('',(#3911),#4028,.T.);
#4228=ADVANCED_FACE('',(#3912),#4029,.T.);
#4229=ADVANCED_FACE('',(#3913),#899,.T.);
#4230=ADVANCED_FACE('',(#3914),#4030,.T.);
#4231=ADVANCED_FACE('',(#3915),#4031,.T.);
#4232=ADVANCED_FACE('',(#3916),#4032,.T.);
#4233=ADVANCED_FACE('',(#3917),#900,.T.);
#4234=ADVANCED_FACE('',(#3918),#901,.T.);
#4235=ADVANCED_FACE('',(#3919),#902,.T.);
#4236=ADVANCED_FACE('',(#3920),#903,.T.);
#4237=ADVANCED_FACE('',(#3921),#904,.T.);
#4238=ADVANCED_FACE('',(#3922),#905,.T.);
#4239=ADVANCED_FACE('',(#3923),#906,.T.);
#4240=ADVANCED_FACE('',(#3924),#907,.T.);
#4241=ADVANCED_FACE('',(#3925),#4033,.T.);
#4242=ADVANCED_FACE('',(#3926),#4034,.T.);
#4243=ADVANCED_FACE('',(#3927),#982,.F.);
#4244=ADVANCED_FACE('',(#3928),#4035,.T.);
#4245=ADVANCED_FACE('',(#3929),#983,.F.);
#4246=ADVANCED_FACE('',(#3930),#908,.T.);
#4247=ADVANCED_FACE('',(#3931),#909,.T.);
#4248=ADVANCED_FACE('',(#3932),#4036,.T.);
#4249=ADVANCED_FACE('',(#3933),#4037,.T.);
#4250=ADVANCED_FACE('',(#3934),#910,.T.);
#4251=ADVANCED_FACE('',(#3935),#911,.T.);
#4252=ADVANCED_FACE('',(#3936),#912,.T.);
#4253=ADVANCED_FACE('',(#3937),#913,.T.);
#4254=ADVANCED_FACE('',(#3938),#4038,.T.);
#4255=ADVANCED_FACE('',(#3939),#914,.T.);
#4256=ADVANCED_FACE('',(#3940),#915,.T.);
#4257=ADVANCED_FACE('',(#3941),#916,.T.);
#4258=ADVANCED_FACE('',(#3942),#917,.T.);
#4259=ADVANCED_FACE('',(#3943),#918,.T.);
#4260=ADVANCED_FACE('',(#3944),#4039,.T.);
#4261=ADVANCED_FACE('',(#3945),#4040,.T.);
#4262=ADVANCED_FACE('',(#3946),#919,.T.);
#4263=ADVANCED_FACE('',(#3947),#4041,.T.);
#4264=ADVANCED_FACE('',(#3948),#4042,.T.);
#4265=ADVANCED_FACE('',(#3949),#920,.T.);
#4266=CLOSED_SHELL('',(#4043,#4044,#4045,#4046,#4047,#4048,#4049,#4050,
#4051,#4052,#4053,#4054,#4055,#4056,#4057,#4058,#4059,#4060,#4061,#4062,
#4063,#4064,#4065,#4066,#4067,#4068,#4069,#4070,#4071,#4072,#4073,#4074,
#4075,#4076,#4077,#4078,#4079,#4080,#4081,#4082,#4083,#4084,#4085,#4086,
#4087,#4088,#4089,#4090,#4091,#4092,#4093,#4094,#4095,#4096,#4097,#4098,
#4099,#4100,#4101,#4102,#4103,#4104,#4105,#4106,#4107,#4108,#4109,#4110,
#4111,#4112,#4113,#4114,#4115,#4116,#4117,#4118,#4119,#4120,#4121,#4122,
#4123,#4124,#4125,#4126,#4127,#4128,#4129,#4130,#4131,#4132,#4133,#4134,
#4135,#4136,#4137,#4138,#4139,#4140,#4141,#4142,#4143,#4144,#4145,#4146,
#4147,#4148,#4149,#4150,#4151,#4152,#4153,#4154,#4155,#4156,#4157,#4158,
#4159,#4160,#4161,#4162,#4163,#4164,#4165,#4166,#4167,#4168,#4169,#4170,
#4171,#4172,#4173,#4174,#4175,#4176,#4177,#4178,#4179,#4180,#4181,#4182,
#4183,#4184,#4185,#4186,#4187,#4188,#4189,#4190,#4191,#4192,#4193,#4194,
#4195,#4196,#4197,#4198,#4199,#4200,#4201,#4202,#4203,#4204,#4205,#4206,
#4207,#4208,#4209,#4210,#4211,#4212,#4213,#4214,#4215,#4216,#4217,#4218,
#4219,#4220,#4221,#4222,#4223,#4224,#4225,#4226,#4227,#4228,#4229,#4230,
#4231,#4232,#4233,#4234,#4235,#4236,#4237,#4238,#4239,#4240,#4241,#4242,
#4243,#4244,#4245,#4246,#4247,#4248,#4249,#4250,#4251,#4252,#4253,#4254,
#4255,#4256,#4257,#4258,#4259,#4260,#4261,#4262,#4263,#4264,#4265));
#4267=STYLED_ITEM('',(#4268),#4275);
#4268=PRESENTATION_STYLE_ASSIGNMENT((#4269));
#4269=SURFACE_STYLE_USAGE(.BOTH.,#4270);
#4270=SURFACE_SIDE_STYLE('',(#4271));
#4271=SURFACE_STYLE_FILL_AREA(#4272);
#4272=FILL_AREA_STYLE('',(#4273));
#4273=FILL_AREA_STYLE_COLOUR('',#4274);
#4274=COLOUR_RGB('',0.615686274509804,0.811764705882353,0.929411764705882);
#4275=MANIFOLD_SOLID_BREP('Part 1',#4266);
#4276=SHAPE_DEFINITION_REPRESENTATION(#7516,#4277);
#4277=SHAPE_REPRESENTATION('Part 1',(#4278),#7511);
#4278=AXIS2_PLACEMENT_3D('',#5197,#4451,#4452);
#4279=AXIS2_PLACEMENT_3D('',#5232,#4453,#4454);
#4280=AXIS2_PLACEMENT_3D('',#5233,#4455,#4456);
#4281=AXIS2_PLACEMENT_3D('',#5235,#4457,#4458);
#4282=AXIS2_PLACEMENT_3D('',#5237,#4459,#4460);
#4283=AXIS2_PLACEMENT_3D('',#5247,#4463,#4464);
#4284=AXIS2_PLACEMENT_3D('',#5253,#4465,#4466);
#4285=AXIS2_PLACEMENT_3D('',#5261,#4470,#4471);
#4286=AXIS2_PLACEMENT_3D('',#5267,#4472,#4473);
#4287=AXIS2_PLACEMENT_3D('',#5297,#4480,#4481);
#4288=AXIS2_PLACEMENT_3D('',#5303,#4482,#4483);
#4289=AXIS2_PLACEMENT_3D('',#5407,#4501,#4502);
#4290=AXIS2_PLACEMENT_3D('',#5413,#4503,#4504);
#4291=AXIS2_PLACEMENT_3D('',#5453,#4516,#4517);
#4292=AXIS2_PLACEMENT_3D('',#5455,#4518,#4519);
#4293=AXIS2_PLACEMENT_3D('',#5641,#4546,#4547);
#4294=AXIS2_PLACEMENT_3D('',#5647,#4548,#4549);
#4295=AXIS2_PLACEMENT_3D('',#5679,#4557,#4558);
#4296=AXIS2_PLACEMENT_3D('',#5681,#4559,#4560);
#4297=AXIS2_PLACEMENT_3D('',#5687,#4561,#4562);
#4298=AXIS2_PLACEMENT_3D('',#5703,#4564,#4565);
#4299=AXIS2_PLACEMENT_3D('',#5727,#4569,#4570);
#4300=AXIS2_PLACEMENT_3D('',#5729,#4571,#4572);
#4301=AXIS2_PLACEMENT_3D('',#5765,#4578,#4579);
#4302=AXIS2_PLACEMENT_3D('',#5771,#4580,#4581);
#4303=AXIS2_PLACEMENT_3D('',#5838,#4597,#4598);
#4304=AXIS2_PLACEMENT_3D('',#5839,#4599,#4600);
#4305=AXIS2_PLACEMENT_3D('',#5851,#4604,#4605);
#4306=AXIS2_PLACEMENT_3D('',#5857,#4606,#4607);
#4307=AXIS2_PLACEMENT_3D('',#5865,#4611,#4612);
#4308=AXIS2_PLACEMENT_3D('',#5871,#4613,#4614);
#4309=AXIS2_PLACEMENT_3D('',#5886,#4617,#4618);
#4310=AXIS2_PLACEMENT_3D('',#5897,#4621,#4622);
#4311=AXIS2_PLACEMENT_3D('',#5899,#4624,#4625);
#4312=AXIS2_PLACEMENT_3D('',#5901,#4627,#4628);
#4313=AXIS2_PLACEMENT_3D('',#5903,#4630,#4631);
#4314=AXIS2_PLACEMENT_3D('',#5905,#4633,#4634);
#4315=AXIS2_PLACEMENT_3D('',#5908,#4637,#4638);
#4316=AXIS2_PLACEMENT_3D('',#5910,#4640,#4641);
#4317=AXIS2_PLACEMENT_3D('',#5920,#4643,#4644);
#4318=AXIS2_PLACEMENT_3D('',#5931,#4647,#4648);
#4319=AXIS2_PLACEMENT_3D('',#5932,#4649,#4650);
#4320=AXIS2_PLACEMENT_3D('',#5952,#4656,#4657);
#4321=AXIS2_PLACEMENT_3D('',#5958,#4658,#4659);
#4322=AXIS2_PLACEMENT_3D('',#6005,#4667,#4668);
#4323=AXIS2_PLACEMENT_3D('',#6007,#4670,#4671);
#4324=AXIS2_PLACEMENT_3D('',#6009,#4673,#4674);
#4325=AXIS2_PLACEMENT_3D('',#6011,#4676,#4677);
#4326=AXIS2_PLACEMENT_3D('',#6014,#4680,#4681);
#4327=AXIS2_PLACEMENT_3D('',#6016,#4683,#4684);
#4328=AXIS2_PLACEMENT_3D('',#6018,#4686,#4687);
#4329=AXIS2_PLACEMENT_3D('',#6019,#4688,#4689);
#4330=AXIS2_PLACEMENT_3D('',#6039,#4693,#4694);
#4331=AXIS2_PLACEMENT_3D('',#6050,#4697,#4698);
#4332=AXIS2_PLACEMENT_3D('',#6051,#4699,#4700);
#4333=AXIS2_PLACEMENT_3D('',#6126,#4711,#4712);
#4334=AXIS2_PLACEMENT_3D('',#6129,#4715,#4716);
#4335=AXIS2_PLACEMENT_3D('',#6131,#4718,#4719);
#4336=AXIS2_PLACEMENT_3D('',#6151,#4723,#4724);
#4337=AXIS2_PLACEMENT_3D('',#6153,#4726,#4727);
#4338=AXIS2_PLACEMENT_3D('',#6200,#4734,#4735);
#4339=AXIS2_PLACEMENT_3D('',#6210,#4737,#4738);
#4340=AXIS2_PLACEMENT_3D('',#6212,#4740,#4741);
#4341=AXIS2_PLACEMENT_3D('',#6240,#4745,#4746);
#4342=AXIS2_PLACEMENT_3D('',#6262,#4753,#4754);
#4343=AXIS2_PLACEMENT_3D('',#6268,#4755,#4756);
#4344=AXIS2_PLACEMENT_3D('',#6289,#4761,#4762);
#4345=AXIS2_PLACEMENT_3D('',#6319,#4768,#4769);
#4346=AXIS2_PLACEMENT_3D('',#6321,#4771,#4772);
#4347=AXIS2_PLACEMENT_3D('',#6323,#4774,#4775);
#4348=AXIS2_PLACEMENT_3D('',#6325,#4777,#4778);
#4349=AXIS2_PLACEMENT_3D('',#6328,#4781,#4782);
#4350=AXIS2_PLACEMENT_3D('',#6330,#4784,#4785);
#4351=AXIS2_PLACEMENT_3D('',#6332,#4787,#4788);
#4352=AXIS2_PLACEMENT_3D('',#6334,#4790,#4791);
#4353=AXIS2_PLACEMENT_3D('',#6335,#4792,#4793);
#4354=AXIS2_PLACEMENT_3D('',#6355,#4797,#4798);
#4355=AXIS2_PLACEMENT_3D('',#6366,#4801,#4802);
#4356=AXIS2_PLACEMENT_3D('',#6367,#4803,#4804);
#4357=AXIS2_PLACEMENT_3D('',#6385,#4809,#4810);
#4358=AXIS2_PLACEMENT_3D('',#6387,#4811,#4812);
#4359=AXIS2_PLACEMENT_3D('',#6406,#4818,#4819);
#4360=AXIS2_PLACEMENT_3D('',#6409,#4822,#4823);
#4361=AXIS2_PLACEMENT_3D('',#6411,#4825,#4826);
#4362=AXIS2_PLACEMENT_3D('',#6413,#4828,#4829);
#4363=AXIS2_PLACEMENT_3D('',#6415,#4831,#4832);
#4364=AXIS2_PLACEMENT_3D('',#6418,#4835,#4836);
#4365=AXIS2_PLACEMENT_3D('',#6438,#4840,#4841);
#4366=AXIS2_PLACEMENT_3D('',#6440,#4843,#4844);
#4367=AXIS2_PLACEMENT_3D('',#6442,#4846,#4847);
#4368=AXIS2_PLACEMENT_3D('',#6443,#4848,#4849);
#4369=AXIS2_PLACEMENT_3D('',#6463,#4853,#4854);
#4370=AXIS2_PLACEMENT_3D('',#6464,#4855,#4856);
#4371=AXIS2_PLACEMENT_3D('',#6539,#4867,#4868);
#4372=AXIS2_PLACEMENT_3D('',#6542,#4871,#4872);
#4373=AXIS2_PLACEMENT_3D('',#6544,#4874,#4875);
#4374=AXIS2_PLACEMENT_3D('',#6564,#4879,#4880);
#4375=AXIS2_PLACEMENT_3D('',#6566,#4882,#4883);
#4376=AXIS2_PLACEMENT_3D('',#6613,#4890,#4891);
#4377=AXIS2_PLACEMENT_3D('',#6623,#4893,#4894);
#4378=AXIS2_PLACEMENT_3D('',#6625,#4896,#4897);
#4379=AXIS2_PLACEMENT_3D('',#6653,#4901,#4902);
#4380=AXIS2_PLACEMENT_3D('',#6812,#4923,#4924);
#4381=AXIS2_PLACEMENT_3D('',#6814,#4926,#4927);
#4382=AXIS2_PLACEMENT_3D('',#6816,#4929,#4930);
#4383=AXIS2_PLACEMENT_3D('',#6818,#4932,#4933);
#4384=AXIS2_PLACEMENT_3D('',#6821,#4936,#4937);
#4385=AXIS2_PLACEMENT_3D('',#6823,#4939,#4940);
#4386=AXIS2_PLACEMENT_3D('',#6825,#4942,#4943);
#4387=AXIS2_PLACEMENT_3D('',#6828,#4946,#4947);
#4388=AXIS2_PLACEMENT_3D('',#6830,#4949,#4950);
#4389=AXIS2_PLACEMENT_3D('',#6901,#4957,#4958);
#4390=AXIS2_PLACEMENT_3D('',#6902,#4959,#4960);
#4391=AXIS2_PLACEMENT_3D('',#6924,#4967,#4968);
#4392=AXIS2_PLACEMENT_3D('',#6930,#4969,#4970);
#4393=AXIS2_PLACEMENT_3D('',#6951,#4975,#4976);
#4394=AXIS2_PLACEMENT_3D('',#6981,#4982,#4983);
#4395=AXIS2_PLACEMENT_3D('',#6983,#4985,#4986);
#4396=AXIS2_PLACEMENT_3D('',#6985,#4988,#4989);
#4397=AXIS2_PLACEMENT_3D('',#6987,#4991,#4992);
#4398=AXIS2_PLACEMENT_3D('',#6990,#4995,#4996);
#4399=AXIS2_PLACEMENT_3D('',#6992,#4998,#4999);
#4400=AXIS2_PLACEMENT_3D('',#6994,#5001,#5002);
#4401=AXIS2_PLACEMENT_3D('',#6996,#5004,#5005);
#4402=AXIS2_PLACEMENT_3D('',#6997,#5006,#5007);
#4403=AXIS2_PLACEMENT_3D('',#7017,#5011,#5012);
#4404=AXIS2_PLACEMENT_3D('',#7028,#5015,#5016);
#4405=AXIS2_PLACEMENT_3D('',#7029,#5017,#5018);
#4406=AXIS2_PLACEMENT_3D('',#7047,#5021,#5022);
#4407=AXIS2_PLACEMENT_3D('',#7049,#5023,#5024);
#4408=AXIS2_PLACEMENT_3D('',#7073,#5028,#5029);
#4409=AXIS2_PLACEMENT_3D('',#7089,#5031,#5032);
#4410=AXIS2_PLACEMENT_3D('',#7095,#5033,#5034);
#4411=AXIS2_PLACEMENT_3D('',#7097,#5035,#5036);
#4412=AXIS2_PLACEMENT_3D('',#7108,#5038,#5039);
#4413=AXIS2_PLACEMENT_3D('',#7139,#5046,#5047);
#4414=AXIS2_PLACEMENT_3D('',#7150,#5050,#5051);
#4415=AXIS2_PLACEMENT_3D('',#7152,#5053,#5054);
#4416=AXIS2_PLACEMENT_3D('',#7154,#5056,#5057);
#4417=AXIS2_PLACEMENT_3D('',#7156,#5059,#5060);
#4418=AXIS2_PLACEMENT_3D('',#7159,#5063,#5064);
#4419=AXIS2_PLACEMENT_3D('',#7188,#5069,#5070);
#4420=AXIS2_PLACEMENT_3D('',#7190,#5072,#5073);
#4421=AXIS2_PLACEMENT_3D('',#7217,#5076,#5077);
#4422=AXIS2_PLACEMENT_3D('',#7219,#5079,#5080);
#4423=AXIS2_PLACEMENT_3D('',#7230,#5083,#5084);
#4424=AXIS2_PLACEMENT_3D('',#7232,#5086,#5087);
#4425=AXIS2_PLACEMENT_3D('',#7251,#5090,#5091);
#4426=AXIS2_PLACEMENT_3D('',#7271,#5097,#5098);
#4427=AXIS2_PLACEMENT_3D('',#7277,#5099,#5100);
#4428=AXIS2_PLACEMENT_3D('',#7324,#5108,#5109);
#4429=AXIS2_PLACEMENT_3D('',#7326,#5111,#5112);
#4430=AXIS2_PLACEMENT_3D('',#7328,#5114,#5115);
#4431=AXIS2_PLACEMENT_3D('',#7330,#5117,#5118);
#4432=AXIS2_PLACEMENT_3D('',#7333,#5121,#5122);
#4433=AXIS2_PLACEMENT_3D('',#7335,#5124,#5125);
#4434=AXIS2_PLACEMENT_3D('',#7337,#5127,#5128);
#4435=AXIS2_PLACEMENT_3D('',#7338,#5129,#5130);
#4436=AXIS2_PLACEMENT_3D('',#7358,#5134,#5135);
#4437=AXIS2_PLACEMENT_3D('',#7369,#5138,#5139);
#4438=AXIS2_PLACEMENT_3D('',#7370,#5140,#5141);
#4439=AXIS2_PLACEMENT_3D('',#7423,#5154,#5155);
#4440=AXIS2_PLACEMENT_3D('',#7444,#5160,#5161);
#4441=AXIS2_PLACEMENT_3D('',#7446,#5163,#5164);
#4442=AXIS2_PLACEMENT_3D('',#7448,#5166,#5167);
#4443=AXIS2_PLACEMENT_3D('',#7450,#5169,#5170);
#4444=AXIS2_PLACEMENT_3D('',#7462,#5174,#5175);
#4445=AXIS2_PLACEMENT_3D('',#7464,#5177,#5178);
#4446=AXIS2_PLACEMENT_3D('',#7466,#5180,#5181);
#4447=AXIS2_PLACEMENT_3D('',#7468,#5183,#5184);
#4448=AXIS2_PLACEMENT_3D('',#7471,#5187,#5188);
#4449=AXIS2_PLACEMENT_3D('',#7489,#5190,#5191);
#4450=AXIS2_PLACEMENT_3D('',#7509,#5195,#5196);
#4451=DIRECTION('',(0.,0.,1.));
#4452=DIRECTION('',(1.,0.,0.));
#4453=DIRECTION('',(0.,-1.,0.));
#4454=DIRECTION('',(-1.,0.,0.));
#4455=DIRECTION('',(0.,1.,0.));
#4456=DIRECTION('',(1.,0.,0.));
#4457=DIRECTION('',(0.,1.,0.));
#4458=DIRECTION('',(1.,0.,0.));
#4459=DIRECTION('',(0.,1.,0.));
#4460=DIRECTION('',(1.,0.,0.));
#4461=DIRECTION('',(-1.,0.,0.));
#4462=DIRECTION('',(0.,0.,-1.));
#4463=DIRECTION('',(0.,-1.,0.));
#4464=DIRECTION('',(0.,0.,-1.));
#4465=DIRECTION('',(0.,-1.,0.));
#4466=DIRECTION('',(0.,0.,-1.));
#4467=DIRECTION('',(1.,0.,0.));
#4468=DIRECTION('',(0.,0.,1.));
#4469=DIRECTION('',(-1.,0.,0.));
#4470=DIRECTION('',(0.,-1.,0.));
#4471=DIRECTION('',(0.,0.,-1.));
#4472=DIRECTION('',(0.,-1.,0.));
#4473=DIRECTION('',(0.,0.,-1.));
#4474=DIRECTION('',(0.,0.,1.));
#4475=DIRECTION('',(0.,0.,1.));
#4476=DIRECTION('',(-1.,0.,0.));
#4477=DIRECTION('',(0.,0.,-1.));
#4478=DIRECTION('',(1.,0.,0.));
#4479=DIRECTION('',(0.,0.,1.));
#4480=DIRECTION('',(0.,-1.,0.));
#4481=DIRECTION('',(0.,0.,-1.));
#4482=DIRECTION('',(0.,-1.,0.));
#4483=DIRECTION('',(0.,0.,-1.));
#4484=DIRECTION('',(1.,0.,0.));
#4485=DIRECTION('',(0.,0.,-1.));
#4486=DIRECTION('',(1.,0.,0.));
#4487=DIRECTION('',(0.,0.,1.));
#4488=DIRECTION('',(1.,0.,0.));
#4489=DIRECTION('',(0.,0.,-1.));
#4490=DIRECTION('',(-1.,0.,0.));
#4491=DIRECTION('',(0.,0.,-1.));
#4492=DIRECTION('',(1.,0.,0.));
#4493=DIRECTION('',(0.,0.,1.));
#4494=DIRECTION('',(-1.,0.,0.));
#4495=DIRECTION('',(1.,0.,0.));
#4496=DIRECTION('',(0.,0.,1.));
#4497=DIRECTION('',(1.,0.,0.));
#4498=DIRECTION('',(0.,0.,1.));
#4499=DIRECTION('',(-1.,0.,0.));
#4500=DIRECTION('',(0.,0.,-1.));
#4501=DIRECTION('',(0.,-1.,0.));
#4502=DIRECTION('',(0.,0.,-1.));
#4503=DIRECTION('',(0.,-1.,0.));
#4504=DIRECTION('',(0.,0.,-1.));
#4505=DIRECTION('',(-1.,0.,0.));
#4506=DIRECTION('',(0.,0.,1.));
#4507=DIRECTION('',(-1.,0.,0.));
#4508=DIRECTION('',(0.,0.,-1.));
#4509=DIRECTION('',(-1.,0.,0.));
#4510=DIRECTION('',(0.707106781186548,0.,-0.707106781186548));
#4511=DIRECTION('',(0.,0.,1.));
#4512=DIRECTION('',(1.,0.,0.));
#4513=DIRECTION('',(0.,0.,1.));
#4514=DIRECTION('',(-1.,0.,0.));
#4515=DIRECTION('',(0.,0.,1.));
#4516=DIRECTION('',(0.,-1.,0.));
#4517=DIRECTION('',(0.,0.,-1.));
#4518=DIRECTION('',(0.,-1.,0.));
#4519=DIRECTION('',(0.,0.,-1.));
#4520=DIRECTION('',(0.,0.,1.));
#4521=DIRECTION('',(0.,0.,-1.));
#4522=DIRECTION('',(0.,0.,1.));
#4523=DIRECTION('',(1.,0.,0.));
#4524=DIRECTION('',(0.,0.,-1.));
#4525=DIRECTION('',(-1.,0.,0.));
#4526=DIRECTION('',(0.,0.,-1.));
#4527=DIRECTION('',(1.,0.,0.));
#4528=DIRECTION('',(0.,0.,1.));
#4529=DIRECTION('',(-1.,0.,0.));
#4530=DIRECTION('',(-1.,0.,0.));
#4531=DIRECTION('',(0.,0.,-1.));
#4532=DIRECTION('',(0.,0.,1.));
#4533=DIRECTION('',(0.,0.,1.));
#4534=DIRECTION('',(-1.,0.,0.));
#4535=DIRECTION('',(0.,0.,-1.));
#4536=DIRECTION('',(-1.,0.,0.));
#4537=DIRECTION('',(0.,0.,-1.));
#4538=DIRECTION('',(1.,0.,0.));
#4539=DIRECTION('',(0.,0.,1.));
#4540=DIRECTION('',(1.,0.,0.));
#4541=DIRECTION('',(0.,0.,1.));
#4542=DIRECTION('',(1.,0.,0.));
#4543=DIRECTION('',(0.,0.,1.));
#4544=DIRECTION('',(-1.,0.,0.));
#4545=DIRECTION('',(0.,0.,-1.));
#4546=DIRECTION('',(0.,-1.,0.));
#4547=DIRECTION('',(0.,0.,-1.));
#4548=DIRECTION('',(0.,-1.,0.));
#4549=DIRECTION('',(0.,0.,-1.));
#4550=DIRECTION('',(-1.,0.,0.));
#4551=DIRECTION('',(0.,0.,1.));
#4552=DIRECTION('',(-1.,0.,0.));
#4553=DIRECTION('',(0.,0.,-1.));
#4554=DIRECTION('',(1.,0.,0.));
#4555=DIRECTION('',(0.,0.,1.));
#4556=DIRECTION('',(-1.,0.,0.));
#4557=DIRECTION('',(0.,-1.,0.));
#4558=DIRECTION('',(0.,0.,-1.));
#4559=DIRECTION('',(0.,-1.,0.));
#4560=DIRECTION('',(0.,0.,-1.));
#4561=DIRECTION('',(0.,-1.,0.));
#4562=DIRECTION('',(0.,0.,-1.));
#4563=DIRECTION('',(0.951835726840841,0.,0.306608462227266));
#4564=DIRECTION('',(0.,-1.,0.));
#4565=DIRECTION('',(0.,0.,-1.));
#4566=DIRECTION('',(-1.,0.,0.));
#4567=DIRECTION('',(0.,0.,-1.));
#4568=DIRECTION('',(1.,0.,0.));
#4569=DIRECTION('',(0.,-1.,0.));
#4570=DIRECTION('',(0.,0.,-1.));
#4571=DIRECTION('',(0.,-1.,0.));
#4572=DIRECTION('',(0.,0.,-1.));
#4573=DIRECTION('',(0.,0.,-1.));
#4574=DIRECTION('',(1.,0.,0.));
#4575=DIRECTION('',(0.,0.,1.));
#4576=DIRECTION('',(-1.,0.,0.));
#4577=DIRECTION('',(0.,0.,-1.));
#4578=DIRECTION('',(0.,-1.,0.));
#4579=DIRECTION('',(0.,0.,-1.));
#4580=DIRECTION('',(0.,-1.,0.));
#4581=DIRECTION('',(0.,0.,-1.));
#4582=DIRECTION('',(-1.,0.,0.));
#4583=DIRECTION('',(0.,0.,1.));
#4584=DIRECTION('',(-1.,0.,0.));
#4585=DIRECTION('',(0.,0.,1.));
#4586=DIRECTION('',(-1.,0.,0.));
#4587=DIRECTION('',(0.,0.,-1.));
#4588=DIRECTION('',(1.,0.,0.));
#4589=DIRECTION('',(0.,0.,1.));
#4590=DIRECTION('',(-1.,0.,0.));
#4591=DIRECTION('',(0.,0.,-1.));
#4592=DIRECTION('',(-1.,0.,0.));
#4593=DIRECTION('',(0.,0.,1.));
#4594=DIRECTION('',(1.,0.,0.));
#4595=DIRECTION('',(0.,0.,1.));
#4596=DIRECTION('',(-1.,0.,0.));
#4597=DIRECTION('',(0.,1.,0.));
#4598=DIRECTION('',(1.,0.,0.));
#4599=DIRECTION('',(0.,1.,0.));
#4600=DIRECTION('',(1.,0.,0.));
#4601=DIRECTION('',(0.,0.,-1.));
#4602=DIRECTION('',(-1.,0.,0.));
#4603=DIRECTION('',(0.,0.,1.));
#4604=DIRECTION('',(0.,-1.,0.));
#4605=DIRECTION('',(0.,0.,-1.));
#4606=DIRECTION('',(0.,-1.,0.));
#4607=DIRECTION('',(0.,0.,-1.));
#4608=DIRECTION('',(-1.,0.,0.));
#4609=DIRECTION('',(0.,0.,1.));
#4610=DIRECTION('',(1.,0.,0.));
#4611=DIRECTION('',(0.,-1.,0.));
#4612=DIRECTION('',(0.,0.,-1.));
#4613=DIRECTION('',(0.,-1.,0.));
#4614=DIRECTION('',(0.,0.,-1.));
#4615=DIRECTION('',(0.,-1.,0.));
#4616=DIRECTION('',(0.,-1.,0.));
#4617=DIRECTION('',(0.,-1.,0.));
#4618=DIRECTION('',(-0.543725355879503,0.,-0.839263211021255));
#4619=DIRECTION('',(0.,-1.,0.));
#4620=DIRECTION('',(0.,-1.,0.));
#4621=DIRECTION('',(0.,-1.,0.));
#4622=DIRECTION('',(-0.0366712112609069,0.,-0.999327384926811));
#4623=DIRECTION('',(0.,-1.,0.));
#4624=DIRECTION('',(0.,0.,-1.));
#4625=DIRECTION('',(0.,1.,0.));
#4626=DIRECTION('',(0.,-1.,0.));
#4627=DIRECTION('',(1.,0.,0.));
#4628=DIRECTION('',(0.,-1.,0.));
#4629=DIRECTION('',(0.,-1.,0.));
#4630=DIRECTION('',(0.,0.,1.));
#4631=DIRECTION('',(0.,-1.,0.));
#4632=DIRECTION('',(0.,-1.,0.));
#4633=DIRECTION('',(1.,0.,0.));
#4634=DIRECTION('',(0.,-1.,0.));
#4635=DIRECTION('',(0.,-1.,0.));
#4636=DIRECTION('',(0.,-1.,0.));
#4637=DIRECTION('',(0.,0.,1.));
#4638=DIRECTION('',(0.,-1.,0.));
#4639=DIRECTION('',(0.,-1.,0.));
#4640=DIRECTION('',(-1.,0.,0.));
#4641=DIRECTION('',(0.,1.,0.));
#4642=DIRECTION('',(0.,-1.,0.));
#4643=DIRECTION('',(0.,-1.,0.));
#4644=DIRECTION('',(-0.588936614957184,0.,-0.808179227376436));
#4645=DIRECTION('',(0.,-1.,0.));
#4646=DIRECTION('',(0.,-1.,0.));
#4647=DIRECTION('',(0.,-1.,0.));
#4648=DIRECTION('',(-0.0338471066974459,0.,-0.999427022532517));
#4649=DIRECTION('',(0.,1.,0.));
#4650=DIRECTION('',(1.,0.,0.));
#4651=DIRECTION('',(-1.,0.,0.));
#4652=DIRECTION('',(0.,0.,1.));
#4653=DIRECTION('',(1.,0.,0.));
#4654=DIRECTION('',(0.,0.,-1.));
#4655=DIRECTION('',(1.,0.,0.));
#4656=DIRECTION('',(0.,-1.,0.));
#4657=DIRECTION('',(0.,0.,-1.));
#4658=DIRECTION('',(0.,-1.,0.));
#4659=DIRECTION('',(0.,0.,-1.));
#4660=DIRECTION('',(0.,0.,1.));
#4661=DIRECTION('',(1.,0.,0.));
#4662=DIRECTION('',(0.,0.,-1.));
#4663=DIRECTION('',(0.,-1.,0.));
#4664=DIRECTION('',(0.,-1.,0.));
#4665=DIRECTION('',(0.,-1.,0.));
#4666=DIRECTION('',(0.,-1.,0.));
#4667=DIRECTION('',(-1.,0.,0.));
#4668=DIRECTION('',(0.,1.,0.));
#4669=DIRECTION('',(0.,-1.,0.));
#4670=DIRECTION('',(0.,0.,-1.));
#4671=DIRECTION('',(0.,1.,0.));
#4672=DIRECTION('',(0.,-1.,0.));
#4673=DIRECTION('',(1.,0.,0.));
#4674=DIRECTION('',(0.,-1.,0.));
#4675=DIRECTION('',(0.,-1.,0.));
#4676=DIRECTION('',(-1.,0.,0.));
#4677=DIRECTION('',(0.,1.,0.));
#4678=DIRECTION('',(0.,-1.,0.));
#4679=DIRECTION('',(0.,-1.,0.));
#4680=DIRECTION('',(0.,0.,-1.));
#4681=DIRECTION('',(0.,1.,0.));
#4682=DIRECTION('',(0.,-1.,0.));
#4683=DIRECTION('',(1.,0.,0.));
#4684=DIRECTION('',(0.,-1.,0.));
#4685=DIRECTION('',(0.,-1.,0.));
#4686=DIRECTION('',(0.,0.,1.));
#4687=DIRECTION('',(0.,-1.,0.));
#4688=DIRECTION('',(0.,0.,-1.));
#4689=DIRECTION('',(0.,1.,0.));
#4690=DIRECTION('',(0.,-1.,0.));
#4691=DIRECTION('',(0.,-1.,0.));
#4692=DIRECTION('',(0.,-1.,0.));
#4693=DIRECTION('',(0.,-1.,0.));
#4694=DIRECTION('',(-0.879458861344176,0.,0.475974906064601));
#4695=DIRECTION('',(0.,-1.,0.));
#4696=DIRECTION('',(0.,-1.,0.));
#4697=DIRECTION('',(0.,-1.,0.));
#4698=DIRECTION('',(-0.999365864258858,0.,0.0356071531317151));
#4699=DIRECTION('',(0.,1.,0.));
#4700=DIRECTION('',(1.,0.,0.));
#4701=DIRECTION('',(0.,0.,1.));
#4702=DIRECTION('',(-1.,0.,0.));
#4703=DIRECTION('',(0.,0.,1.));
#4704=DIRECTION('',(1.,0.,0.));
#4705=DIRECTION('',(0.,0.,-1.));
#4706=DIRECTION('',(-1.,0.,0.));
#4707=DIRECTION('',(0.,0.,-1.));
#4708=DIRECTION('',(1.,0.,0.));
#4709=DIRECTION('',(0.,-1.,0.));
#4710=DIRECTION('',(0.,-1.,0.));
#4711=DIRECTION('',(0.,0.,1.));
#4712=DIRECTION('',(0.,-1.,0.));
#4713=DIRECTION('',(0.,-1.,0.));
#4714=DIRECTION('',(0.,-1.,0.));
#4715=DIRECTION('',(-1.,0.,0.));
#4716=DIRECTION('',(0.,1.,0.));
#4717=DIRECTION('',(0.,-1.,0.));
#4718=DIRECTION('',(0.,0.,-1.));
#4719=DIRECTION('',(0.,1.,0.));
#4720=DIRECTION('',(0.,-1.,0.));
#4721=DIRECTION('',(0.,-1.,0.));
#4722=DIRECTION('',(0.,-1.,0.));
#4723=DIRECTION('',(1.,0.,0.));
#4724=DIRECTION('',(0.,-1.,0.));
#4725=DIRECTION('',(0.,-1.,0.));
#4726=DIRECTION('',(0.,0.,1.));
#4727=DIRECTION('',(0.,-1.,0.));
#4728=DIRECTION('',(0.,-1.,0.));
#4729=DIRECTION('',(0.,-1.,0.));
#4730=DIRECTION('',(0.,-1.,0.));
#4731=DIRECTION('',(0.,-1.,0.));
#4732=DIRECTION('',(0.,-1.,0.));
#4733=DIRECTION('',(0.,-1.,0.));
#4734=DIRECTION('',(1.,0.,0.));
#4735=DIRECTION('',(0.,-1.,0.));
#4736=DIRECTION('',(0.,-1.,0.));
#4737=DIRECTION('',(-1.,0.,0.));
#4738=DIRECTION('',(0.,1.,0.));
#4739=DIRECTION('',(0.,-1.,0.));
#4740=DIRECTION('',(0.,0.,-1.));
#4741=DIRECTION('',(0.,1.,0.));
#4742=DIRECTION('',(0.,-1.,0.));
#4743=DIRECTION('',(0.,-1.,0.));
#4744=DIRECTION('',(0.,-1.,0.));
#4745=DIRECTION('',(0.,1.,0.));
#4746=DIRECTION('',(1.,0.,0.));
#4747=DIRECTION('',(0.,0.,1.));
#4748=DIRECTION('',(1.,0.,0.));
#4749=DIRECTION('',(0.,0.,-1.));
#4750=DIRECTION('',(-1.,0.,0.));
#4751=DIRECTION('',(0.,0.,1.));
#4752=DIRECTION('',(-1.,0.,0.));
#4753=DIRECTION('',(0.,-1.,0.));
#4754=DIRECTION('',(0.,0.,-1.));
#4755=DIRECTION('',(0.,-1.,0.));
#4756=DIRECTION('',(0.,0.,-1.));
#4757=DIRECTION('',(0.,0.,-1.));
#4758=DIRECTION('',(-1.,0.,0.));
#4759=DIRECTION('',(0.,0.,1.));
#4760=DIRECTION('',(1.,0.,0.));
#4761=DIRECTION('',(0.,0.,-1.));
#4762=DIRECTION('',(0.,1.,0.));
#4763=DIRECTION('',(0.,-1.,0.));
#4764=DIRECTION('',(0.,-1.,0.));
#4765=DIRECTION('',(0.,-1.,0.));
#4766=DIRECTION('',(0.,-1.,0.));
#4767=DIRECTION('',(0.,-1.,0.));
#4768=DIRECTION('',(1.,0.,0.));
#4769=DIRECTION('',(0.,-1.,0.));
#4770=DIRECTION('',(0.,-1.,0.));
#4771=DIRECTION('',(0.,0.,1.));
#4772=DIRECTION('',(0.,-1.,0.));
#4773=DIRECTION('',(0.,-1.,0.));
#4774=DIRECTION('',(-1.,0.,0.));
#4775=DIRECTION('',(0.,1.,0.));
#4776=DIRECTION('',(0.,-1.,0.));
#4777=DIRECTION('',(1.,0.,0.));
#4778=DIRECTION('',(0.,-1.,0.));
#4779=DIRECTION('',(0.,-1.,0.));
#4780=DIRECTION('',(0.,-1.,0.));
#4781=DIRECTION('',(0.,0.,1.));
#4782=DIRECTION('',(0.,-1.,0.));
#4783=DIRECTION('',(0.,-1.,0.));
#4784=DIRECTION('',(-1.,0.,0.));
#4785=DIRECTION('',(0.,1.,0.));
#4786=DIRECTION('',(0.,-1.,0.));
#4787=DIRECTION('',(0.,0.,-1.));
#4788=DIRECTION('',(0.,1.,0.));
#4789=DIRECTION('',(0.,-1.,0.));
#4790=DIRECTION('',(1.,0.,0.));
#4791=DIRECTION('',(0.,-1.,0.));
#4792=DIRECTION('',(0.,0.,1.));
#4793=DIRECTION('',(0.,-1.,0.));
#4794=DIRECTION('',(0.,-1.,0.));
#4795=DIRECTION('',(0.,-1.,0.));
#4796=DIRECTION('',(0.,-1.,0.));
#4797=DIRECTION('',(0.,-1.,0.));
#4798=DIRECTION('',(0.880344426619719,0.,-0.474334998202323));
#4799=DIRECTION('',(0.,-1.,0.));
#4800=DIRECTION('',(0.,-1.,0.));
#4801=DIRECTION('',(0.,-1.,0.));
#4802=DIRECTION('',(0.999365864258855,0.,-0.0356071531318188));
#4803=DIRECTION('',(0.,1.,0.));
#4804=DIRECTION('',(1.,0.,0.));
#4805=DIRECTION('',(0.707106781186548,0.,-0.707106781186548));
#4806=DIRECTION('',(-1.,0.,0.));
#4807=DIRECTION('',(0.,0.,-1.));
#4808=DIRECTION('',(0.,0.,1.));
#4809=DIRECTION('',(0.,-1.,0.));
#4810=DIRECTION('',(0.,0.,-1.));
#4811=DIRECTION('',(0.,-1.,0.));
#4812=DIRECTION('',(0.,0.,-1.));
#4813=DIRECTION('',(0.,0.,1.));
#4814=DIRECTION('',(-1.,0.,0.));
#4815=DIRECTION('',(0.,0.,1.));
#4816=DIRECTION('',(1.,0.,0.));
#4817=DIRECTION('',(0.,0.,1.));
#4818=DIRECTION('',(1.,0.,0.));
#4819=DIRECTION('',(0.,-1.,0.));
#4820=DIRECTION('',(0.,-1.,0.));
#4821=DIRECTION('',(0.,-1.,0.));
#4822=DIRECTION('',(0.,0.,-1.));
#4823=DIRECTION('',(0.,1.,0.));
#4824=DIRECTION('',(0.,-1.,0.));
#4825=DIRECTION('',(1.,0.,0.));
#4826=DIRECTION('',(0.,-1.,0.));
#4827=DIRECTION('',(0.,-1.,0.));
#4828=DIRECTION('',(0.,0.,1.));
#4829=DIRECTION('',(0.,-1.,0.));
#4830=DIRECTION('',(0.,-1.,0.));
#4831=DIRECTION('',(0.,-1.,0.));
#4832=DIRECTION('',(-0.0655354926645194,0.,0.997850238864139));
#4833=DIRECTION('',(0.,-1.,0.));
#4834=DIRECTION('',(0.,-1.,0.));
#4835=DIRECTION('',(1.,0.,0.));
#4836=DIRECTION('',(0.,-1.,0.));
#4837=DIRECTION('',(0.,-1.,0.));
#4838=DIRECTION('',(0.,-1.,0.));
#4839=DIRECTION('',(0.,-1.,0.));
#4840=DIRECTION('',(-1.,0.,0.));
#4841=DIRECTION('',(0.,1.,0.));
#4842=DIRECTION('',(0.,-1.,0.));
#4843=DIRECTION('',(0.,0.,1.));
#4844=DIRECTION('',(0.,-1.,0.));
#4845=DIRECTION('',(0.,-1.,0.));
#4846=DIRECTION('',(-0.707106781186548,0.,-0.707106781186548));
#4847=DIRECTION('',(-0.707106781186548,0.,0.707106781186548));
#4848=DIRECTION('',(0.,-1.,0.));
#4849=DIRECTION('',(-0.284562486530944,0.,0.958657494238336));
#4850=DIRECTION('',(0.,-1.,0.));
#4851=DIRECTION('',(0.,-1.,0.));
#4852=DIRECTION('',(0.,-1.,0.));
#4853=DIRECTION('',(1.,0.,0.));
#4854=DIRECTION('',(0.,-1.,0.));
#4855=DIRECTION('',(0.,1.,0.));
#4856=DIRECTION('',(1.,0.,0.));
#4857=DIRECTION('',(0.,0.,1.));
#4858=DIRECTION('',(-1.,0.,0.));
#4859=DIRECTION('',(0.,0.,1.));
#4860=DIRECTION('',(1.,0.,0.));
#4861=DIRECTION('',(0.,0.,-1.));
#4862=DIRECTION('',(-1.,0.,0.));
#4863=DIRECTION('',(0.,0.,-1.));
#4864=DIRECTION('',(1.,0.,0.));
#4865=DIRECTION('',(0.,-1.,0.));
#4866=DIRECTION('',(0.,-1.,0.));
#4867=DIRECTION('',(0.,0.,1.));
#4868=DIRECTION('',(0.,-1.,0.));
#4869=DIRECTION('',(0.,-1.,0.));
#4870=DIRECTION('',(0.,-1.,0.));
#4871=DIRECTION('',(-1.,0.,0.));
#4872=DIRECTION('',(0.,1.,0.));
#4873=DIRECTION('',(0.,-1.,0.));
#4874=DIRECTION('',(0.,0.,-1.));
#4875=DIRECTION('',(0.,1.,0.));
#4876=DIRECTION('',(0.,-1.,0.));
#4877=DIRECTION('',(0.,-1.,0.));
#4878=DIRECTION('',(0.,-1.,0.));
#4879=DIRECTION('',(1.,0.,0.));
#4880=DIRECTION('',(0.,-1.,0.));
#4881=DIRECTION('',(0.,-1.,0.));
#4882=DIRECTION('',(0.,0.,1.));
#4883=DIRECTION('',(0.,-1.,0.));
#4884=DIRECTION('',(0.,-1.,0.));
#4885=DIRECTION('',(0.,-1.,0.));
#4886=DIRECTION('',(0.,-1.,0.));
#4887=DIRECTION('',(0.,-1.,0.));
#4888=DIRECTION('',(0.,-1.,0.));
#4889=DIRECTION('',(0.,-1.,0.));
#4890=DIRECTION('',(1.,0.,0.));
#4891=DIRECTION('',(0.,-1.,0.));
#4892=DIRECTION('',(0.,-1.,0.));
#4893=DIRECTION('',(-1.,0.,0.));
#4894=DIRECTION('',(0.,1.,0.));
#4895=DIRECTION('',(0.,-1.,0.));
#4896=DIRECTION('',(0.,0.,-1.));
#4897=DIRECTION('',(0.,1.,0.));
#4898=DIRECTION('',(0.,-1.,0.));
#4899=DIRECTION('',(0.,-1.,0.));
#4900=DIRECTION('',(0.,-1.,0.));
#4901=DIRECTION('',(0.,1.,0.));
#4902=DIRECTION('',(1.,0.,0.));
#4903=DIRECTION('',(0.,0.,-1.));
#4904=DIRECTION('',(-1.,0.,0.));
#4905=DIRECTION('',(0.,0.,1.));
#4906=DIRECTION('',(1.,0.,0.));
#4907=DIRECTION('',(0.,0.,-1.));
#4908=DIRECTION('',(-1.,0.,0.));
#4909=DIRECTION('',(0.,0.,-1.));
#4910=DIRECTION('',(-1.,0.,0.));
#4911=DIRECTION('',(0.,0.,1.));
#4912=DIRECTION('',(0.,0.,1.));
#4913=DIRECTION('',(0.,-1.,0.));
#4914=DIRECTION('',(0.,-1.,0.));
#4915=DIRECTION('',(0.,-1.,0.));
#4916=DIRECTION('',(0.,-1.,0.));
#4917=DIRECTION('',(0.,-1.,0.));
#4918=DIRECTION('',(0.,-1.,0.));
#4919=DIRECTION('',(0.,-1.,0.));
#4920=DIRECTION('',(0.,-1.,0.));
#4921=DIRECTION('',(0.,-1.,0.));
#4922=DIRECTION('',(0.,-1.,0.));
#4923=DIRECTION('',(1.,0.,0.));
#4924=DIRECTION('',(0.,-1.,0.));
#4925=DIRECTION('',(0.,-1.,0.));
#4926=DIRECTION('',(0.,0.,1.));
#4927=DIRECTION('',(0.,-1.,0.));
#4928=DIRECTION('',(0.,-1.,0.));
#4929=DIRECTION('',(-1.,0.,0.));
#4930=DIRECTION('',(0.,1.,0.));
#4931=DIRECTION('',(0.,-1.,0.));
#4932=DIRECTION('',(0.,0.,1.));
#4933=DIRECTION('',(0.,-1.,0.));
#4934=DIRECTION('',(0.,-1.,0.));
#4935=DIRECTION('',(0.,-1.,0.));
#4936=DIRECTION('',(-1.,0.,0.));
#4937=DIRECTION('',(0.,1.,0.));
#4938=DIRECTION('',(0.,-1.,0.));
#4939=DIRECTION('',(0.,0.,-1.));
#4940=DIRECTION('',(0.,1.,0.));
#4941=DIRECTION('',(0.,-1.,0.));
#4942=DIRECTION('',(1.,0.,0.));
#4943=DIRECTION('',(0.,-1.,0.));
#4944=DIRECTION('',(0.,-1.,0.));
#4945=DIRECTION('',(0.,-1.,0.));
#4946=DIRECTION('',(0.,0.,1.));
#4947=DIRECTION('',(0.,-1.,0.));
#4948=DIRECTION('',(0.,-1.,0.));
#4949=DIRECTION('',(-1.,0.,0.));
#4950=DIRECTION('',(0.,1.,0.));
#4951=DIRECTION('',(0.,-1.,0.));
#4952=DIRECTION('',(0.,-1.,0.));
#4953=DIRECTION('',(0.,-1.,0.));
#4954=DIRECTION('',(0.,-1.,0.));
#4955=DIRECTION('',(0.,-1.,0.));
#4956=DIRECTION('',(0.,-1.,0.));
#4957=DIRECTION('',(1.,0.,0.));
#4958=DIRECTION('',(0.,-1.,0.));
#4959=DIRECTION('',(0.,1.,0.));
#4960=DIRECTION('',(1.,0.,0.));
#4961=DIRECTION('',(0.,0.,1.));
#4962=DIRECTION('',(1.,0.,0.));
#4963=DIRECTION('',(0.,0.,-1.));
#4964=DIRECTION('',(-1.,0.,0.));
#4965=DIRECTION('',(0.,0.,1.));
#4966=DIRECTION('',(-1.,0.,0.));
#4967=DIRECTION('',(0.,-1.,0.));
#4968=DIRECTION('',(0.,0.,-1.));
#4969=DIRECTION('',(0.,-1.,0.));
#4970=DIRECTION('',(0.,0.,-1.));
#4971=DIRECTION('',(0.,0.,-1.));
#4972=DIRECTION('',(-1.,0.,0.));
#4973=DIRECTION('',(0.,0.,1.));
#4974=DIRECTION('',(1.,0.,0.));
#4975=DIRECTION('',(0.,0.,-1.));
#4976=DIRECTION('',(0.,1.,0.));
#4977=DIRECTION('',(0.,-1.,0.));
#4978=DIRECTION('',(0.,-1.,0.));
#4979=DIRECTION('',(0.,-1.,0.));
#4980=DIRECTION('',(0.,-1.,0.));
#4981=DIRECTION('',(0.,-1.,0.));
#4982=DIRECTION('',(1.,0.,0.));
#4983=DIRECTION('',(0.,-1.,0.));
#4984=DIRECTION('',(0.,-1.,0.));
#4985=DIRECTION('',(0.,0.,1.));
#4986=DIRECTION('',(0.,-1.,0.));
#4987=DIRECTION('',(0.,-1.,0.));
#4988=DIRECTION('',(-1.,0.,0.));
#4989=DIRECTION('',(0.,1.,0.));
#4990=DIRECTION('',(0.,-1.,0.));
#4991=DIRECTION('',(1.,0.,0.));
#4992=DIRECTION('',(0.,-1.,0.));
#4993=DIRECTION('',(0.,-1.,0.));
#4994=DIRECTION('',(0.,-1.,0.));
#4995=DIRECTION('',(0.,0.,1.));
#4996=DIRECTION('',(0.,-1.,0.));
#4997=DIRECTION('',(0.,-1.,0.));
#4998=DIRECTION('',(-1.,0.,0.));
#4999=DIRECTION('',(0.,1.,0.));
#5000=DIRECTION('',(0.,-1.,0.));
#5001=DIRECTION('',(0.,0.,-1.));
#5002=DIRECTION('',(0.,1.,0.));
#5003=DIRECTION('',(0.,-1.,0.));
#5004=DIRECTION('',(1.,0.,0.));
#5005=DIRECTION('',(0.,-1.,0.));
#5006=DIRECTION('',(0.,0.,1.));
#5007=DIRECTION('',(0.,-1.,0.));
#5008=DIRECTION('',(0.,-1.,0.));
#5009=DIRECTION('',(0.,-1.,0.));
#5010=DIRECTION('',(0.,-1.,0.));
#5011=DIRECTION('',(0.,-1.,0.));
#5012=DIRECTION('',(0.880344426619727,0.,-0.474334998202308));
#5013=DIRECTION('',(0.,-1.,0.));
#5014=DIRECTION('',(0.,-1.,0.));
#5015=DIRECTION('',(0.,-1.,0.));
#5016=DIRECTION('',(0.999365864258857,0.,-0.0356071531317432));
#5017=DIRECTION('',(0.,1.,0.));
#5018=DIRECTION('',(1.,0.,0.));
#5019=DIRECTION('',(0.,0.,1.));
#5020=DIRECTION('',(1.,0.,0.));
#5021=DIRECTION('',(0.,-1.,0.));
#5022=DIRECTION('',(0.,0.,-1.));
#5023=DIRECTION('',(0.,-1.,0.));
#5024=DIRECTION('',(0.,0.,-1.));
#5025=DIRECTION('',(1.,0.,0.));
#5026=DIRECTION('',(0.,0.,-1.));
#5027=DIRECTION('',(-1.,0.,0.));
#5028=DIRECTION('',(0.,-1.,0.));
#5029=DIRECTION('',(0.,0.,-1.));
#5030=DIRECTION('',(-0.951835726840841,2.53827540401983E-16,-0.306608462227266));
#5031=DIRECTION('',(0.,-1.,0.));
#5032=DIRECTION('',(0.,0.,-1.));
#5033=DIRECTION('',(0.,-1.,0.));
#5034=DIRECTION('',(0.,0.,-1.));
#5035=DIRECTION('',(0.,-1.,0.));
#5036=DIRECTION('',(0.,0.,-1.));
#5037=DIRECTION('',(-1.,0.,0.));
#5038=DIRECTION('',(0.,0.,1.));
#5039=DIRECTION('',(0.,-1.,0.));
#5040=DIRECTION('',(0.,-1.,0.));
#5041=DIRECTION('',(0.,-1.,0.));
#5042=DIRECTION('',(0.,-1.,0.));
#5043=DIRECTION('',(0.,-1.,0.));
#5044=DIRECTION('',(0.,-1.,0.));
#5045=DIRECTION('',(0.,-1.,0.));
#5046=DIRECTION('',(0.,-1.,0.));
#5047=DIRECTION('',(0.9947615860823,0.,-0.102222242467217));
#5048=DIRECTION('',(0.,-1.,0.));
#5049=DIRECTION('',(0.,-1.,0.));
#5050=DIRECTION('',(0.,0.,1.));
#5051=DIRECTION('',(0.,-1.,0.));
#5052=DIRECTION('',(0.,-1.,0.));
#5053=DIRECTION('',(-1.,0.,0.));
#5054=DIRECTION('',(0.,1.,0.));
#5055=DIRECTION('',(0.,-1.,0.));
#5056=DIRECTION('',(0.,0.,-1.));
#5057=DIRECTION('',(0.,1.,0.));
#5058=DIRECTION('',(0.,-1.,0.));
#5059=DIRECTION('',(0.,-1.,0.));
#5060=DIRECTION('',(-0.306725330014616,0.,0.95179807308453));
#5061=DIRECTION('',(0.,-1.,0.));
#5062=DIRECTION('',(0.,-1.,0.));
#5063=DIRECTION('',(0.,-1.,0.));
#5064=DIRECTION('',(-0.573287849557328,0.,0.819354039197913));
#5065=DIRECTION('',(0.,-1.,0.));
#5066=DIRECTION('',(0.,-1.,0.));
#5067=DIRECTION('',(0.,-1.,0.));
#5068=DIRECTION('',(0.,-1.,0.));
#5069=DIRECTION('',(0.,0.,-1.));
#5070=DIRECTION('',(0.,1.,0.));
#5071=DIRECTION('',(0.,-1.,0.));
#5072=DIRECTION('',(1.,0.,0.));
#5073=DIRECTION('',(0.,-1.,0.));
#5074=DIRECTION('',(0.,-1.,0.));
#5075=DIRECTION('',(0.,-1.,0.));
#5076=DIRECTION('',(0.306608462227266,2.31394940360875E-25,-0.951835726840841));
#5077=DIRECTION('',(-0.951835726840841,2.53827540401983E-16,-0.306608462227266));
#5078=DIRECTION('',(0.,-1.,0.));
#5079=DIRECTION('',(0.,-1.,0.));
#5080=DIRECTION('',(-0.387855602391122,0.,0.921720148252071));
#5081=DIRECTION('',(0.,-1.,0.));
#5082=DIRECTION('',(0.,-1.,0.));
#5083=DIRECTION('',(0.,-1.,0.));
#5084=DIRECTION('',(-0.80100497761249,0.,0.59865768669584));
#5085=DIRECTION('',(0.,-1.,0.));
#5086=DIRECTION('',(0.,-1.,0.));
#5087=DIRECTION('',(-0.973076355127308,0.,0.230482986556826));
#5088=DIRECTION('',(0.,-1.,0.));
#5089=DIRECTION('',(0.,-1.,0.));
#5090=DIRECTION('',(0.,1.,0.));
#5091=DIRECTION('',(1.,0.,0.));
#5092=DIRECTION('',(1.,0.,0.));
#5093=DIRECTION('',(0.,0.,-1.));
#5094=DIRECTION('',(-1.,0.,0.));
#5095=DIRECTION('',(0.,0.,1.));
#5096=DIRECTION('',(-1.,0.,0.));
#5097=DIRECTION('',(0.,-1.,0.));
#5098=DIRECTION('',(0.,0.,-1.));
#5099=DIRECTION('',(0.,-1.,0.));
#5100=DIRECTION('',(0.,0.,-1.));
#5101=DIRECTION('',(0.,0.,-1.));
#5102=DIRECTION('',(-1.,0.,0.));
#5103=DIRECTION('',(0.,0.,1.));
#5104=DIRECTION('',(0.,-1.,0.));
#5105=DIRECTION('',(0.,-1.,0.));
#5106=DIRECTION('',(0.,-1.,0.));
#5107=DIRECTION('',(0.,-1.,0.));
#5108=DIRECTION('',(1.,0.,0.));
#5109=DIRECTION('',(0.,-1.,0.));
#5110=DIRECTION('',(0.,-1.,0.));
#5111=DIRECTION('',(0.,0.,1.));
#5112=DIRECTION('',(0.,-1.,0.));
#5113=DIRECTION('',(0.,-1.,0.));
#5114=DIRECTION('',(-1.,0.,0.));
#5115=DIRECTION('',(0.,1.,0.));
#5116=DIRECTION('',(0.,-1.,0.));
#5117=DIRECTION('',(1.,0.,0.));
#5118=DIRECTION('',(0.,-1.,0.));
#5119=DIRECTION('',(0.,-1.,0.));
#5120=DIRECTION('',(0.,-1.,0.));
#5121=DIRECTION('',(0.,0.,1.));
#5122=DIRECTION('',(0.,-1.,0.));
#5123=DIRECTION('',(0.,-1.,0.));
#5124=DIRECTION('',(-1.,0.,0.));
#5125=DIRECTION('',(0.,1.,0.));
#5126=DIRECTION('',(0.,-1.,0.));
#5127=DIRECTION('',(0.,0.,-1.));
#5128=DIRECTION('',(0.,1.,0.));
#5129=DIRECTION('',(0.,0.,1.));
#5130=DIRECTION('',(0.,-1.,0.));
#5131=DIRECTION('',(0.,-1.,0.));
#5132=DIRECTION('',(0.,-1.,0.));
#5133=DIRECTION('',(0.,-1.,0.));
#5134=DIRECTION('',(0.,-1.,0.));
#5135=DIRECTION('',(0.880344426619729,0.,-0.474334998202305));
#5136=DIRECTION('',(0.,-1.,0.));
#5137=DIRECTION('',(0.,-1.,0.));
#5138=DIRECTION('',(0.,-1.,0.));
#5139=DIRECTION('',(0.999365864258858,0.,-0.0356071531317257));
#5140=DIRECTION('',(0.,1.,0.));
#5141=DIRECTION('',(1.,0.,0.));
#5142=DIRECTION('',(-1.,0.,0.));
#5143=DIRECTION('',(0.,0.,1.));
#5144=DIRECTION('',(-1.,0.,0.));
#5145=DIRECTION('',(0.,0.,1.));
#5146=DIRECTION('',(1.,0.,0.));
#5147=DIRECTION('',(0.,0.,1.));
#5148=DIRECTION('',(-1.,0.,0.));
#5149=DIRECTION('',(0.,0.,-1.));
#5150=DIRECTION('',(-1.,0.,0.));
#5151=DIRECTION('',(0.,0.,1.));
#5152=DIRECTION('',(1.,0.,0.));
#5153=DIRECTION('',(0.,0.,-1.));
#5154=DIRECTION('',(-1.,0.,0.));
#5155=DIRECTION('',(0.,1.,0.));
#5156=DIRECTION('',(0.,-1.,0.));
#5157=DIRECTION('',(0.,-1.,0.));
#5158=DIRECTION('',(0.,-1.,0.));
#5159=DIRECTION('',(0.,-1.,0.));
#5160=DIRECTION('',(0.,0.,-1.));
#5161=DIRECTION('',(0.,1.,0.));
#5162=DIRECTION('',(0.,-1.,0.));
#5163=DIRECTION('',(1.,0.,0.));
#5164=DIRECTION('',(0.,-1.,0.));
#5165=DIRECTION('',(0.,-1.,0.));
#5166=DIRECTION('',(0.,0.,1.));
#5167=DIRECTION('',(0.,-1.,0.));
#5168=DIRECTION('',(0.,-1.,0.));
#5169=DIRECTION('',(-1.,0.,0.));
#5170=DIRECTION('',(0.,1.,0.));
#5171=DIRECTION('',(0.,-1.,0.));
#5172=DIRECTION('',(0.,-1.,0.));
#5173=DIRECTION('',(0.,-1.,0.));
#5174=DIRECTION('',(0.,0.,-1.));
#5175=DIRECTION('',(0.,1.,0.));
#5176=DIRECTION('',(0.,-1.,0.));
#5177=DIRECTION('',(1.,0.,0.));
#5178=DIRECTION('',(0.,-1.,0.));
#5179=DIRECTION('',(0.,-1.,0.));
#5180=DIRECTION('',(0.,0.,1.));
#5181=DIRECTION('',(0.,-1.,0.));
#5182=DIRECTION('',(0.,-1.,0.));
#5183=DIRECTION('',(1.,0.,0.));
#5184=DIRECTION('',(0.,-1.,0.));
#5185=DIRECTION('',(0.,-1.,0.));
#5186=DIRECTION('',(0.,-1.,0.));
#5187=DIRECTION('',(0.,0.,1.));
#5188=DIRECTION('',(0.,-1.,0.));
#5189=DIRECTION('',(0.,-1.,0.));
#5190=DIRECTION('',(1.,0.,0.));
#5191=DIRECTION('',(0.,-1.,0.));
#5192=DIRECTION('',(0.,-1.,0.));
#5193=DIRECTION('',(0.,-1.,0.));
#5194=DIRECTION('',(0.,-1.,0.));
#5195=DIRECTION('',(0.,0.,1.));
#5196=DIRECTION('',(0.,-1.,0.));
#5197=CARTESIAN_POINT('',(0.,0.,0.));
#5198=CARTESIAN_POINT('',(-0.0344230178743601,0.003,-0.00638991734012961));
#5199=CARTESIAN_POINT('',(-0.0344230178743601,0.,-0.00638991734012961));
#5200=CARTESIAN_POINT('',(-0.0419596686108736,0.003,-0.00437884267127992));
#5201=CARTESIAN_POINT('',(-0.0419596686108736,0.,-0.00437884267127992));
#5202=CARTESIAN_POINT('',(-0.0476676569239469,0.003,1.751415860124E-18));
#5203=CARTESIAN_POINT('',(-0.0476676569239469,0.,1.751415860124E-18));
#5204=CARTESIAN_POINT('',(-0.034132385582181,0.003,0.0103834872231485));
#5205=CARTESIAN_POINT('',(-0.034132385582181,0.,0.0103834872231485));
#5206=CARTESIAN_POINT('',(0.0629974770672064,0.003,0.0176372868153575));
#5207=CARTESIAN_POINT('',(0.0629974770672064,0.,0.0176372868153575));
#5208=CARTESIAN_POINT('',(0.0629974770672064,0.003,-0.0176372868153575));
#5209=CARTESIAN_POINT('',(0.0629974770672064,0.,-0.0176372868153575));
#5210=CARTESIAN_POINT('',(-0.0137532143752932,0.003,-0.0119054334069261));
#5211=CARTESIAN_POINT('',(-0.0137532143752932,0.,-0.0119054334069261));
#5212=CARTESIAN_POINT('',(-0.0344230178743601,0.003,-0.00638991734012961));
#5213=CARTESIAN_POINT('',(-0.0344230178743601,0.,-0.00638991734012961));
#5214=CARTESIAN_POINT('',(-0.0344230178743601,0.003,-0.00638991734012961));
#5215=CARTESIAN_POINT('',(-0.0419596686108736,0.003,-0.00437884267127992));
#5216=CARTESIAN_POINT('',(-0.0476676569239469,0.003,1.751415860124E-18));
#5217=CARTESIAN_POINT('',(-0.034132385582181,0.003,0.0103834872231485));
#5218=CARTESIAN_POINT('',(0.0629974770672064,0.003,0.0176372868153575));
#5219=CARTESIAN_POINT('',(0.0629974770672064,0.003,-0.0176372868153575));
#5220=CARTESIAN_POINT('',(-0.0137532143752932,0.003,-0.0119054334069261));
#5221=CARTESIAN_POINT('',(-0.0344230178743601,0.003,-0.00638991734012961));
#5222=CARTESIAN_POINT('',(-0.0344230178743601,0.003,-0.00638991734012961));
#5223=CARTESIAN_POINT('',(-0.0344230178743601,0.,-0.00638991734012961));
#5224=CARTESIAN_POINT('',(-0.0419596686108736,0.,-0.00437884267127992));
#5225=CARTESIAN_POINT('',(-0.0476676569239469,0.,1.751415860124E-18));
#5226=CARTESIAN_POINT('',(-0.034132385582181,0.,0.0103834872231485));
#5227=CARTESIAN_POINT('',(0.0629974770672064,0.,0.0176372868153575));
#5228=CARTESIAN_POINT('',(0.0629974770672064,0.,-0.0176372868153575));
#5229=CARTESIAN_POINT('',(-0.0137532143752932,0.,-0.0119054334069261));
#5230=CARTESIAN_POINT('',(-0.0344230178743601,0.,-0.00638991734012961));
#5231=CARTESIAN_POINT('',(-0.0344230178743601,0.,-0.00638991734012961));
#5232=CARTESIAN_POINT('',(-0.0403045192360878,0.003,-1.56135909161141E-19));
#5233=CARTESIAN_POINT('',(-0.0403045192360878,0.003,-1.56135909161141E-19));
#5234=CARTESIAN_POINT('',(-0.0377546263319484,0.003,-1.56135909161141E-19));
#5235=CARTESIAN_POINT('',(-0.0403045192360878,0.,-1.56135909161141E-19));
#5236=CARTESIAN_POINT('',(-0.0377546263319484,0.,-1.56135909161141E-19));
#5237=CARTESIAN_POINT('',(0.0083832607838117,0.003,-1.7347234759768E-17));
#5238=CARTESIAN_POINT('',(0.0506455975751392,0.003,0.00522686176704656));
#5239=CARTESIAN_POINT('',(0.0512614197195784,0.003,0.00522686176704656));
#5240=CARTESIAN_POINT('',(0.0500297754306999,0.003,0.00522686176704656));
#5241=CARTESIAN_POINT('',(0.0500297754306999,0.003,0.00331595362080247));
#5242=CARTESIAN_POINT('',(0.0500297754306999,0.003,0.00140504547455839));
#5243=CARTESIAN_POINT('',(0.0500297754306999,0.003,0.00140504547455839));
#5244=CARTESIAN_POINT('',(0.0500297754306999,0.003,-0.000205061446604345));
#5245=CARTESIAN_POINT('',(0.0506313778808626,0.003,-0.000821977413680283));
#5246=CARTESIAN_POINT('',(0.0506313778808626,0.003,-0.000821977413680283));
#5247=CARTESIAN_POINT('',(0.0519652432913302,0.003,0.000463297310612883));
#5248=CARTESIAN_POINT('',(0.0513467378852379,0.003,-0.00128357056635058));
#5249=CARTESIAN_POINT('',(0.0513467378852379,0.003,-0.00128357056635058));
#5250=CARTESIAN_POINT('',(0.0517667657777151,0.003,-0.0014367057354829));
#5251=CARTESIAN_POINT('',(0.052081786697073,0.003,-0.00146514512403605));
#5252=CARTESIAN_POINT('',(0.052081786697073,0.003,-0.00146514512403605));
#5253=CARTESIAN_POINT('',(0.052836044048857,0.003,0.00891825207305962));
#5254=CARTESIAN_POINT('',(0.0529415276297875,0.00300000025,-0.00149322329167607));
#5255=CARTESIAN_POINT('',(0.0535573534339267,0.003,-0.00149358451258919));
#5256=CARTESIAN_POINT('',(0.0541731755783659,0.003,-0.00149358451258919));
#5257=CARTESIAN_POINT('',(0.0541731755783659,0.003,-0.000905107934066403));
#5258=CARTESIAN_POINT('',(0.0541731755783659,0.003,-0.000316631355543611));
#5259=CARTESIAN_POINT('',(0.0534315638307108,0.003,-0.000316631355543611));
#5260=CARTESIAN_POINT('',(0.0526899502577544,0.003,-0.000316449218814503));
#5261=CARTESIAN_POINT('',(0.0526331668960513,0.003,0.0053496487204628));
#5262=CARTESIAN_POINT('',(0.0522557044963019,0.003,-0.000303505483903696));
#5263=CARTESIAN_POINT('',(0.0522557044963019,0.003,-0.000303505483903696));
#5264=CARTESIAN_POINT('',(0.0521014755045329,0.003,-0.000290379612263784));
#5265=CARTESIAN_POINT('',(0.0518914615582943,0.003,-0.000206155269241004));
#5266=CARTESIAN_POINT('',(0.0518914615582943,0.003,-0.000206155269241004));
#5267=CARTESIAN_POINT('',(0.0522352600351811,0.003,0.00064287278904058));
#5268=CARTESIAN_POINT('',(0.0515283124429233,0.003,5.96436314672455E-5));
#5269=CARTESIAN_POINT('',(0.0515283124429233,0.003,5.96436314672455E-5));
#5270=CARTESIAN_POINT('',(0.0512614197195784,0.003,0.000396541003558362));
#5271=CARTESIAN_POINT('',(0.0512614197195784,0.003,0.00140504547455839));
#5272=CARTESIAN_POINT('',(0.0512614197195784,0.003,0.00140504547455839));
#5273=CARTESIAN_POINT('',(0.0512614197195784,0.003,0.00331595362080247));
#5274=CARTESIAN_POINT('',(0.0484896731582833,0.003,0.00186663862722868));
#5275=CARTESIAN_POINT('',(0.0484896731582833,0.003,-0.00149358451258919));
#5276=CARTESIAN_POINT('',(0.0484896731582833,0.003,0.00522686176704656));
#5277=CARTESIAN_POINT('',(0.0472788114995013,0.003,0.00522686176704656));
#5278=CARTESIAN_POINT('',(0.0460679498407193,0.003,0.00522686176704656));
#5279=CARTESIAN_POINT('',(0.0460679498407193,0.003,0.00522686176704656));
#5280=CARTESIAN_POINT('',(0.0445147216966629,0.003,0.00522686176704656));
#5281=CARTESIAN_POINT('',(0.0438409269524806,0.003,0.00476526861437627));
#5282=CARTESIAN_POINT('',(0.0438409269524806,0.003,0.00476526861437627));
#5283=CARTESIAN_POINT('',(0.0438409269524806,0.003,0.00476526861437627));
#5284=CARTESIAN_POINT('',(0.0432393245023179,0.003,0.00435836659353895));
#5285=CARTESIAN_POINT('',(0.043078532574729,0.003,0.00379176646774935));
#5286=CARTESIAN_POINT('',(0.043078532574729,0.003,0.00379176646774935));
#5287=CARTESIAN_POINT('',(0.043078532574729,0.003,0.00379176646774935));
#5288=CARTESIAN_POINT('',(0.04291774064714,0.003,0.00322516634195974));
#5289=CARTESIAN_POINT('',(0.04291774064714,0.003,0.00229979239134583));
#5290=CARTESIAN_POINT('',(0.04291774064714,0.003,0.00229979239134583));
#5291=CARTESIAN_POINT('',(0.04291774064714,0.003,0.000403103939378319));
#5292=CARTESIAN_POINT('',(0.04291774064714,0.003,-0.00149358451258919));
#5293=CARTESIAN_POINT('',(0.0435335627915793,0.003,-0.00149358451258919));
#5294=CARTESIAN_POINT('',(0.0441493849360186,0.003,-0.00149358451258919));
#5295=CARTESIAN_POINT('',(0.0441493849360186,0.003,0.000396541003558362));
#5296=CARTESIAN_POINT('',(0.0441495023813213,0.003,0.00228666733028729));
#5297=CARTESIAN_POINT('',(0.0496174223893606,0.003,0.00232440569872908));
#5298=CARTESIAN_POINT('',(0.0441636046302952,0.003,0.00271325734800311));
#5299=CARTESIAN_POINT('',(0.0441636046302952,0.003,0.00271325734800311));
#5300=CARTESIAN_POINT('',(0.0441778243245717,0.003,0.00288826896986862));
#5301=CARTESIAN_POINT('',(0.0442620486675945,0.003,0.00316172462903349));
#5302=CARTESIAN_POINT('',(0.0442620486675945,0.003,0.00316172462903349));
#5303=CARTESIAN_POINT('',(0.0454272078548096,0.003,0.00283502473762576));
#5304=CARTESIAN_POINT('',(0.0445005020023862,0.003,0.00361019191006387));
#5305=CARTESIAN_POINT('',(0.0445005020023862,0.003,0.00361019191006387));
#5306=CARTESIAN_POINT('',(0.0446547309941553,0.003,0.00378520353192939));
#5307=CARTESIAN_POINT('',(0.04494787546078,0.003,0.00391755607096518));
#5308=CARTESIAN_POINT('',(0.04494787546078,0.003,0.00391755607096518));
#5309=CARTESIAN_POINT('',(0.04494787546078,0.003,0.00391755607096518));
#5310=CARTESIAN_POINT('',(0.0452410199274047,0.003,0.00404990861000097));
#5311=CARTESIAN_POINT('',(0.045661047819882,0.003,0.00404990861000097));
#5312=CARTESIAN_POINT('',(0.045661047819882,0.003,0.00404990861000097));
#5313=CARTESIAN_POINT('',(0.0464595383446434,0.003,0.00404990861000097));
#5314=CARTESIAN_POINT('',(0.0472580288694048,0.003,0.00404990861000097));
#5315=CARTESIAN_POINT('',(0.0472580288694048,0.003,0.00127816204870589));
#5316=CARTESIAN_POINT('',(0.0472580288694048,0.003,-0.00149358451258919));
#5317=CARTESIAN_POINT('',(0.0478738510138441,0.003,-0.00149358451258919));
#5318=CARTESIAN_POINT('',(0.0382689944413373,0.003,0.00105502223082736));
#5319=CARTESIAN_POINT('',(0.0388990362800532,0.003,0.00105502223082736));
#5320=CARTESIAN_POINT('',(0.0396143962844284,0.003,0.00127816204870589));
#5321=CARTESIAN_POINT('',(0.0382689944413373,0.003,0.00105502223082736));
#5322=CARTESIAN_POINT('',(0.0396143962844284,0.003,0.00127816204870589));
#5323=CARTESIAN_POINT('',(0.0396143962844284,0.003,0.00190820388742175));
#5324=CARTESIAN_POINT('',(0.0396143962844284,0.003,0.0025382457261376));
#5325=CARTESIAN_POINT('',(0.0396143962844284,0.003,0.0025382457261376));
#5326=CARTESIAN_POINT('',(0.039082798483012,0.003,0.0021335313505736));
#5327=CARTESIAN_POINT('',(0.0383127473468037,0.003,0.0021335313505736));
#5328=CARTESIAN_POINT('',(0.0383127473468037,0.003,0.0021335313505736));
#5329=CARTESIAN_POINT('',(0.0383127473468037,0.003,0.0021335313505736));
#5330=CARTESIAN_POINT('',(0.0376542661195347,0.003,0.0021335313505736));
#5331=CARTESIAN_POINT('',(0.037290023181527,0.003,0.00239167349282523));
#5332=CARTESIAN_POINT('',(0.037290023181527,0.003,0.00239167349282523));
#5333=CARTESIAN_POINT('',(0.037290023181527,0.003,0.00239167349282523));
#5334=CARTESIAN_POINT('',(0.0369257802435195,0.003,0.00264981563507686));
#5335=CARTESIAN_POINT('',(0.0369257802435195,0.003,0.00312672230466039));
#5336=CARTESIAN_POINT('',(0.0369257802435195,0.003,0.00312672230466039));
#5337=CARTESIAN_POINT('',(0.0369257802435195,0.003,0.00312672230466039));
#5338=CARTESIAN_POINT('',(0.0369257802435195,0.003,0.00404990861000097));
#5339=CARTESIAN_POINT('',(0.0382974338298905,0.003,0.00404990861000097));
#5340=CARTESIAN_POINT('',(0.0382974338298905,0.003,0.00404990861000097));
#5341=CARTESIAN_POINT('',(0.0392217139578677,0.003,0.00404990861000097));
#5342=CARTESIAN_POINT('',(0.0401459940858449,0.003,0.00404990861000097));
#5343=CARTESIAN_POINT('',(0.0401459940858449,0.003,0.00271325734800311));
#5344=CARTESIAN_POINT('',(0.0401459940858449,0.003,0.00137660608600524));
#5345=CARTESIAN_POINT('',(0.0401459940858449,0.003,0.00137660608600524));
#5346=CARTESIAN_POINT('',(0.0401459940858449,0.003,-0.000316631355543611));
#5347=CARTESIAN_POINT('',(0.0384943219044892,0.003,-0.000316631355543611));
#5348=CARTESIAN_POINT('',(0.0384943219044892,0.003,-0.000316631355543611));
#5349=CARTESIAN_POINT('',(0.0373742475245498,0.003,-0.000316631355543611));
#5350=CARTESIAN_POINT('',(0.0362541731446106,0.003,-0.000316631355543611));
#5351=CARTESIAN_POINT('',(0.0362541731446106,0.003,-0.000905107934066403));
#5352=CARTESIAN_POINT('',(0.0362541731446106,0.003,-0.00149358451258919));
#5353=CARTESIAN_POINT('',(0.037409249848923,0.003,-0.00149358451258919));
#5354=CARTESIAN_POINT('',(0.0385643265532353,0.003,-0.00149358451258919));
#5355=CARTESIAN_POINT('',(0.0385643265532353,0.003,-0.00149358451258919));
#5356=CARTESIAN_POINT('',(0.0399228542679664,0.003,-0.00149358451258919));
#5357=CARTESIAN_POINT('',(0.0406502463213449,0.003,-0.000821977413680283));
#5358=CARTESIAN_POINT('',(0.0406502463213449,0.003,-0.000821977413680283));
#5359=CARTESIAN_POINT('',(0.0406502463213449,0.003,-0.000821977413680283));
#5360=CARTESIAN_POINT('',(0.0413776383747235,0.003,-0.000150370314771372));
#5361=CARTESIAN_POINT('',(0.0413776383747235,0.003,0.00110971336266033));
#5362=CARTESIAN_POINT('',(0.0413776383747235,0.003,0.00110971336266033));
#5363=CARTESIAN_POINT('',(0.0413776383747235,0.003,0.00316828756485345));
#5364=CARTESIAN_POINT('',(0.0413776383747235,0.003,0.00522686176704656));
#5365=CARTESIAN_POINT('',(0.0398167534722105,0.003,0.00522686176704656));
#5366=CARTESIAN_POINT('',(0.0382558685696974,0.003,0.00522686176704656));
#5367=CARTESIAN_POINT('',(0.0382558685696974,0.003,0.00522686176704656));
#5368=CARTESIAN_POINT('',(0.0370657895410119,0.003,0.00522686176704656));
#5369=CARTESIAN_POINT('',(0.0363657430535499,0.003,0.00469526396563006));
#5370=CARTESIAN_POINT('',(0.0363657430535499,0.003,0.00469526396563006));
#5371=CARTESIAN_POINT('',(0.0363657430535499,0.003,0.00469526396563006));
#5372=CARTESIAN_POINT('',(0.0356656965660878,0.003,0.00416366616421356));
#5373=CARTESIAN_POINT('',(0.0356656965660878,0.003,0.00314094199893696));
#5374=CARTESIAN_POINT('',(0.0356656965660878,0.003,0.00314094199893696));
#5375=CARTESIAN_POINT('',(0.0356656965660878,0.003,0.00314094199893696));
#5376=CARTESIAN_POINT('',(0.0356656965660878,0.003,0.00211821783366036));
#5377=CARTESIAN_POINT('',(0.0364073083137429,0.003,0.00158662003224386));
#5378=CARTESIAN_POINT('',(0.0364073083137429,0.003,0.00158662003224386));
#5379=CARTESIAN_POINT('',(0.0364073083137429,0.003,0.00158662003224386));
#5380=CARTESIAN_POINT('',(0.037148920061398,0.003,0.00105502223082736));
#5381=CARTESIAN_POINT('',(0.0382689944413373,0.003,0.00105502223082736));
#5382=CARTESIAN_POINT('',(0.0292394885757134,0.003,-0.00457378905742225));
#5383=CARTESIAN_POINT('',(0.0286236664312742,0.003,-0.00457378905742225));
#5384=CARTESIAN_POINT('',(0.0298553107201527,0.003,-0.00457378905742225));
#5385=CARTESIAN_POINT('',(0.0298553107201527,0.003,-0.00303368678500573));
#5386=CARTESIAN_POINT('',(0.0298553107201527,0.003,-0.00149358451258919));
#5387=CARTESIAN_POINT('',(0.0304503502344955,0.003,-0.00149358451258919));
#5388=CARTESIAN_POINT('',(0.0310453897488382,0.003,-0.00149358451258919));
#5389=CARTESIAN_POINT('',(0.0310453897488382,0.003,-0.00149358451258919));
#5390=CARTESIAN_POINT('',(0.032600805538168,0.003,-0.00149358451258919));
#5391=CARTESIAN_POINT('',(0.0332724126370769,0.003,-0.0010319913599189));
#5392=CARTESIAN_POINT('',(0.0332724126370769,0.003,-0.0010319913599189));
#5393=CARTESIAN_POINT('',(0.0332724126370769,0.003,-0.0010319913599189));
#5394=CARTESIAN_POINT('',(0.0338740150872395,0.003,-0.000625089339081579));
#5395=CARTESIAN_POINT('',(0.0340348070148285,0.003,-5.84892132919762E-5));
#5396=CARTESIAN_POINT('',(0.0340348070148285,0.003,-5.84892132919762E-5));
#5397=CARTESIAN_POINT('',(0.0340348070148285,0.003,-5.84892132919762E-5));
#5398=CARTESIAN_POINT('',(0.0341955989424175,0.003,0.000508110912497627));
#5399=CARTESIAN_POINT('',(0.0341955989424175,0.003,0.00143348486311153));
#5400=CARTESIAN_POINT('',(0.0341955989424175,0.003,0.00143348486311153));
#5401=CARTESIAN_POINT('',(0.0341955989424175,0.003,0.00333017331507905));
#5402=CARTESIAN_POINT('',(0.0341955989424175,0.003,0.00522686176704656));
#5403=CARTESIAN_POINT('',(0.0335797767979782,0.003,0.00522686176704656));
#5404=CARTESIAN_POINT('',(0.0329639546535389,0.003,0.00522686176704656));
#5405=CARTESIAN_POINT('',(0.0329639546535389,0.003,0.003336736250899));
#5406=CARTESIAN_POINT('',(0.0329638372082362,0.003,0.00144660992417008));
#5407=CARTESIAN_POINT('',(0.0274959172002123,0.003,0.0014088715557283));
#5408=CARTESIAN_POINT('',(0.0329497349592623,0.003,0.00102001990645426));
#5409=CARTESIAN_POINT('',(0.0329497349592623,0.003,0.00102001990645426));
#5410=CARTESIAN_POINT('',(0.0329355152649858,0.003,0.000845008284588742));
#5411=CARTESIAN_POINT('',(0.032851290921963,0.003,0.000571552625423875));
#5412=CARTESIAN_POINT('',(0.032851290921963,0.003,0.000571552625423875));
#5413=CARTESIAN_POINT('',(0.0316769924156007,0.003,0.000900764253076658));
#5414=CARTESIAN_POINT('',(0.0326139314098078,0.003,0.000123085344393495));
#5415=CARTESIAN_POINT('',(0.0326139314098078,0.003,0.000123085344393495));
#5416=CARTESIAN_POINT('',(0.0324607962406756,0.003,-5.19262774720201E-5));
#5417=CARTESIAN_POINT('',(0.0321665579514141,0.003,-0.000184278816507815));
#5418=CARTESIAN_POINT('',(0.0321665579514141,0.003,-0.000184278816507815));
#5419=CARTESIAN_POINT('',(0.0321665579514141,0.003,-0.000184278816507815));
#5420=CARTESIAN_POINT('',(0.0318723196621527,0.003,-0.000316631355543611));
#5421=CARTESIAN_POINT('',(0.0314522917696755,0.003,-0.000316631355543611));
#5422=CARTESIAN_POINT('',(0.0314522917696755,0.003,-0.000316631355543611));
#5423=CARTESIAN_POINT('',(0.0306538012449141,0.003,-0.000316631355543611));
#5424=CARTESIAN_POINT('',(0.0298553107201527,0.003,-0.000316631355543611));
#5425=CARTESIAN_POINT('',(0.0298553107201527,0.003,0.00245511520575147));
#5426=CARTESIAN_POINT('',(0.0298553107201527,0.003,0.00522686176704656));
#5427=CARTESIAN_POINT('',(0.0292394885757134,0.003,0.00522686176704656));
#5428=CARTESIAN_POINT('',(0.0286236664312742,0.003,0.00522686176704656));
#5429=CARTESIAN_POINT('',(0.0286236664312742,0.003,0.000326536354812155));
#5430=CARTESIAN_POINT('',(0.023519890008621,0.003,-0.000316631355543611));
#5431=CARTESIAN_POINT('',(0.024143368911517,0.003,-0.000316631355543611));
#5432=CARTESIAN_POINT('',(0.0228964111057251,0.003,-0.000316631355543611));
#5433=CARTESIAN_POINT('',(0.0241499318473369,0.003,-0.00157015209715536));
#5434=CARTESIAN_POINT('',(0.0254034525889487,0.003,-0.0028236728387671));
#5435=CARTESIAN_POINT('',(0.0254034525889487,0.003,-0.00215862867567815));
#5436=CARTESIAN_POINT('',(0.0254034525889487,0.003,-0.00149358451258919));
#5437=CARTESIAN_POINT('',(0.0263485153470224,0.003,-0.00149358451258919));
#5438=CARTESIAN_POINT('',(0.0272935781050962,0.003,-0.00149358451258919));
#5439=CARTESIAN_POINT('',(0.0272935781050962,0.003,-0.000905107934066403));
#5440=CARTESIAN_POINT('',(0.0272935781050962,0.003,-0.000316631355543611));
#5441=CARTESIAN_POINT('',(0.0263485153470224,0.003,-0.000316631355543611));
#5442=CARTESIAN_POINT('',(0.0254034525889487,0.003,-0.000316631355543611));
#5443=CARTESIAN_POINT('',(0.0254034525889487,0.003,0.00112502687957356));
#5444=CARTESIAN_POINT('',(0.0254034525889487,0.003,0.00256668511469074));
#5445=CARTESIAN_POINT('',(0.0254034525889487,0.003,0.00256668511469074));
#5446=CARTESIAN_POINT('',(0.0254034525889487,0.003,0.00305671765591418));
#5447=CARTESIAN_POINT('',(0.0255642445165376,0.003,0.00337830151109206));
#5448=CARTESIAN_POINT('',(0.0255642445165376,0.003,0.00337830151109206));
#5449=CARTESIAN_POINT('',(0.0255642445165376,0.003,0.00337830151109206));
#5450=CARTESIAN_POINT('',(0.0257250364441266,0.003,0.00369988536626995));
#5451=CARTESIAN_POINT('',(0.0260324006050278,0.003,0.0038333317279424));
#5452=CARTESIAN_POINT('',(0.0260324006050278,0.003,0.0038333317279424));
#5453=CARTESIAN_POINT('',(0.0270046503591405,0.003,0.00167532814062529));
#5454=CARTESIAN_POINT('',(0.0266131645792674,0.003,0.00400877083466154));
#5455=CARTESIAN_POINT('',(0.0272292832096702,0.003,-0.000669087438367085));
#5456=CARTESIAN_POINT('',(0.0272935781050962,0.003,0.00404990861000098));
#5457=CARTESIAN_POINT('',(0.0272935781050962,0.003,0.00463838518852377));
#5458=CARTESIAN_POINT('',(0.0272935781050962,0.003,0.00522686176704656));
#5459=CARTESIAN_POINT('',(0.0272935781050962,0.003,0.00522686176704656));
#5460=CARTESIAN_POINT('',(0.0256834711839335,0.003,0.00522686176704656));
#5461=CARTESIAN_POINT('',(0.0249134200477252,0.003,0.00461103962260728));
#5462=CARTESIAN_POINT('',(0.0249134200477252,0.003,0.00461103962260728));
#5463=CARTESIAN_POINT('',(0.0249134200477252,0.003,0.00461103962260728));
#5464=CARTESIAN_POINT('',(0.024143368911517,0.003,0.00399521747816801));
#5465=CARTESIAN_POINT('',(0.024143368911517,0.003,0.00256668511469074));
#5466=CARTESIAN_POINT('',(0.024143368911517,0.003,0.00256668511469074));
#5467=CARTESIAN_POINT('',(0.024143368911517,0.003,0.00112502687957356));
#5468=CARTESIAN_POINT('',(0.0189477113873845,0.003,0.00105502223082736));
#5469=CARTESIAN_POINT('',(0.0195777532261004,0.003,0.00105502223082736));
#5470=CARTESIAN_POINT('',(0.0202931132304757,0.003,0.00127816204870589));
#5471=CARTESIAN_POINT('',(0.0189477113873845,0.003,0.00105502223082736));
#5472=CARTESIAN_POINT('',(0.0202931132304757,0.003,0.00127816204870589));
#5473=CARTESIAN_POINT('',(0.0202931132304757,0.003,0.00190820388742175));
#5474=CARTESIAN_POINT('',(0.0202931132304757,0.003,0.0025382457261376));
#5475=CARTESIAN_POINT('',(0.0202931132304757,0.003,0.0025382457261376));
#5476=CARTESIAN_POINT('',(0.0197615154290591,0.003,0.0021335313505736));
#5477=CARTESIAN_POINT('',(0.0189914642928509,0.003,0.0021335313505736));
#5478=CARTESIAN_POINT('',(0.0189914642928509,0.003,0.0021335313505736));
#5479=CARTESIAN_POINT('',(0.0189914642928509,0.003,0.0021335313505736));
#5480=CARTESIAN_POINT('',(0.0183329830655818,0.003,0.0021335313505736));
#5481=CARTESIAN_POINT('',(0.0179687401275743,0.003,0.00239167349282523));
#5482=CARTESIAN_POINT('',(0.0179687401275743,0.003,0.00239167349282523));
#5483=CARTESIAN_POINT('',(0.0179687401275743,0.003,0.00239167349282523));
#5484=CARTESIAN_POINT('',(0.0176044971895667,0.003,0.00264981563507686));
#5485=CARTESIAN_POINT('',(0.0176044971895667,0.003,0.00312672230466039));
#5486=CARTESIAN_POINT('',(0.0176044971895667,0.003,0.00312672230466039));
#5487=CARTESIAN_POINT('',(0.0176044971895667,0.003,0.00312672230466039));
#5488=CARTESIAN_POINT('',(0.0176044971895667,0.003,0.00404990861000097));
#5489=CARTESIAN_POINT('',(0.0189761507759376,0.003,0.00404990861000097));
#5490=CARTESIAN_POINT('',(0.0189761507759376,0.003,0.00404990861000097));
#5491=CARTESIAN_POINT('',(0.0199004309039149,0.003,0.00404990861000097));
#5492=CARTESIAN_POINT('',(0.0208247110318922,0.003,0.00404990861000097));
#5493=CARTESIAN_POINT('',(0.0208247110318922,0.003,0.00271325734800311));
#5494=CARTESIAN_POINT('',(0.0208247110318922,0.003,0.00137660608600524));
#5495=CARTESIAN_POINT('',(0.0208247110318922,0.003,0.00137660608600524));
#5496=CARTESIAN_POINT('',(0.0208247110318922,0.003,-0.000316631355543611));
#5497=CARTESIAN_POINT('',(0.0191730388505363,0.003,-0.000316631355543611));
#5498=CARTESIAN_POINT('',(0.0191730388505363,0.003,-0.000316631355543611));
#5499=CARTESIAN_POINT('',(0.018052964470597,0.003,-0.000316631355543611));
#5500=CARTESIAN_POINT('',(0.0169328900906578,0.003,-0.000316631355543611));
#5501=CARTESIAN_POINT('',(0.0169328900906578,0.003,-0.000905107934066403));
#5502=CARTESIAN_POINT('',(0.0169328900906578,0.003,-0.00149358451258919));
#5503=CARTESIAN_POINT('',(0.0180879667949701,0.003,-0.00149358451258919));
#5504=CARTESIAN_POINT('',(0.0192430434992826,0.003,-0.00149358451258919));
#5505=CARTESIAN_POINT('',(0.0192430434992826,0.003,-0.00149358451258919));
#5506=CARTESIAN_POINT('',(0.0206015712140136,0.003,-0.00149358451258919));
#5507=CARTESIAN_POINT('',(0.0213289632673921,0.003,-0.000821977413680283));
#5508=CARTESIAN_POINT('',(0.0213289632673921,0.003,-0.000821977413680283));
#5509=CARTESIAN_POINT('',(0.0213289632673921,0.003,-0.000821977413680283));
#5510=CARTESIAN_POINT('',(0.0220563553207707,0.003,-0.000150370314771372));
#5511=CARTESIAN_POINT('',(0.0220563553207707,0.003,0.00110971336266033));
#5512=CARTESIAN_POINT('',(0.0220563553207707,0.003,0.00110971336266033));
#5513=CARTESIAN_POINT('',(0.0220563553207707,0.003,0.00316828756485345));
#5514=CARTESIAN_POINT('',(0.0220563553207707,0.003,0.00522686176704656));
#5515=CARTESIAN_POINT('',(0.0204954704182577,0.003,0.00522686176704656));
#5516=CARTESIAN_POINT('',(0.0189345855157446,0.003,0.00522686176704656));
#5517=CARTESIAN_POINT('',(0.0189345855157446,0.003,0.00522686176704656));
#5518=CARTESIAN_POINT('',(0.0177445064870591,0.003,0.00522686176704656));
#5519=CARTESIAN_POINT('',(0.017044459999597,0.003,0.00469526396563006));
#5520=CARTESIAN_POINT('',(0.017044459999597,0.003,0.00469526396563006));
#5521=CARTESIAN_POINT('',(0.017044459999597,0.003,0.00469526396563006));
#5522=CARTESIAN_POINT('',(0.0163444135121349,0.003,0.00416366616421356));
#5523=CARTESIAN_POINT('',(0.0163444135121349,0.003,0.00314094199893696));
#5524=CARTESIAN_POINT('',(0.0163444135121349,0.003,0.00314094199893696));
#5525=CARTESIAN_POINT('',(0.0163444135121349,0.003,0.00314094199893696));
#5526=CARTESIAN_POINT('',(0.0163444135121349,0.003,0.00211821783366036));
#5527=CARTESIAN_POINT('',(0.0170860252597901,0.003,0.00158662003224386));
#5528=CARTESIAN_POINT('',(0.0170860252597901,0.003,0.00158662003224386));
#5529=CARTESIAN_POINT('',(0.0170860252597901,0.003,0.00158662003224386));
#5530=CARTESIAN_POINT('',(0.0178276370074452,0.003,0.00105502223082736));
#5531=CARTESIAN_POINT('',(0.0189477113873845,0.003,0.00105502223082736));
#5532=CARTESIAN_POINT('',(0.00924550460021503,0.003,0.00522686176704656));
#5533=CARTESIAN_POINT('',(0.00990398582748403,0.003,0.00522686176704656));
#5534=CARTESIAN_POINT('',(0.00858702337294603,0.003,0.00522686176704656));
#5535=CARTESIAN_POINT('',(0.00858702337294603,0.003,0.0020416502490942));
#5536=CARTESIAN_POINT('',(0.00858702337294603,0.003,-0.00114356126885817));
#5537=CARTESIAN_POINT('',(0.00858702337294603,0.003,-0.00114356126885817));
#5538=CARTESIAN_POINT('',(0.00858702337294603,0.003,-0.00283679871040702));
#5539=CARTESIAN_POINT('',(0.00942051622208055,0.003,-0.00377529853266084));
#5540=CARTESIAN_POINT('',(0.00942051622208055,0.003,-0.00377529853266084));
#5541=CARTESIAN_POINT('',(0.00942051622208055,0.003,-0.00377529853266084));
#5542=CARTESIAN_POINT('',(0.0102540090712151,0.003,-0.00471379835491466));
#5543=CARTESIAN_POINT('',(0.0117941113436316,0.003,-0.00471379835491466));
#5544=CARTESIAN_POINT('',(0.0117941113436316,0.003,-0.00471379835491466));
#5545=CARTESIAN_POINT('',(0.0117941113436316,0.003,-0.00471379835491466));
#5546=CARTESIAN_POINT('',(0.013347339487688,0.003,-0.00471379835491466));
#5547=CARTESIAN_POINT('',(0.0141808323368225,0.003,-0.00395796691298297));
#5548=CARTESIAN_POINT('',(0.0141808323368225,0.003,-0.00395796691298297));
#5549=CARTESIAN_POINT('',(0.0141808323368225,0.003,-0.00395796691298297));
#5550=CARTESIAN_POINT('',(0.0150143251859571,0.003,-0.00320213547105128));
#5551=CARTESIAN_POINT('',(0.0150143251859571,0.003,-0.00183048188468031));
#5552=CARTESIAN_POINT('',(0.0150143251859571,0.003,-0.00183048188468031));
#5553=CARTESIAN_POINT('',(0.0150143251859571,0.003,-0.00183048188468031));
#5554=CARTESIAN_POINT('',(0.0150143251859571,0.003,-0.000946673194259463));
#5555=CARTESIAN_POINT('',(0.0145942972934798,0.003,-0.000386636004289816));
#5556=CARTESIAN_POINT('',(0.0145942972934798,0.003,-0.000386636004289816));
#5557=CARTESIAN_POINT('',(0.0145942972934798,0.003,-0.000386636004289816));
#5558=CARTESIAN_POINT('',(0.0141742694010026,0.003,0.00017340118567983));
#5559=CARTESIAN_POINT('',(0.0131657649300026,0.003,0.000494985040857713));
#5560=CARTESIAN_POINT('',(0.0131657649300026,0.003,0.000494985040857713));
#5561=CARTESIAN_POINT('',(0.0131657649300026,0.003,0.0005223306067742));
#5562=CARTESIAN_POINT('',(0.0131657649300026,0.003,0.000549676172690686));
#5563=CARTESIAN_POINT('',(0.0131657649300026,0.003,0.000549676172690686));
#5564=CARTESIAN_POINT('',(0.0142158346611956,0.003,0.000956578193528007));
#5565=CARTESIAN_POINT('',(0.0145724208407466,0.003,0.00170584669963974));
#5566=CARTESIAN_POINT('',(0.0145724208407466,0.003,0.00170584669963974));
#5567=CARTESIAN_POINT('',(0.0145724208407466,0.003,0.00170584669963974));
#5568=CARTESIAN_POINT('',(0.0149290070202976,0.003,0.00245511520575147));
#5569=CARTESIAN_POINT('',(0.0149290070202976,0.003,0.00417679203585348));
#5570=CARTESIAN_POINT('',(0.0149290070202976,0.003,0.00417679203585348));
#5571=CARTESIAN_POINT('',(0.0149290070202976,0.003,0.00470182690145002));
#5572=CARTESIAN_POINT('',(0.0149290070202976,0.003,0.00522686176704656));
#5573=CARTESIAN_POINT('',(0.0142716196156653,0.003,0.00522686176704656));
#5574=CARTESIAN_POINT('',(0.0136142322110329,0.003,0.00522686176704656));
#5575=CARTESIAN_POINT('',(0.0136142322110329,0.003,0.00433102102762246));
#5576=CARTESIAN_POINT('',(0.0136142322110329,0.003,0.00343518028819836));
#5577=CARTESIAN_POINT('',(0.0136142322110329,0.003,0.00343518028819836));
#5578=CARTESIAN_POINT('',(0.0136142322110329,0.003,0.00236979704009204));
#5579=CARTESIAN_POINT('',(0.0130115359382336,0.003,0.00177475752574929));
#5580=CARTESIAN_POINT('',(0.0130115359382336,0.003,0.00177475752574929));
#5581=CARTESIAN_POINT('',(0.0130115359382336,0.003,0.00177475752574929));
#5582=CARTESIAN_POINT('',(0.0124088396654342,0.003,0.00117971801140654));
#5583=CARTESIAN_POINT('',(0.011275639413855,0.003,0.00117971801140654));
#5584=CARTESIAN_POINT('',(0.011275639413855,0.003,0.00117971801140654));
#5585=CARTESIAN_POINT('',(0.0108971767815708,0.003,0.00117971801140654));
#5586=CARTESIAN_POINT('',(0.0105187141492866,0.003,0.00117971801140654));
#5587=CARTESIAN_POINT('',(0.0105187141492866,0.003,0.000563895866967259));
#5588=CARTESIAN_POINT('',(0.0105187141492866,0.003,-5.19262774720201E-5));
#5589=CARTESIAN_POINT('',(0.0109179594116673,0.003,-5.19262774720201E-5));
#5590=CARTESIAN_POINT('',(0.0113172046740481,0.003,-5.19262774720201E-5));
#5591=CARTESIAN_POINT('',(0.0113172046740481,0.003,-5.19262774720201E-5));
#5592=CARTESIAN_POINT('',(0.0126604188718659,0.003,-5.19262774720201E-5));
#5593=CARTESIAN_POINT('',(0.0131788908016425,0.003,-0.000597743773165093));
#5594=CARTESIAN_POINT('',(0.0131788908016425,0.003,-0.000597743773165093));
#5595=CARTESIAN_POINT('',(0.0131788908016425,0.003,-0.000597743773165093));
#5596=CARTESIAN_POINT('',(0.0136973627314191,0.003,-0.00114356126885817));
#5597=CARTESIAN_POINT('',(0.0136973627314191,0.003,-0.00190048653342652));
#5598=CARTESIAN_POINT('',(0.0136973627314191,0.003,-0.00190048653342652));
#5599=CARTESIAN_POINT('',(0.0136973627314191,0.003,-0.00190048653342652));
#5600=CARTESIAN_POINT('',(0.0136973627314191,0.003,-0.00261365889252849));
#5601=CARTESIAN_POINT('',(0.0131865475600991,0.003,-0.00304790647928229));
#5602=CARTESIAN_POINT('',(0.0131865475600991,0.003,-0.00304790647928229));
#5603=CARTESIAN_POINT('',(0.0131865475600991,0.003,-0.00304790647928229));
#5604=CARTESIAN_POINT('',(0.0126757323887791,0.003,-0.00348215406603611));
#5605=CARTESIAN_POINT('',(0.0118356766038246,0.003,-0.00348215406603611));
#5606=CARTESIAN_POINT('',(0.0118356766038246,0.003,-0.00348215406603611));
#5607=CARTESIAN_POINT('',(0.0118356766038246,0.003,-0.00348215406603611));
#5608=CARTESIAN_POINT('',(0.0108687373930177,0.003,-0.00348215406603611));
#5609=CARTESIAN_POINT('',(0.0103863616102508,0.003,-0.00293633657034303));
#5610=CARTESIAN_POINT('',(0.0103863616102508,0.003,-0.00293633657034303));
#5611=CARTESIAN_POINT('',(0.0103863616102508,0.003,-0.00293633657034303));
#5612=CARTESIAN_POINT('',(0.00990398582748403,0.003,-0.00239051907464995));
#5613=CARTESIAN_POINT('',(0.00990398582748403,0.003,-0.00114356126885817));
#5614=CARTESIAN_POINT('',(0.00990398582748403,0.003,-0.00114356126885817));
#5615=CARTESIAN_POINT('',(0.00990398582748403,0.003,0.0020416502490942));
#5616=CARTESIAN_POINT('',(-0.00138098231493168,0.003,-0.00457378905742225));
#5617=CARTESIAN_POINT('',(-0.00199680445937096,0.003,-0.00457378905742225));
#5618=CARTESIAN_POINT('',(-0.000765160170492399,0.003,-0.00457378905742225));
#5619=CARTESIAN_POINT('',(-0.000765160170492399,0.003,-0.00303368678500573));
#5620=CARTESIAN_POINT('',(-0.000765160170492399,0.003,-0.00149358451258919));
#5621=CARTESIAN_POINT('',(-0.000170120656149649,0.003,-0.00149358451258919));
#5622=CARTESIAN_POINT('',(0.0004249188581931,0.003,-0.00149358451258919));
#5623=CARTESIAN_POINT('',(0.0004249188581931,0.003,-0.00149358451258919));
#5624=CARTESIAN_POINT('',(0.00198033464752286,0.003,-0.00149358451258919));
#5625=CARTESIAN_POINT('',(0.00265194174643177,0.003,-0.0010319913599189));
#5626=CARTESIAN_POINT('',(0.00265194174643177,0.003,-0.0010319913599189));
#5627=CARTESIAN_POINT('',(0.00265194174643177,0.003,-0.0010319913599189));
#5628=CARTESIAN_POINT('',(0.00325354419659448,0.003,-0.000625089339081579));
#5629=CARTESIAN_POINT('',(0.00341433612418342,0.003,-5.84892132919762E-5));
#5630=CARTESIAN_POINT('',(0.00341433612418342,0.003,-5.84892132919762E-5));
#5631=CARTESIAN_POINT('',(0.00341433612418342,0.003,-5.84892132919762E-5));
#5632=CARTESIAN_POINT('',(0.00357512805177236,0.003,0.000508110912497627));
#5633=CARTESIAN_POINT('',(0.00357512805177236,0.003,0.00143348486311153));
#5634=CARTESIAN_POINT('',(0.00357512805177236,0.003,0.00143348486311153));
#5635=CARTESIAN_POINT('',(0.00357512805177236,0.003,0.00333017331507905));
#5636=CARTESIAN_POINT('',(0.00357512805177236,0.003,0.00522686176704656));
#5637=CARTESIAN_POINT('',(0.00295930590733308,0.003,0.00522686176704656));
#5638=CARTESIAN_POINT('',(0.0023434837628938,0.003,0.00522686176704656));
#5639=CARTESIAN_POINT('',(0.0023434837628938,0.003,0.003336736250899));
#5640=CARTESIAN_POINT('',(0.00234336631759105,0.003,0.00144660992417007));
#5641=CARTESIAN_POINT('',(-0.00312455369044293,0.003,0.00140887155572825));
#5642=CARTESIAN_POINT('',(0.00232926406861723,0.003,0.00102001990645426));
#5643=CARTESIAN_POINT('',(0.00232926406861723,0.003,0.00102001990645426));
#5644=CARTESIAN_POINT('',(0.00231504437434065,0.003,0.000845008284588742));
#5645=CARTESIAN_POINT('',(0.00223082003131788,0.003,0.000571552625423875));
#5646=CARTESIAN_POINT('',(0.00223082003131788,0.003,0.000571552625423875));
#5647=CARTESIAN_POINT('',(0.0010565215249552,0.003,0.000900764253076857));
#5648=CARTESIAN_POINT('',(0.00199346051916278,0.003,0.000123085344393495));
#5649=CARTESIAN_POINT('',(0.00199346051916278,0.003,0.000123085344393495));
#5650=CARTESIAN_POINT('',(0.00184032535003045,0.003,-5.19262774720201E-5));
#5651=CARTESIAN_POINT('',(0.00154608706076905,0.003,-0.000184278816507815));
#5652=CARTESIAN_POINT('',(0.00154608706076905,0.003,-0.000184278816507815));
#5653=CARTESIAN_POINT('',(0.00154608706076905,0.003,-0.000184278816507815));
#5654=CARTESIAN_POINT('',(0.00125184877150766,0.003,-0.000316631355543611));
#5655=CARTESIAN_POINT('',(0.000831820879030422,0.003,-0.000316631355543611));
#5656=CARTESIAN_POINT('',(0.000831820879030422,0.003,-0.000316631355543611));
#5657=CARTESIAN_POINT('',(3.33303542690115E-5,0.003,-0.000316631355543611));
#5658=CARTESIAN_POINT('',(-0.000765160170492399,0.003,-0.000316631355543611));
#5659=CARTESIAN_POINT('',(-0.000765160170492399,0.003,0.00245511520575147));
#5660=CARTESIAN_POINT('',(-0.000765160170492399,0.003,0.00522686176704656));
#5661=CARTESIAN_POINT('',(-0.00138098231493168,0.003,0.00522686176704656));
#5662=CARTESIAN_POINT('',(-0.00199680445937096,0.003,0.00522686176704656));
#5663=CARTESIAN_POINT('',(-0.00199680445937096,0.003,0.000326536354812155));
#5664=CARTESIAN_POINT('',(-0.00491621707661507,0.003,-0.00149358451258919));
#5665=CARTESIAN_POINT('',(-0.00615551812395025,0.003,-0.00149358451258919));
#5666=CARTESIAN_POINT('',(-0.0036769160292799,0.003,-0.00149358451258919));
#5667=CARTESIAN_POINT('',(-0.0036769160292799,0.003,-0.000905107934066403));
#5668=CARTESIAN_POINT('',(-0.0036769160292799,0.003,-0.000316631355543611));
#5669=CARTESIAN_POINT('',(-0.00491621707661507,0.003,-0.000316631355543611));
#5670=CARTESIAN_POINT('',(-0.00615551812395025,0.003,-0.000316631355543611));
#5671=CARTESIAN_POINT('',(-0.00615551812395025,0.003,-0.000316631355543611));
#5672=CARTESIAN_POINT('',(-0.00656023249951425,0.003,-0.000316631355543611));
#5673=CARTESIAN_POINT('',(-0.00685447078877565,0.003,-0.000163496186411285));
#5674=CARTESIAN_POINT('',(-0.00685447078877565,0.003,-0.000163496186411285));
#5675=CARTESIAN_POINT('',(-0.00685447078877565,0.003,-0.000163496186411285));
#5676=CARTESIAN_POINT('',(-0.00714870907803704,0.003,-1.03610172789599E-5));
#5677=CARTESIAN_POINT('',(-0.00714870907803704,0.003,0.000269657577705863));
#5678=CARTESIAN_POINT('',(-0.00714870907803704,0.003,0.000269657577705863));
#5679=CARTESIAN_POINT('',(-0.0065081061447908,0.003,0.000281767719631444));
#5680=CARTESIAN_POINT('',(-0.00707868162435089,0.003,0.000571542911232743));
#5681=CARTESIAN_POINT('',(-0.0063598636039328,0.003,0.000211647352896425));
#5682=CARTESIAN_POINT('',(-0.00691791250170189,0.003,0.00078922333011911));
#5683=CARTESIAN_POINT('',(-0.00691791250170189,0.003,0.00078922333011911));
#5684=CARTESIAN_POINT('',(-0.00682712522285916,0.003,0.000873447673141888));
#5685=CARTESIAN_POINT('',(-0.00663789390671707,0.003,0.000964234951984624));
#5686=CARTESIAN_POINT('',(-0.00663789390671707,0.003,0.000964234951984624));
#5687=CARTESIAN_POINT('',(-0.00535719512299952,0.003,-0.00160278261957373));
#5688=CARTESIAN_POINT('',(-0.00634374123788759,0.003,0.00109027785655614));
#5689=CARTESIAN_POINT('',(-0.00600626890365869,0.003,0.00119911897080413));
#5690=CARTESIAN_POINT('',(-0.00545437781385153,0.003,0.00137660608600524));
#5691=CARTESIAN_POINT('',(-0.00545437781385153,0.003,0.00137660608600524));
#5692=CARTESIAN_POINT('',(-0.00467010698336669,0.003,0.00162818529243692));
#5693=CARTESIAN_POINT('',(-0.00429273817371918,0.003,0.00179663397848248));
#5694=CARTESIAN_POINT('',(-0.00429273817371918,0.003,0.00179663397848248));
#5695=CARTESIAN_POINT('',(-0.00429273817371918,0.003,0.00179663397848248));
#5696=CARTESIAN_POINT('',(-0.00391536936407166,0.003,0.00196508266452803));
#5697=CARTESIAN_POINT('',(-0.003711918353653,0.003,0.00225166419533282));
#5698=CARTESIAN_POINT('',(-0.003711918353653,0.003,0.00225166419533282));
#5699=CARTESIAN_POINT('',(-0.003711918353653,0.003,0.00225166419533282));
#5700=CARTESIAN_POINT('',(-0.00350846734323434,0.003,0.0025382457261376));
#5701=CARTESIAN_POINT('',(-0.00345268238876471,0.003,0.00281170138530246));
#5702=CARTESIAN_POINT('',(-0.00345268238876471,0.003,0.00281170138530246));
#5703=CARTESIAN_POINT('',(-0.00608490663508448,0.003,0.00335775756584235));
#5704=CARTESIAN_POINT('',(-0.00339689743429508,0.003,0.00334986212253892));
#5705=CARTESIAN_POINT('',(-0.00339689743429508,0.003,0.00334986212253892));
#5706=CARTESIAN_POINT('',(-0.00339689743429508,0.003,0.00522686176704656));
#5707=CARTESIAN_POINT('',(-0.00597175592099146,0.003,0.00522686176704656));
#5708=CARTESIAN_POINT('',(-0.00597175592099146,0.003,0.00522686176704656));
#5709=CARTESIAN_POINT('',(-0.00718371140241014,0.003,0.00522686176704656));
#5710=CARTESIAN_POINT('',(-0.00839566688382883,0.003,0.00522686176704656));
#5711=CARTESIAN_POINT('',(-0.00839566688382883,0.003,0.00463838518852377));
#5712=CARTESIAN_POINT('',(-0.00839566688382883,0.003,0.00404990861000097));
#5713=CARTESIAN_POINT('',(-0.00718371140241014,0.003,0.00404990861000097));
#5714=CARTESIAN_POINT('',(-0.00597175592099146,0.003,0.00404990861000097));
#5715=CARTESIAN_POINT('',(-0.00597175592099146,0.003,0.00404990861000097));
#5716=CARTESIAN_POINT('',(-0.00465698111172678,0.003,0.00404990861000097));
#5717=CARTESIAN_POINT('',(-0.00465698111172678,0.003,0.00334986212253892));
#5718=CARTESIAN_POINT('',(-0.00465698111172678,0.003,0.00334986212253892));
#5719=CARTESIAN_POINT('',(-0.00465698111172678,0.003,0.00334986212253892));
#5720=CARTESIAN_POINT('',(-0.00465698111172678,0.003,0.00301515239572112));
#5721=CARTESIAN_POINT('',(-0.00504200667983091,0.003,0.00279091875520593));
#5722=CARTESIAN_POINT('',(-0.00504200667983091,0.003,0.00279091875520593));
#5723=CARTESIAN_POINT('',(-0.00504200667983091,0.003,0.00279091875520593));
#5724=CARTESIAN_POINT('',(-0.00542703224793504,0.003,0.00256668511469074));
#5725=CARTESIAN_POINT('',(-0.00597941267944807,0.003,0.00241245612292175));
#5726=CARTESIAN_POINT('',(-0.00597941267944807,0.003,0.00241245612292175));
#5727=CARTESIAN_POINT('',(-0.00197672530494303,0.003,-0.0118894651024862));
#5728=CARTESIAN_POINT('',(-0.00708525744547304,0.003,0.00205584278044777));
#5729=CARTESIAN_POINT('',(-0.00633652062900052,0.003,-1.06273019140776E-5));
#5730=CARTESIAN_POINT('',(-0.00802376718736462,0.003,0.00139848253873843));
#5731=CARTESIAN_POINT('',(-0.00802376718736462,0.003,0.00139848253873843));
#5732=CARTESIAN_POINT('',(-0.00840879275546875,0.003,0.000943452321888094));
#5733=CARTESIAN_POINT('',(-0.00840879275546875,0.003,0.000269657577705863));
#5734=CARTESIAN_POINT('',(-0.00840879275546875,0.003,0.000269657577705863));
#5735=CARTESIAN_POINT('',(-0.00840879275546875,0.003,0.000269657577705863));
#5736=CARTESIAN_POINT('',(-0.00840879275546875,0.003,-0.00058352407888852));
#5737=CARTESIAN_POINT('',(-0.00775031152819975,0.003,-0.00103855429573886));
#5738=CARTESIAN_POINT('',(-0.00775031152819975,0.003,-0.00103855429573886));
#5739=CARTESIAN_POINT('',(-0.00775031152819975,0.003,-0.00103855429573886));
#5740=CARTESIAN_POINT('',(-0.00709183030093075,0.003,-0.00149358451258919));
#5741=CARTESIAN_POINT('',(-0.00615551812395025,0.003,-0.00149358451258919));
#5742=CARTESIAN_POINT('',(-0.0155908321877748,0.003,0.00186663862722868));
#5743=CARTESIAN_POINT('',(-0.0155908321877748,0.003,0.00522686176704656));
#5744=CARTESIAN_POINT('',(-0.0155908321877748,0.003,-0.00149358451258919));
#5745=CARTESIAN_POINT('',(-0.0143799705289928,0.003,-0.00149358451258919));
#5746=CARTESIAN_POINT('',(-0.0131691088702107,0.003,-0.00149358451258919));
#5747=CARTESIAN_POINT('',(-0.0131691088702107,0.003,-0.00149358451258919));
#5748=CARTESIAN_POINT('',(-0.011613693080881,0.003,-0.00149358451258919));
#5749=CARTESIAN_POINT('',(-0.0109420859819721,0.003,-0.0010319913599189));
#5750=CARTESIAN_POINT('',(-0.0109420859819721,0.003,-0.0010319913599189));
#5751=CARTESIAN_POINT('',(-0.0109420859819721,0.003,-0.0010319913599189));
#5752=CARTESIAN_POINT('',(-0.0103404835318094,0.003,-0.000625089339081579));
#5753=CARTESIAN_POINT('',(-0.0101796916042204,0.003,-5.84892132919762E-5));
#5754=CARTESIAN_POINT('',(-0.0101796916042204,0.003,-5.84892132919762E-5));
#5755=CARTESIAN_POINT('',(-0.0101796916042204,0.003,-5.84892132919762E-5));
#5756=CARTESIAN_POINT('',(-0.0100188996766315,0.003,0.000508110912497627));
#5757=CARTESIAN_POINT('',(-0.0100188996766315,0.003,0.00143348486311153));
#5758=CARTESIAN_POINT('',(-0.0100188996766315,0.003,0.00143348486311153));
#5759=CARTESIAN_POINT('',(-0.0100188996766315,0.003,0.00333017331507905));
#5760=CARTESIAN_POINT('',(-0.0100188996766315,0.003,0.00522686176704656));
#5761=CARTESIAN_POINT('',(-0.0106347218210708,0.003,0.00522686176704656));
#5762=CARTESIAN_POINT('',(-0.01125054396551,0.003,0.00522686176704656));
#5763=CARTESIAN_POINT('',(-0.01125054396551,0.003,0.003336736250899));
#5764=CARTESIAN_POINT('',(-0.0112506614108128,0.003,0.00144660992417007));
#5765=CARTESIAN_POINT('',(-0.0167185814188525,0.003,0.00140887155572836));
#5766=CARTESIAN_POINT('',(-0.0112647636597866,0.003,0.00102001990645426));
#5767=CARTESIAN_POINT('',(-0.0112647636597866,0.003,0.00102001990645426));
#5768=CARTESIAN_POINT('',(-0.0112789833540632,0.003,0.000845008284588742));
#5769=CARTESIAN_POINT('',(-0.011363207697086,0.003,0.000571552625423875));
#5770=CARTESIAN_POINT('',(-0.011363207697086,0.003,0.000571552625423875));
#5771=CARTESIAN_POINT('',(-0.0125375062034487,0.003,0.000900764253076881));
#5772=CARTESIAN_POINT('',(-0.0116005672092411,0.003,0.000123085344393495));
#5773=CARTESIAN_POINT('',(-0.0116005672092411,0.003,0.000123085344393495));
#5774=CARTESIAN_POINT('',(-0.0117537023783734,0.003,-5.19262774720201E-5));
#5775=CARTESIAN_POINT('',(-0.0120479406676348,0.003,-0.000184278816507815));
#5776=CARTESIAN_POINT('',(-0.0120479406676348,0.003,-0.000184278816507815));
#5777=CARTESIAN_POINT('',(-0.0120479406676348,0.003,-0.000184278816507815));
#5778=CARTESIAN_POINT('',(-0.0123421789568962,0.003,-0.000316631355543611));
#5779=CARTESIAN_POINT('',(-0.0127622068493734,0.003,-0.000316631355543611));
#5780=CARTESIAN_POINT('',(-0.0127622068493734,0.003,-0.000316631355543611));
#5781=CARTESIAN_POINT('',(-0.0135606973741348,0.003,-0.000316631355543611));
#5782=CARTESIAN_POINT('',(-0.0143591878988962,0.003,-0.000316631355543611));
#5783=CARTESIAN_POINT('',(-0.0143591878988962,0.003,0.00245511520575147));
#5784=CARTESIAN_POINT('',(-0.0143591878988962,0.003,0.00522686176704656));
#5785=CARTESIAN_POINT('',(-0.0149750100433355,0.003,0.00522686176704656));
#5786=CARTESIAN_POINT('',(-0.0229260067892132,0.003,0.00343518028819836));
#5787=CARTESIAN_POINT('',(-0.0229260067892132,0.003,0.00164349880935015));
#5788=CARTESIAN_POINT('',(-0.0229260067892132,0.003,0.00522686176704656));
#5789=CARTESIAN_POINT('',(-0.023549485692109,0.003,0.00522686176704656));
#5790=CARTESIAN_POINT('',(-0.0241729645950049,0.003,0.00522686176704656));
#5791=CARTESIAN_POINT('',(-0.0241729645950049,0.003,0.00214665722221351));
#5792=CARTESIAN_POINT('',(-0.0241729645950049,0.003,-0.000933547322619549));
#5793=CARTESIAN_POINT('',(-0.0241729645950049,0.003,-0.000933547322619549));
#5794=CARTESIAN_POINT('',(-0.0241729645950049,0.003,-0.00244521020648293));
#5795=CARTESIAN_POINT('',(-0.0231994624483781,0.003,-0.00350949963195259));
#5796=CARTESIAN_POINT('',(-0.0231994624483781,0.003,-0.00350949963195259));
#5797=CARTESIAN_POINT('',(-0.0231994624483781,0.003,-0.00350949963195259));
#5798=CARTESIAN_POINT('',(-0.0222259603017511,0.003,-0.00457378905742225));
#5799=CARTESIAN_POINT('',(-0.0206858580293346,0.003,-0.00457378905742225));
#5800=CARTESIAN_POINT('',(-0.0206858580293346,0.003,-0.00457378905742225));
#5801=CARTESIAN_POINT('',(-0.0190834078666285,0.003,-0.00457378905742225));
#5802=CARTESIAN_POINT('',(-0.0174809577039223,0.003,-0.00457378905742225));
#5803=CARTESIAN_POINT('',(-0.0174809577039223,0.003,0.000326536354812155));
#5804=CARTESIAN_POINT('',(-0.0174809577039223,0.003,0.00522686176704656));
#5805=CARTESIAN_POINT('',(-0.0181383451085547,0.003,0.00522686176704656));
#5806=CARTESIAN_POINT('',(-0.0187957325131871,0.003,0.00522686176704656));
#5807=CARTESIAN_POINT('',(-0.0187957325131871,0.003,0.000942358499251434));
#5808=CARTESIAN_POINT('',(-0.0187957325131871,0.003,-0.00334214476854369));
#5809=CARTESIAN_POINT('',(-0.0197407952712608,0.003,-0.00334214476854369));
#5810=CARTESIAN_POINT('',(-0.0206858580293346,0.003,-0.00334214476854369));
#5811=CARTESIAN_POINT('',(-0.0206858580293346,0.003,-0.00334214476854369));
#5812=CARTESIAN_POINT('',(-0.0217096760172478,0.003,-0.00334214476854369));
#5813=CARTESIAN_POINT('',(-0.0223178414032305,0.003,-0.00273944849574433));
#5814=CARTESIAN_POINT('',(-0.0223178414032305,0.003,-0.00273944849574433));
#5815=CARTESIAN_POINT('',(-0.0223178414032305,0.003,-0.00273944849574433));
#5816=CARTESIAN_POINT('',(-0.0229260067892132,0.003,-0.00213675222294496));
#5817=CARTESIAN_POINT('',(-0.0229260067892132,0.003,-0.000821977413680283));
#5818=CARTESIAN_POINT('',(-0.0229260067892132,0.003,-0.000821977413680283));
#5819=CARTESIAN_POINT('',(-0.0229260067892132,0.003,-0.000226937899337534));
#5820=CARTESIAN_POINT('',(-0.0229260067892132,0.003,0.000368101615005215));
#5821=CARTESIAN_POINT('',(-0.0229260067892132,0.003,0.000368101615005215));
#5822=CARTESIAN_POINT('',(-0.022142829781365,0.003,-0.000456640653036022));
#5823=CARTESIAN_POINT('',(-0.0206858580293346,0.003,-0.000456640653036022));
#5824=CARTESIAN_POINT('',(-0.0206858580293346,0.003,-0.000456640653036022));
#5825=CARTESIAN_POINT('',(-0.0200492532547988,0.003,-0.000456640653036022));
#5826=CARTESIAN_POINT('',(-0.0194126484802629,0.003,-0.000456640653036022));
#5827=CARTESIAN_POINT('',(-0.0194126484802629,0.003,0.000159181491403257));
#5828=CARTESIAN_POINT('',(-0.0194126484802629,0.003,0.000775003635842536));
#5829=CARTESIAN_POINT('',(-0.0200492532547988,0.003,0.000775003635842536));
#5830=CARTESIAN_POINT('',(-0.0206858580293346,0.003,0.000775003635842536));
#5831=CARTESIAN_POINT('',(-0.0206858580293346,0.003,0.000775003635842536));
#5832=CARTESIAN_POINT('',(-0.0214996620710092,0.003,0.000775003635842536));
#5833=CARTESIAN_POINT('',(-0.0220104772423292,0.003,0.000970797887804581));
#5834=CARTESIAN_POINT('',(-0.0220104772423292,0.003,0.000970797887804581));
#5835=CARTESIAN_POINT('',(-0.0220104772423292,0.003,0.000970797887804581));
#5836=CARTESIAN_POINT('',(-0.0225212924136492,0.003,0.00116659213976663));
#5837=CARTESIAN_POINT('',(-0.0229260067892132,0.003,0.00164349880935015));
#5838=CARTESIAN_POINT('',(0.0083832607838117,0.,-1.7347234759768E-17));
#5839=CARTESIAN_POINT('',(0.0083832607838117,0.005,-1.7347234759768E-17));
#5840=CARTESIAN_POINT('',(0.0500297754306999,0.005,0.00331595362080247));
#5841=CARTESIAN_POINT('',(0.0500297754306999,0.005,0.00522686176704656));
#5842=CARTESIAN_POINT('',(0.0500297754306999,0.005,0.00140504547455839));
#5843=CARTESIAN_POINT('',(0.0506455975751392,0.005,0.00522686176704656));
#5844=CARTESIAN_POINT('',(0.0512614197195784,0.005,0.00522686176704656));
#5845=CARTESIAN_POINT('',(0.0512614197195784,0.005,0.00331595362080247));
#5846=CARTESIAN_POINT('',(0.0512614197195784,0.005,0.00140504547455839));
#5847=CARTESIAN_POINT('',(0.0515283124429233,0.005,5.96436314672455E-5));
#5848=CARTESIAN_POINT('',(0.0512614197195784,0.005,0.000396541003558362));
#5849=CARTESIAN_POINT('',(0.0512614197195784,0.005,0.00140504547455839));
#5850=CARTESIAN_POINT('',(0.0515283124429233,0.005,5.96436314672455E-5));
#5851=CARTESIAN_POINT('',(0.0522352600351811,0.005,0.00064287278904058));
#5852=CARTESIAN_POINT('',(0.0518914615582943,0.005,-0.000206155269241004));
#5853=CARTESIAN_POINT('',(0.0522557044963019,0.005,-0.000303505483903696));
#5854=CARTESIAN_POINT('',(0.0521014755045329,0.005,-0.000290379612263784));
#5855=CARTESIAN_POINT('',(0.0518914615582943,0.005,-0.000206155269241004));
#5856=CARTESIAN_POINT('',(0.0522557044963019,0.005,-0.000303505483903696));
#5857=CARTESIAN_POINT('',(0.0526331668960513,0.005,0.0053496487204628));
#5858=CARTESIAN_POINT('',(0.0526899502577544,0.00499999975,-0.000316449218814492));
#5859=CARTESIAN_POINT('',(0.0534315638307108,0.005,-0.000316631355543611));
#5860=CARTESIAN_POINT('',(0.0541731755783659,0.005,-0.000316631355543611));
#5861=CARTESIAN_POINT('',(0.0541731755783659,0.005,-0.000905107934066403));
#5862=CARTESIAN_POINT('',(0.0541731755783659,0.005,-0.00149358451258919));
#5863=CARTESIAN_POINT('',(0.0535573534339267,0.005,-0.00149358451258919));
#5864=CARTESIAN_POINT('',(0.0529415276297875,0.00499999975,-0.00149322329167607));
#5865=CARTESIAN_POINT('',(0.052836044048857,0.005,0.00891825207305962));
#5866=CARTESIAN_POINT('',(0.052081786697073,0.005,-0.00146514512403605));
#5867=CARTESIAN_POINT('',(0.0513467378852379,0.005,-0.00128357056635058));
#5868=CARTESIAN_POINT('',(0.0517667657777151,0.005,-0.0014367057354829));
#5869=CARTESIAN_POINT('',(0.052081786697073,0.005,-0.00146514512403605));
#5870=CARTESIAN_POINT('',(0.0513467378852379,0.005,-0.00128357056635058));
#5871=CARTESIAN_POINT('',(0.0519652432913302,0.005,0.000463297310612883));
#5872=CARTESIAN_POINT('',(0.0506313778808626,0.005,-0.000821977413680283));
#5873=CARTESIAN_POINT('',(0.0500297754306999,0.005,0.00140504547455839));
#5874=CARTESIAN_POINT('',(0.0500297754306999,0.005,-0.000205061446604345));
#5875=CARTESIAN_POINT('',(0.0506313778808626,0.005,-0.000821977413680283));
#5876=CARTESIAN_POINT('',(0.0500297754306999,0.005,0.00140504547455839));
#5877=CARTESIAN_POINT('',(0.0500297754306999,0.003,0.00140504547455839));
#5878=CARTESIAN_POINT('',(0.0500297754306999,0.005,0.0003316408604499));
#5879=CARTESIAN_POINT('',(0.0500297754306999,0.003,0.0003316408604499));
#5880=CARTESIAN_POINT('',(0.0502303095807541,0.005,-0.000410700102296324));
#5881=CARTESIAN_POINT('',(0.0502303095807541,0.003,-0.000410700102296324));
#5882=CARTESIAN_POINT('',(0.0506313778808626,0.005,-0.000821977413680283));
#5883=CARTESIAN_POINT('',(0.0506313778808626,0.003,-0.000821977413680283));
#5884=CARTESIAN_POINT('',(0.0506313778808626,0.005,-0.000821977413680283));
#5885=CARTESIAN_POINT('',(0.0500297754306999,0.005,0.00140504547455839));
#5886=CARTESIAN_POINT('',(0.0519652432913302,0.00500000000000001,0.000463297310612883));
#5887=CARTESIAN_POINT('',(0.0513467378852379,0.005,-0.00128357056635058));
#5888=CARTESIAN_POINT('',(0.0513467378852379,0.005,-0.00128357056635058));
#5889=CARTESIAN_POINT('',(0.0513467378852379,0.003,-0.00128357056635058));
#5890=CARTESIAN_POINT('',(0.0516267564802227,0.005,-0.00138566067910546));
#5891=CARTESIAN_POINT('',(0.0516267564802227,0.003,-0.00138566067910546));
#5892=CARTESIAN_POINT('',(0.0518717727508344,0.005,-0.00144618553166729));
#5893=CARTESIAN_POINT('',(0.0518717727508344,0.003,-0.00144618553166729));
#5894=CARTESIAN_POINT('',(0.052081786697073,0.005,-0.00146514512403605));
#5895=CARTESIAN_POINT('',(0.052081786697073,0.003,-0.00146514512403605));
#5896=CARTESIAN_POINT('',(0.052081786697073,0.005,-0.00146514512403605));
#5897=CARTESIAN_POINT('',(0.052836044048857,0.005,0.00891825207305962));
#5898=CARTESIAN_POINT('',(0.0529415312894874,0.005,-0.00149358451258919));
#5899=CARTESIAN_POINT('',(0.0535573534339267,0.005,-0.00149358451258919));
#5900=CARTESIAN_POINT('',(0.0541731755783659,0.005,-0.00149358451258919));
#5901=CARTESIAN_POINT('',(0.0541731755783659,0.005,-0.000905107934066403));
#5902=CARTESIAN_POINT('',(0.0541731755783659,0.005,-0.000316631355543611));
#5903=CARTESIAN_POINT('',(0.0534315638307108,0.005,-0.000316631355543611));
#5904=CARTESIAN_POINT('',(0.0526899520830557,0.005,-0.000316631355543611));
#5905=CARTESIAN_POINT('',(0.0512614197195784,0.005,0.00331595362080247));
#5906=CARTESIAN_POINT('',(0.0512614197195784,0.005,0.00522686176704656));
#5907=CARTESIAN_POINT('',(0.0512614197195784,0.005,0.00140504547455839));
#5908=CARTESIAN_POINT('',(0.0506455975751392,0.005,0.00522686176704656));
#5909=CARTESIAN_POINT('',(0.0500297754306999,0.005,0.00522686176704656));
#5910=CARTESIAN_POINT('',(0.0500297754306999,0.005,0.00331595362080247));
#5911=CARTESIAN_POINT('',(0.0515283124429233,0.005,5.96436314672455E-5));
#5912=CARTESIAN_POINT('',(0.0515283124429233,0.003,5.96436314672455E-5));
#5913=CARTESIAN_POINT('',(0.0513503839606934,0.005,0.00028424187952799));
#5914=CARTESIAN_POINT('',(0.0513503839606934,0.003,0.00028424187952799));
#5915=CARTESIAN_POINT('',(0.0512614197195784,0.005,0.000732709160558371));
#5916=CARTESIAN_POINT('',(0.0512614197195784,0.003,0.000732709160558371));
#5917=CARTESIAN_POINT('',(0.0512614197195784,0.005,0.00140504547455839));
#5918=CARTESIAN_POINT('',(0.0512614197195784,0.003,0.00140504547455839));
#5919=CARTESIAN_POINT('',(0.0515283124429233,0.005,5.96436314672455E-5));
#5920=CARTESIAN_POINT('',(0.0522352600351811,0.00500000000000001,0.00064287278904058));
#5921=CARTESIAN_POINT('',(0.0518914615582943,0.005,-0.000206155269241004));
#5922=CARTESIAN_POINT('',(0.0522557044963019,0.005,-0.000303505483903696));
#5923=CARTESIAN_POINT('',(0.0522557044963019,0.003,-0.000303505483903696));
#5924=CARTESIAN_POINT('',(0.0521528851684559,0.005,-0.000294754902810421));
#5925=CARTESIAN_POINT('',(0.0521528851684559,0.003,-0.000294754902810421));
#5926=CARTESIAN_POINT('',(0.0520314708557867,0.005,-0.00026230483125619));
#5927=CARTESIAN_POINT('',(0.0520314708557867,0.003,-0.00026230483125619));
#5928=CARTESIAN_POINT('',(0.0518914615582943,0.005,-0.000206155269241004));
#5929=CARTESIAN_POINT('',(0.0518914615582943,0.003,-0.000206155269241004));
#5930=CARTESIAN_POINT('',(0.0522557044963019,0.005,-0.000303505483903696));
#5931=CARTESIAN_POINT('',(0.0526331668960513,0.005,0.0053496487204628));
#5932=CARTESIAN_POINT('',(0.0083832607838117,0.005,-1.7347234759768E-17));
#5933=CARTESIAN_POINT('',(0.0472788114995013,0.005,0.00522686176704656));
#5934=CARTESIAN_POINT('',(0.0484896731582833,0.005,0.00522686176704656));
#5935=CARTESIAN_POINT('',(0.0460679498407193,0.005,0.00522686176704656));
#5936=CARTESIAN_POINT('',(0.0484896731582833,0.005,0.00186663862722868));
#5937=CARTESIAN_POINT('',(0.0484896731582833,0.005,-0.00149358451258919));
#5938=CARTESIAN_POINT('',(0.0478738510138441,0.005,-0.00149358451258919));
#5939=CARTESIAN_POINT('',(0.0472580288694048,0.005,-0.00149358451258919));
#5940=CARTESIAN_POINT('',(0.0472580288694048,0.005,0.00127816204870589));
#5941=CARTESIAN_POINT('',(0.0472580288694048,0.005,0.00404990861000097));
#5942=CARTESIAN_POINT('',(0.0464595383446434,0.005,0.00404990861000097));
#5943=CARTESIAN_POINT('',(0.045661047819882,0.005,0.00404990861000097));
#5944=CARTESIAN_POINT('',(0.04494787546078,0.005,0.00391755607096518));
#5945=CARTESIAN_POINT('',(0.0452410199274047,0.005,0.00404990861000097));
#5946=CARTESIAN_POINT('',(0.045661047819882,0.005,0.00404990861000097));
#5947=CARTESIAN_POINT('',(0.04494787546078,0.005,0.00391755607096518));
#5948=CARTESIAN_POINT('',(0.0445005020023862,0.005,0.00361019191006387));
#5949=CARTESIAN_POINT('',(0.0446547309941553,0.005,0.00378520353192939));
#5950=CARTESIAN_POINT('',(0.04494787546078,0.005,0.00391755607096518));
#5951=CARTESIAN_POINT('',(0.0445005020023862,0.005,0.00361019191006387));
#5952=CARTESIAN_POINT('',(0.0454272078548096,0.005,0.00283502473762576));
#5953=CARTESIAN_POINT('',(0.0442620486675945,0.005,0.00316172462903349));
#5954=CARTESIAN_POINT('',(0.0441636046302952,0.005,0.00271325734800311));
#5955=CARTESIAN_POINT('',(0.0441778243245717,0.005,0.00288826896986862));
#5956=CARTESIAN_POINT('',(0.0442620486675945,0.005,0.00316172462903349));
#5957=CARTESIAN_POINT('',(0.0441636046302952,0.005,0.00271325734800311));
#5958=CARTESIAN_POINT('',(0.0496174223893606,0.005,0.00232440569872908));
#5959=CARTESIAN_POINT('',(0.0441495023813214,0.00499999975,0.00228666733028729));
#5960=CARTESIAN_POINT('',(0.0441493849360186,0.005,0.000396541003558362));
#5961=CARTESIAN_POINT('',(0.0441493849360186,0.005,-0.00149358451258919));
#5962=CARTESIAN_POINT('',(0.0435335627915793,0.005,-0.00149358451258919));
#5963=CARTESIAN_POINT('',(0.04291774064714,0.005,-0.00149358451258919));
#5964=CARTESIAN_POINT('',(0.04291774064714,0.005,0.000403103939378319));
#5965=CARTESIAN_POINT('',(0.04291774064714,0.005,0.00229979239134583));
#5966=CARTESIAN_POINT('',(0.043078532574729,0.005,0.00379176646774935));
#5967=CARTESIAN_POINT('',(0.04291774064714,0.005,0.00322516634195974));
#5968=CARTESIAN_POINT('',(0.04291774064714,0.005,0.00229979239134583));
#5969=CARTESIAN_POINT('',(0.043078532574729,0.005,0.00379176646774935));
#5970=CARTESIAN_POINT('',(0.0438409269524806,0.005,0.00476526861437627));
#5971=CARTESIAN_POINT('',(0.0432393245023179,0.005,0.00435836659353895));
#5972=CARTESIAN_POINT('',(0.043078532574729,0.005,0.00379176646774935));
#5973=CARTESIAN_POINT('',(0.0438409269524806,0.005,0.00476526861437627));
#5974=CARTESIAN_POINT('',(0.0460679498407193,0.005,0.00522686176704656));
#5975=CARTESIAN_POINT('',(0.0445147216966629,0.005,0.00522686176704656));
#5976=CARTESIAN_POINT('',(0.0438409269524806,0.005,0.00476526861437627));
#5977=CARTESIAN_POINT('',(0.0460679498407193,0.005,0.00522686176704656));
#5978=CARTESIAN_POINT('',(0.0460679498407193,0.003,0.00522686176704656));
#5979=CARTESIAN_POINT('',(0.0450324644113483,0.005,0.00522686176704656));
#5980=CARTESIAN_POINT('',(0.0450324644113483,0.003,0.00522686176704656));
#5981=CARTESIAN_POINT('',(0.0442901234486021,0.005,0.00507299738282313));
#5982=CARTESIAN_POINT('',(0.0442901234486021,0.003,0.00507299738282313));
#5983=CARTESIAN_POINT('',(0.0438409269524806,0.005,0.00476526861437627));
#5984=CARTESIAN_POINT('',(0.0438409269524806,0.003,0.00476526861437627));
#5985=CARTESIAN_POINT('',(0.0438409269524806,0.005,0.00476526861437627));
#5986=CARTESIAN_POINT('',(0.0460679498407193,0.005,0.00522686176704656));
#5987=CARTESIAN_POINT('',(0.0438409269524806,0.005,0.00476526861437627));
#5988=CARTESIAN_POINT('',(0.0438409269524806,0.003,0.00476526861437627));
#5989=CARTESIAN_POINT('',(0.0434398586523721,0.005,0.00449400060048472));
#5990=CARTESIAN_POINT('',(0.0434398586523721,0.003,0.00449400060048472));
#5991=CARTESIAN_POINT('',(0.0431857271931216,0.005,0.00416949988494241));
#5992=CARTESIAN_POINT('',(0.0431857271931216,0.003,0.00416949988494241));
#5993=CARTESIAN_POINT('',(0.043078532574729,0.005,0.00379176646774935));
#5994=CARTESIAN_POINT('',(0.043078532574729,0.003,0.00379176646774935));
#5995=CARTESIAN_POINT('',(0.043078532574729,0.005,0.00379176646774935));
#5996=CARTESIAN_POINT('',(0.043078532574729,0.005,0.00379176646774935));
#5997=CARTESIAN_POINT('',(0.043078532574729,0.003,0.00379176646774935));
#5998=CARTESIAN_POINT('',(0.0429713379563363,0.005,0.00341403305055628));
#5999=CARTESIAN_POINT('',(0.0429713379563363,0.003,0.00341403305055628));
#6000=CARTESIAN_POINT('',(0.04291774064714,0.005,0.00291670835842177));
#6001=CARTESIAN_POINT('',(0.04291774064714,0.003,0.00291670835842177));
#6002=CARTESIAN_POINT('',(0.04291774064714,0.005,0.00229979239134583));
#6003=CARTESIAN_POINT('',(0.04291774064714,0.003,0.00229979239134583));
#6004=CARTESIAN_POINT('',(0.04291774064714,0.005,0.00229979239134583));
#6005=CARTESIAN_POINT('',(0.04291774064714,0.005,0.000403103939378319));
#6006=CARTESIAN_POINT('',(0.04291774064714,0.005,-0.00149358451258919));
#6007=CARTESIAN_POINT('',(0.0435335627915793,0.005,-0.00149358451258919));
#6008=CARTESIAN_POINT('',(0.0441493849360186,0.005,-0.00149358451258919));
#6009=CARTESIAN_POINT('',(0.0441493849360186,0.005,0.000396541003558362));
#6010=CARTESIAN_POINT('',(0.0441493849360186,0.005,0.00228666651970592));
#6011=CARTESIAN_POINT('',(0.0472580288694048,0.005,0.00127816204870589));
#6012=CARTESIAN_POINT('',(0.0472580288694048,0.005,-0.00149358451258919));
#6013=CARTESIAN_POINT('',(0.0472580288694048,0.005,0.00404990861000097));
#6014=CARTESIAN_POINT('',(0.0478738510138441,0.005,-0.00149358451258919));
#6015=CARTESIAN_POINT('',(0.0484896731582833,0.005,-0.00149358451258919));
#6016=CARTESIAN_POINT('',(0.0484896731582833,0.005,0.00186663862722868));
#6017=CARTESIAN_POINT('',(0.0484896731582833,0.005,0.00522686176704656));
#6018=CARTESIAN_POINT('',(0.0472788114995013,0.005,0.00522686176704656));
#6019=CARTESIAN_POINT('',(0.0464595383446434,0.005,0.00404990861000097));
#6020=CARTESIAN_POINT('',(0.045661047819882,0.005,0.00404990861000097));
#6021=CARTESIAN_POINT('',(0.04494787546078,0.005,0.00391755607096518));
#6022=CARTESIAN_POINT('',(0.04494787546078,0.003,0.00391755607096518));
#6023=CARTESIAN_POINT('',(0.0451433051051965,0.005,0.00400579109698904));
#6024=CARTESIAN_POINT('',(0.0451433051051965,0.003,0.00400579109698904));
#6025=CARTESIAN_POINT('',(0.0453810292248971,0.005,0.00404990861000097));
#6026=CARTESIAN_POINT('',(0.0453810292248971,0.003,0.00404990861000097));
#6027=CARTESIAN_POINT('',(0.045661047819882,0.005,0.00404990861000097));
#6028=CARTESIAN_POINT('',(0.045661047819882,0.003,0.00404990861000097));
#6029=CARTESIAN_POINT('',(0.04494787546078,0.005,0.00391755607096518));
#6030=CARTESIAN_POINT('',(0.0445005020023862,0.005,0.00361019191006387));
#6031=CARTESIAN_POINT('',(0.0445005020023862,0.003,0.00361019191006387));
#6032=CARTESIAN_POINT('',(0.0446033213302323,0.005,0.00372686632464088));
#6033=CARTESIAN_POINT('',(0.0446033213302323,0.003,0.00372686632464088));
#6034=CARTESIAN_POINT('',(0.0447524458163635,0.005,0.00382932104494132));
#6035=CARTESIAN_POINT('',(0.0447524458163635,0.003,0.00382932104494132));
#6036=CARTESIAN_POINT('',(0.04494787546078,0.005,0.00391755607096518));
#6037=CARTESIAN_POINT('',(0.04494787546078,0.003,0.00391755607096518));
#6038=CARTESIAN_POINT('',(0.0445005020023862,0.005,0.00361019191006387));
#6039=CARTESIAN_POINT('',(0.0454272078548096,0.00500000000000001,0.00283502473762576));
#6040=CARTESIAN_POINT('',(0.0442620486675945,0.005,0.00316172462903349));
#6041=CARTESIAN_POINT('',(0.0441636046302952,0.005,0.00271325734800311));
#6042=CARTESIAN_POINT('',(0.0441636046302952,0.003,0.00271325734800311));
#6043=CARTESIAN_POINT('',(0.0441730844264795,0.005,0.00282993176258012));
#6044=CARTESIAN_POINT('',(0.0441730844264795,0.003,0.00282993176258012));
#6045=CARTESIAN_POINT('',(0.0442058991055793,0.005,0.00297942085625691));
#6046=CARTESIAN_POINT('',(0.0442058991055793,0.003,0.00297942085625691));
#6047=CARTESIAN_POINT('',(0.0442620486675945,0.005,0.00316172462903349));
#6048=CARTESIAN_POINT('',(0.0442620486675945,0.003,0.00316172462903349));
#6049=CARTESIAN_POINT('',(0.0441636046302952,0.005,0.00271325734800311));
#6050=CARTESIAN_POINT('',(0.0496174223893606,0.005,0.00232440569872908));
#6051=CARTESIAN_POINT('',(0.0083832607838117,0.005,-1.7347234759768E-17));
#6052=CARTESIAN_POINT('',(0.0396143962844284,0.005,0.00190820388742175));
#6053=CARTESIAN_POINT('',(0.0396143962844284,0.005,0.00127816204870589));
#6054=CARTESIAN_POINT('',(0.0396143962844284,0.005,0.0025382457261376));
#6055=CARTESIAN_POINT('',(0.0382689944413373,0.005,0.00105502223082736));
#6056=CARTESIAN_POINT('',(0.0388990362800532,0.005,0.00105502223082736));
#6057=CARTESIAN_POINT('',(0.0396143962844284,0.005,0.00127816204870589));
#6058=CARTESIAN_POINT('',(0.0382689944413373,0.005,0.00105502223082736));
#6059=CARTESIAN_POINT('',(0.0364073083137429,0.005,0.00158662003224386));
#6060=CARTESIAN_POINT('',(0.037148920061398,0.005,0.00105502223082736));
#6061=CARTESIAN_POINT('',(0.0382689944413373,0.005,0.00105502223082736));
#6062=CARTESIAN_POINT('',(0.0364073083137429,0.005,0.00158662003224386));
#6063=CARTESIAN_POINT('',(0.0356656965660878,0.005,0.00314094199893696));
#6064=CARTESIAN_POINT('',(0.0356656965660878,0.005,0.00211821783366036));
#6065=CARTESIAN_POINT('',(0.0364073083137429,0.005,0.00158662003224386));
#6066=CARTESIAN_POINT('',(0.0356656965660878,0.005,0.00314094199893696));
#6067=CARTESIAN_POINT('',(0.0363657430535499,0.005,0.00469526396563006));
#6068=CARTESIAN_POINT('',(0.0356656965660878,0.005,0.00416366616421356));
#6069=CARTESIAN_POINT('',(0.0356656965660878,0.005,0.00314094199893696));
#6070=CARTESIAN_POINT('',(0.0363657430535499,0.005,0.00469526396563006));
#6071=CARTESIAN_POINT('',(0.0382558685696974,0.005,0.00522686176704656));
#6072=CARTESIAN_POINT('',(0.0370657895410119,0.005,0.00522686176704656));
#6073=CARTESIAN_POINT('',(0.0363657430535499,0.005,0.00469526396563006));
#6074=CARTESIAN_POINT('',(0.0382558685696974,0.005,0.00522686176704656));
#6075=CARTESIAN_POINT('',(0.0398167534722105,0.005,0.00522686176704656));
#6076=CARTESIAN_POINT('',(0.0413776383747235,0.005,0.00522686176704656));
#6077=CARTESIAN_POINT('',(0.0413776383747235,0.005,0.00316828756485345));
#6078=CARTESIAN_POINT('',(0.0413776383747235,0.005,0.00110971336266033));
#6079=CARTESIAN_POINT('',(0.0406502463213449,0.005,-0.000821977413680283));
#6080=CARTESIAN_POINT('',(0.0413776383747235,0.005,-0.000150370314771372));
#6081=CARTESIAN_POINT('',(0.0413776383747235,0.005,0.00110971336266033));
#6082=CARTESIAN_POINT('',(0.0406502463213449,0.005,-0.000821977413680283));
#6083=CARTESIAN_POINT('',(0.0385643265532353,0.005,-0.00149358451258919));
#6084=CARTESIAN_POINT('',(0.0399228542679664,0.005,-0.00149358451258919));
#6085=CARTESIAN_POINT('',(0.0406502463213449,0.005,-0.000821977413680283));
#6086=CARTESIAN_POINT('',(0.0385643265532353,0.005,-0.00149358451258919));
#6087=CARTESIAN_POINT('',(0.037409249848923,0.005,-0.00149358451258919));
#6088=CARTESIAN_POINT('',(0.0362541731446106,0.005,-0.00149358451258919));
#6089=CARTESIAN_POINT('',(0.0362541731446106,0.005,-0.000905107934066403));
#6090=CARTESIAN_POINT('',(0.0362541731446106,0.005,-0.000316631355543611));
#6091=CARTESIAN_POINT('',(0.0373742475245498,0.005,-0.000316631355543611));
#6092=CARTESIAN_POINT('',(0.0384943219044892,0.005,-0.000316631355543611));
#6093=CARTESIAN_POINT('',(0.0401459940858449,0.005,0.00137660608600524));
#6094=CARTESIAN_POINT('',(0.0401459940858449,0.005,-0.000316631355543611));
#6095=CARTESIAN_POINT('',(0.0384943219044892,0.005,-0.000316631355543611));
#6096=CARTESIAN_POINT('',(0.0401459940858449,0.005,0.00137660608600524));
#6097=CARTESIAN_POINT('',(0.0401459940858449,0.005,0.00271325734800311));
#6098=CARTESIAN_POINT('',(0.0401459940858449,0.005,0.00404990861000097));
#6099=CARTESIAN_POINT('',(0.0392217139578677,0.005,0.00404990861000097));
#6100=CARTESIAN_POINT('',(0.0382974338298905,0.005,0.00404990861000097));
#6101=CARTESIAN_POINT('',(0.0369257802435195,0.005,0.00312672230466039));
#6102=CARTESIAN_POINT('',(0.0369257802435195,0.005,0.00404990861000097));
#6103=CARTESIAN_POINT('',(0.0382974338298905,0.005,0.00404990861000097));
#6104=CARTESIAN_POINT('',(0.0369257802435195,0.005,0.00312672230466039));
#6105=CARTESIAN_POINT('',(0.037290023181527,0.005,0.00239167349282523));
#6106=CARTESIAN_POINT('',(0.0369257802435195,0.005,0.00264981563507686));
#6107=CARTESIAN_POINT('',(0.0369257802435195,0.005,0.00312672230466039));
#6108=CARTESIAN_POINT('',(0.037290023181527,0.005,0.00239167349282523));
#6109=CARTESIAN_POINT('',(0.0383127473468037,0.005,0.0021335313505736));
#6110=CARTESIAN_POINT('',(0.0376542661195347,0.005,0.0021335313505736));
#6111=CARTESIAN_POINT('',(0.037290023181527,0.005,0.00239167349282523));
#6112=CARTESIAN_POINT('',(0.0383127473468037,0.005,0.0021335313505736));
#6113=CARTESIAN_POINT('',(0.0396143962844284,0.005,0.0025382457261376));
#6114=CARTESIAN_POINT('',(0.039082798483012,0.005,0.0021335313505736));
#6115=CARTESIAN_POINT('',(0.0383127473468037,0.005,0.0021335313505736));
#6116=CARTESIAN_POINT('',(0.0396143962844284,0.005,0.0025382457261376));
#6117=CARTESIAN_POINT('',(0.0396143962844284,0.003,0.0025382457261376));
#6118=CARTESIAN_POINT('',(0.0392599977501508,0.005,0.00226843614242826));
#6119=CARTESIAN_POINT('',(0.0392599977501508,0.003,0.00226843614242826));
#6120=CARTESIAN_POINT('',(0.0388261147709425,0.005,0.0021335313505736));
#6121=CARTESIAN_POINT('',(0.0388261147709425,0.003,0.0021335313505736));
#6122=CARTESIAN_POINT('',(0.0383127473468037,0.005,0.0021335313505736));
#6123=CARTESIAN_POINT('',(0.0383127473468037,0.003,0.0021335313505736));
#6124=CARTESIAN_POINT('',(0.0383127473468037,0.005,0.0021335313505736));
#6125=CARTESIAN_POINT('',(0.0396143962844284,0.005,0.0025382457261376));
#6126=CARTESIAN_POINT('',(0.0373742475245498,0.005,-0.000316631355543611));
#6127=CARTESIAN_POINT('',(0.0362541731446106,0.005,-0.000316631355543611));
#6128=CARTESIAN_POINT('',(0.0384943219044892,0.005,-0.000316631355543611));
#6129=CARTESIAN_POINT('',(0.0362541731446106,0.005,-0.000905107934066403));
#6130=CARTESIAN_POINT('',(0.0362541731446106,0.005,-0.00149358451258919));
#6131=CARTESIAN_POINT('',(0.037409249848923,0.005,-0.00149358451258919));
#6132=CARTESIAN_POINT('',(0.0385643265532353,0.005,-0.00149358451258919));
#6133=CARTESIAN_POINT('',(0.0385643265532353,0.005,-0.00149358451258919));
#6134=CARTESIAN_POINT('',(0.0385643265532353,0.003,-0.00149358451258919));
#6135=CARTESIAN_POINT('',(0.0394700116963894,0.005,-0.00149358451258919));
#6136=CARTESIAN_POINT('',(0.0394700116963894,0.003,-0.00149358451258919));
#6137=CARTESIAN_POINT('',(0.0401653182857592,0.005,-0.00126971547961956));
#6138=CARTESIAN_POINT('',(0.0401653182857592,0.003,-0.00126971547961956));
#6139=CARTESIAN_POINT('',(0.0406502463213449,0.005,-0.000821977413680283));
#6140=CARTESIAN_POINT('',(0.0406502463213449,0.003,-0.000821977413680283));
#6141=CARTESIAN_POINT('',(0.0406502463213449,0.005,-0.000821977413680283));
#6142=CARTESIAN_POINT('',(0.0406502463213449,0.005,-0.000821977413680283));
#6143=CARTESIAN_POINT('',(0.0406502463213449,0.003,-0.000821977413680283));
#6144=CARTESIAN_POINT('',(0.0411351743569306,0.005,-0.000374239347741009));
#6145=CARTESIAN_POINT('',(0.0411351743569306,0.003,-0.000374239347741009));
#6146=CARTESIAN_POINT('',(0.0413776383747235,0.005,0.000269657577705863));
#6147=CARTESIAN_POINT('',(0.0413776383747235,0.003,0.000269657577705863));
#6148=CARTESIAN_POINT('',(0.0413776383747235,0.005,0.00110971336266033));
#6149=CARTESIAN_POINT('',(0.0413776383747235,0.003,0.00110971336266033));
#6150=CARTESIAN_POINT('',(0.0413776383747235,0.005,0.00110971336266033));
#6151=CARTESIAN_POINT('',(0.0413776383747235,0.005,0.00316828756485345));
#6152=CARTESIAN_POINT('',(0.0413776383747235,0.005,0.00522686176704656));
#6153=CARTESIAN_POINT('',(0.0398167534722105,0.005,0.00522686176704656));
#6154=CARTESIAN_POINT('',(0.0382558685696974,0.005,0.00522686176704656));
#6155=CARTESIAN_POINT('',(0.0382558685696974,0.005,0.00522686176704656));
#6156=CARTESIAN_POINT('',(0.0382558685696974,0.003,0.00522686176704656));
#6157=CARTESIAN_POINT('',(0.0374624825505737,0.005,0.00522686176704656));
#6158=CARTESIAN_POINT('',(0.0374624825505737,0.003,0.00522686176704656));
#6159=CARTESIAN_POINT('',(0.0368324407118579,0.005,0.00504966249990773));
#6160=CARTESIAN_POINT('',(0.0368324407118579,0.003,0.00504966249990773));
#6161=CARTESIAN_POINT('',(0.0363657430535499,0.005,0.00469526396563006));
#6162=CARTESIAN_POINT('',(0.0363657430535499,0.003,0.00469526396563006));
#6163=CARTESIAN_POINT('',(0.0363657430535499,0.005,0.00469526396563006));
#6164=CARTESIAN_POINT('',(0.0363657430535499,0.005,0.00469526396563006));
#6165=CARTESIAN_POINT('',(0.0363657430535499,0.003,0.00469526396563006));
#6166=CARTESIAN_POINT('',(0.0358990453952418,0.005,0.00434086543135239));
#6167=CARTESIAN_POINT('',(0.0358990453952418,0.003,0.00434086543135239));
#6168=CARTESIAN_POINT('',(0.0356656965660878,0.005,0.00382275810912136));
#6169=CARTESIAN_POINT('',(0.0356656965660878,0.003,0.00382275810912136));
#6170=CARTESIAN_POINT('',(0.0356656965660878,0.005,0.00314094199893696));
#6171=CARTESIAN_POINT('',(0.0356656965660878,0.003,0.00314094199893696));
#6172=CARTESIAN_POINT('',(0.0356656965660878,0.005,0.00314094199893696));
#6173=CARTESIAN_POINT('',(0.0356656965660878,0.005,0.00314094199893696));
#6174=CARTESIAN_POINT('',(0.0356656965660878,0.003,0.00314094199893696));
#6175=CARTESIAN_POINT('',(0.0356656965660878,0.005,0.00245912588875256));
#6176=CARTESIAN_POINT('',(0.0356656965660878,0.003,0.00245912588875256));
#6177=CARTESIAN_POINT('',(0.0359129004819728,0.005,0.00194101856652153));
#6178=CARTESIAN_POINT('',(0.0359129004819728,0.003,0.00194101856652153));
#6179=CARTESIAN_POINT('',(0.0364073083137429,0.005,0.00158662003224386));
#6180=CARTESIAN_POINT('',(0.0364073083137429,0.003,0.00158662003224386));
#6181=CARTESIAN_POINT('',(0.0364073083137429,0.005,0.00158662003224386));
#6182=CARTESIAN_POINT('',(0.0364073083137429,0.005,0.00158662003224386));
#6183=CARTESIAN_POINT('',(0.0364073083137429,0.003,0.00158662003224386));
#6184=CARTESIAN_POINT('',(0.036901716145513,0.005,0.00123222149796619));
#6185=CARTESIAN_POINT('',(0.036901716145513,0.003,0.00123222149796619));
#6186=CARTESIAN_POINT('',(0.0375222781880444,0.005,0.00105502223082736));
#6187=CARTESIAN_POINT('',(0.0375222781880444,0.003,0.00105502223082736));
#6188=CARTESIAN_POINT('',(0.0382689944413373,0.005,0.00105502223082736));
#6189=CARTESIAN_POINT('',(0.0382689944413373,0.003,0.00105502223082736));
#6190=CARTESIAN_POINT('',(0.0382689944413373,0.005,0.00105502223082736));
#6191=CARTESIAN_POINT('',(0.0382689944413373,0.005,0.00105502223082736));
#6192=CARTESIAN_POINT('',(0.0382689944413373,0.003,0.00105502223082736));
#6193=CARTESIAN_POINT('',(0.0386890223338145,0.005,0.00105502223082736));
#6194=CARTESIAN_POINT('',(0.0386890223338145,0.003,0.00105502223082736));
#6195=CARTESIAN_POINT('',(0.0391374896148449,0.005,0.0011294021701202));
#6196=CARTESIAN_POINT('',(0.0391374896148449,0.003,0.0011294021701202));
#6197=CARTESIAN_POINT('',(0.0396143962844284,0.005,0.00127816204870589));
#6198=CARTESIAN_POINT('',(0.0396143962844284,0.003,0.00127816204870589));
#6199=CARTESIAN_POINT('',(0.0396143962844284,0.005,0.00127816204870589));
#6200=CARTESIAN_POINT('',(0.0396143962844284,0.005,0.00190820388742175));
#6201=CARTESIAN_POINT('',(0.0401459940858449,0.005,0.00137660608600524));
#6202=CARTESIAN_POINT('',(0.0401459940858449,0.003,0.00137660608600524));
#6203=CARTESIAN_POINT('',(0.0401459940858449,0.005,0.000247781124972674));
#6204=CARTESIAN_POINT('',(0.0401459940858449,0.003,0.000247781124972674));
#6205=CARTESIAN_POINT('',(0.0395954366920597,0.005,-0.000316631355543611));
#6206=CARTESIAN_POINT('',(0.0395954366920597,0.003,-0.000316631355543611));
#6207=CARTESIAN_POINT('',(0.0384943219044892,0.005,-0.000316631355543611));
#6208=CARTESIAN_POINT('',(0.0384943219044892,0.003,-0.000316631355543611));
#6209=CARTESIAN_POINT('',(0.0401459940858449,0.005,0.00137660608600524));
#6210=CARTESIAN_POINT('',(0.0401459940858449,0.005,0.00271325734800311));
#6211=CARTESIAN_POINT('',(0.0401459940858449,0.005,0.00404990861000097));
#6212=CARTESIAN_POINT('',(0.0392217139578677,0.005,0.00404990861000097));
#6213=CARTESIAN_POINT('',(0.0382974338298905,0.005,0.00404990861000097));
#6214=CARTESIAN_POINT('',(0.0369257802435195,0.005,0.00312672230466039));
#6215=CARTESIAN_POINT('',(0.0369257802435195,0.003,0.00312672230466039));
#6216=CARTESIAN_POINT('',(0.0369257802435195,0.005,0.00374217984155411));
#6217=CARTESIAN_POINT('',(0.0369257802435195,0.003,0.00374217984155411));
#6218=CARTESIAN_POINT('',(0.0373829981056431,0.005,0.00404990861000097));
#6219=CARTESIAN_POINT('',(0.0373829981056431,0.003,0.00404990861000097));
#6220=CARTESIAN_POINT('',(0.0382974338298905,0.005,0.00404990861000097));
#6221=CARTESIAN_POINT('',(0.0382974338298905,0.003,0.00404990861000097));
#6222=CARTESIAN_POINT('',(0.0369257802435195,0.005,0.00312672230466039));
#6223=CARTESIAN_POINT('',(0.037290023181527,0.005,0.00239167349282523));
#6224=CARTESIAN_POINT('',(0.037290023181527,0.003,0.00239167349282523));
#6225=CARTESIAN_POINT('',(0.0370471945561886,0.005,0.00256376825432631));
#6226=CARTESIAN_POINT('',(0.0370471945561886,0.003,0.00256376825432631));
#6227=CARTESIAN_POINT('',(0.0369257802435195,0.005,0.00280878452493804));
#6228=CARTESIAN_POINT('',(0.0369257802435195,0.003,0.00280878452493804));
#6229=CARTESIAN_POINT('',(0.0369257802435195,0.005,0.00312672230466039));
#6230=CARTESIAN_POINT('',(0.0369257802435195,0.003,0.00312672230466039));
#6231=CARTESIAN_POINT('',(0.037290023181527,0.005,0.00239167349282523));
#6232=CARTESIAN_POINT('',(0.0383127473468037,0.005,0.0021335313505736));
#6233=CARTESIAN_POINT('',(0.0383127473468037,0.003,0.0021335313505736));
#6234=CARTESIAN_POINT('',(0.0378737598619577,0.005,0.0021335313505736));
#6235=CARTESIAN_POINT('',(0.0378737598619577,0.003,0.0021335313505736));
#6236=CARTESIAN_POINT('',(0.0375328518068655,0.005,0.00221957873132414));
#6237=CARTESIAN_POINT('',(0.0375328518068655,0.003,0.00221957873132414));
#6238=CARTESIAN_POINT('',(0.037290023181527,0.005,0.00239167349282523));
#6239=CARTESIAN_POINT('',(0.037290023181527,0.003,0.00239167349282523));
#6240=CARTESIAN_POINT('',(0.0083832607838117,0.005,-1.7347234759768E-17));
#6241=CARTESIAN_POINT('',(0.0298553107201527,0.005,-0.00303368678500573));
#6242=CARTESIAN_POINT('',(0.0298553107201527,0.005,-0.00457378905742225));
#6243=CARTESIAN_POINT('',(0.0298553107201527,0.005,-0.00149358451258919));
#6244=CARTESIAN_POINT('',(0.0292394885757134,0.005,-0.00457378905742225));
#6245=CARTESIAN_POINT('',(0.0286236664312742,0.005,-0.00457378905742225));
#6246=CARTESIAN_POINT('',(0.0286236664312742,0.005,0.000326536354812155));
#6247=CARTESIAN_POINT('',(0.0286236664312742,0.005,0.00522686176704656));
#6248=CARTESIAN_POINT('',(0.0292394885757134,0.005,0.00522686176704656));
#6249=CARTESIAN_POINT('',(0.0298553107201527,0.005,0.00522686176704656));
#6250=CARTESIAN_POINT('',(0.0298553107201527,0.005,0.00245511520575147));
#6251=CARTESIAN_POINT('',(0.0298553107201527,0.005,-0.000316631355543611));
#6252=CARTESIAN_POINT('',(0.0306538012449141,0.005,-0.000316631355543611));
#6253=CARTESIAN_POINT('',(0.0314522917696755,0.005,-0.000316631355543611));
#6254=CARTESIAN_POINT('',(0.0321665579514141,0.005,-0.000184278816507815));
#6255=CARTESIAN_POINT('',(0.0318723196621527,0.005,-0.000316631355543611));
#6256=CARTESIAN_POINT('',(0.0314522917696755,0.005,-0.000316631355543611));
#6257=CARTESIAN_POINT('',(0.0321665579514141,0.005,-0.000184278816507815));
#6258=CARTESIAN_POINT('',(0.0326139314098078,0.005,0.000123085344393495));
#6259=CARTESIAN_POINT('',(0.0324607962406756,0.005,-5.19262774720201E-5));
#6260=CARTESIAN_POINT('',(0.0321665579514141,0.005,-0.000184278816507815));
#6261=CARTESIAN_POINT('',(0.0326139314098078,0.005,0.000123085344393495));
#6262=CARTESIAN_POINT('',(0.0316769924156007,0.005,0.000900764253076658));
#6263=CARTESIAN_POINT('',(0.032851290921963,0.005,0.000571552625423875));
#6264=CARTESIAN_POINT('',(0.0329497349592623,0.005,0.00102001990645426));
#6265=CARTESIAN_POINT('',(0.0329355152649858,0.005,0.000845008284588742));
#6266=CARTESIAN_POINT('',(0.032851290921963,0.005,0.000571552625423875));
#6267=CARTESIAN_POINT('',(0.0329497349592623,0.005,0.00102001990645426));
#6268=CARTESIAN_POINT('',(0.0274959172002123,0.005,0.0014088715557283));
#6269=CARTESIAN_POINT('',(0.0329638372082361,0.00499999975,0.00144660992417007));
#6270=CARTESIAN_POINT('',(0.0329639546535389,0.005,0.003336736250899));
#6271=CARTESIAN_POINT('',(0.0329639546535389,0.005,0.00522686176704656));
#6272=CARTESIAN_POINT('',(0.0335797767979782,0.005,0.00522686176704656));
#6273=CARTESIAN_POINT('',(0.0341955989424175,0.005,0.00522686176704656));
#6274=CARTESIAN_POINT('',(0.0341955989424175,0.005,0.00333017331507905));
#6275=CARTESIAN_POINT('',(0.0341955989424175,0.005,0.00143348486311153));
#6276=CARTESIAN_POINT('',(0.0340348070148285,0.005,-5.84892132919762E-5));
#6277=CARTESIAN_POINT('',(0.0341955989424175,0.005,0.000508110912497627));
#6278=CARTESIAN_POINT('',(0.0341955989424175,0.005,0.00143348486311153));
#6279=CARTESIAN_POINT('',(0.0340348070148285,0.005,-5.84892132919762E-5));
#6280=CARTESIAN_POINT('',(0.0332724126370769,0.005,-0.0010319913599189));
#6281=CARTESIAN_POINT('',(0.0338740150872395,0.005,-0.000625089339081579));
#6282=CARTESIAN_POINT('',(0.0340348070148285,0.005,-5.84892132919762E-5));
#6283=CARTESIAN_POINT('',(0.0332724126370769,0.005,-0.0010319913599189));
#6284=CARTESIAN_POINT('',(0.0310453897488382,0.005,-0.00149358451258919));
#6285=CARTESIAN_POINT('',(0.032600805538168,0.005,-0.00149358451258919));
#6286=CARTESIAN_POINT('',(0.0332724126370769,0.005,-0.0010319913599189));
#6287=CARTESIAN_POINT('',(0.0310453897488382,0.005,-0.00149358451258919));
#6288=CARTESIAN_POINT('',(0.0304503502344955,0.005,-0.00149358451258919));
#6289=CARTESIAN_POINT('',(0.0304503502344955,0.005,-0.00149358451258919));
#6290=CARTESIAN_POINT('',(0.0310453897488382,0.005,-0.00149358451258919));
#6291=CARTESIAN_POINT('',(0.0298553107201527,0.005,-0.00149358451258919));
#6292=CARTESIAN_POINT('',(0.0310453897488382,0.005,-0.00149358451258919));
#6293=CARTESIAN_POINT('',(0.0310453897488382,0.003,-0.00149358451258919));
#6294=CARTESIAN_POINT('',(0.0320823336083914,0.005,-0.00149358451258919));
#6295=CARTESIAN_POINT('',(0.0320823336083914,0.003,-0.00149358451258919));
#6296=CARTESIAN_POINT('',(0.0328246745711376,0.005,-0.00133972012836576));
#6297=CARTESIAN_POINT('',(0.0328246745711376,0.003,-0.00133972012836576));
#6298=CARTESIAN_POINT('',(0.0332724126370769,0.005,-0.0010319913599189));
#6299=CARTESIAN_POINT('',(0.0332724126370769,0.003,-0.0010319913599189));
#6300=CARTESIAN_POINT('',(0.0332724126370769,0.005,-0.0010319913599189));
#6301=CARTESIAN_POINT('',(0.0332724126370769,0.005,-0.0010319913599189));
#6302=CARTESIAN_POINT('',(0.0332724126370769,0.003,-0.0010319913599189));
#6303=CARTESIAN_POINT('',(0.0336734809371853,0.005,-0.000760723346027353));
#6304=CARTESIAN_POINT('',(0.0336734809371853,0.003,-0.000760723346027353));
#6305=CARTESIAN_POINT('',(0.0339276123964359,0.005,-0.000436222630485045));
#6306=CARTESIAN_POINT('',(0.0339276123964359,0.003,-0.000436222630485045));
#6307=CARTESIAN_POINT('',(0.0340348070148285,0.005,-5.84892132919762E-5));
#6308=CARTESIAN_POINT('',(0.0340348070148285,0.003,-5.84892132919762E-5));
#6309=CARTESIAN_POINT('',(0.0340348070148285,0.005,-5.84892132919762E-5));
#6310=CARTESIAN_POINT('',(0.0340348070148285,0.005,-5.84892132919762E-5));
#6311=CARTESIAN_POINT('',(0.0340348070148285,0.003,-5.84892132919762E-5));
#6312=CARTESIAN_POINT('',(0.0341420016332211,0.005,0.000319244203901093));
#6313=CARTESIAN_POINT('',(0.0341420016332211,0.003,0.000319244203901093));
#6314=CARTESIAN_POINT('',(0.0341955989424175,0.005,0.000816568896035596));
#6315=CARTESIAN_POINT('',(0.0341955989424175,0.003,0.000816568896035596));
#6316=CARTESIAN_POINT('',(0.0341955989424175,0.005,0.00143348486311153));
#6317=CARTESIAN_POINT('',(0.0341955989424175,0.003,0.00143348486311153));
#6318=CARTESIAN_POINT('',(0.0341955989424175,0.005,0.00143348486311153));
#6319=CARTESIAN_POINT('',(0.0341955989424175,0.005,0.00333017331507905));
#6320=CARTESIAN_POINT('',(0.0341955989424175,0.005,0.00522686176704656));
#6321=CARTESIAN_POINT('',(0.0335797767979782,0.005,0.00522686176704656));
#6322=CARTESIAN_POINT('',(0.0329639546535389,0.005,0.00522686176704656));
#6323=CARTESIAN_POINT('',(0.0329639546535389,0.005,0.003336736250899));
#6324=CARTESIAN_POINT('',(0.0329639546535389,0.005,0.00144661073475145));
#6325=CARTESIAN_POINT('',(0.0298553107201527,0.005,0.00245511520575147));
#6326=CARTESIAN_POINT('',(0.0298553107201527,0.005,0.00522686176704656));
#6327=CARTESIAN_POINT('',(0.0298553107201527,0.005,-0.000316631355543611));
#6328=CARTESIAN_POINT('',(0.0292394885757134,0.005,0.00522686176704656));
#6329=CARTESIAN_POINT('',(0.0286236664312742,0.005,0.00522686176704656));
#6330=CARTESIAN_POINT('',(0.0286236664312742,0.005,0.000326536354812155));
#6331=CARTESIAN_POINT('',(0.0286236664312742,0.005,-0.00457378905742225));
#6332=CARTESIAN_POINT('',(0.0292394885757134,0.005,-0.00457378905742225));
#6333=CARTESIAN_POINT('',(0.0298553107201527,0.005,-0.00457378905742225));
#6334=CARTESIAN_POINT('',(0.0298553107201527,0.005,-0.00303368678500573));
#6335=CARTESIAN_POINT('',(0.0306538012449141,0.005,-0.000316631355543611));
#6336=CARTESIAN_POINT('',(0.0314522917696755,0.005,-0.000316631355543611));
#6337=CARTESIAN_POINT('',(0.0321665579514141,0.005,-0.000184278816507815));
#6338=CARTESIAN_POINT('',(0.0321665579514141,0.003,-0.000184278816507815));
#6339=CARTESIAN_POINT('',(0.0319703990919065,0.005,-0.000272513842531679));
#6340=CARTESIAN_POINT('',(0.0319703990919065,0.003,-0.000272513842531679));
#6341=CARTESIAN_POINT('',(0.0317323103646603,0.005,-0.000316631355543611));
#6342=CARTESIAN_POINT('',(0.0317323103646603,0.003,-0.000316631355543611));
#6343=CARTESIAN_POINT('',(0.0314522917696755,0.005,-0.000316631355543611));
#6344=CARTESIAN_POINT('',(0.0314522917696755,0.003,-0.000316631355543611));
#6345=CARTESIAN_POINT('',(0.0321665579514141,0.005,-0.000184278816507815));
#6346=CARTESIAN_POINT('',(0.0326139314098078,0.005,0.000123085344393495));
#6347=CARTESIAN_POINT('',(0.0326139314098078,0.003,0.000123085344393495));
#6348=CARTESIAN_POINT('',(0.032511841297053,0.005,6.41092981648486E-6));
#6349=CARTESIAN_POINT('',(0.032511841297053,0.003,6.41092981648486E-6));
#6350=CARTESIAN_POINT('',(0.0323627168109218,0.005,-9.60437904839517E-5));
#6351=CARTESIAN_POINT('',(0.0323627168109218,0.003,-9.60437904839517E-5));
#6352=CARTESIAN_POINT('',(0.0321665579514141,0.005,-0.000184278816507815));
#6353=CARTESIAN_POINT('',(0.0321665579514141,0.003,-0.000184278816507815));
#6354=CARTESIAN_POINT('',(0.0326139314098078,0.005,0.000123085344393495));
#6355=CARTESIAN_POINT('',(0.0316769924156007,0.00500000000000001,0.000900764253076658));
#6356=CARTESIAN_POINT('',(0.032851290921963,0.005,0.000571552625423875));
#6357=CARTESIAN_POINT('',(0.0329497349592623,0.005,0.00102001990645426));
#6358=CARTESIAN_POINT('',(0.0329497349592623,0.003,0.00102001990645426));
#6359=CARTESIAN_POINT('',(0.0329402551630779,0.005,0.000903345491877247));
#6360=CARTESIAN_POINT('',(0.0329402551630779,0.003,0.000903345491877247));
#6361=CARTESIAN_POINT('',(0.0329074404839782,0.005,0.000753856398200453));
#6362=CARTESIAN_POINT('',(0.0329074404839782,0.003,0.000753856398200453));
#6363=CARTESIAN_POINT('',(0.032851290921963,0.005,0.000571552625423875));
#6364=CARTESIAN_POINT('',(0.032851290921963,0.003,0.000571552625423875));
#6365=CARTESIAN_POINT('',(0.0329497349592623,0.005,0.00102001990645426));
#6366=CARTESIAN_POINT('',(0.0274959172002123,0.005,0.0014088715557283));
#6367=CARTESIAN_POINT('',(0.0083832607838117,0.005,-1.7347234759768E-17));
#6368=CARTESIAN_POINT('',(0.0241499318473369,0.005,-0.00157015209715536));
#6369=CARTESIAN_POINT('',(0.0228964111057251,0.005,-0.000316631355543611));
#6370=CARTESIAN_POINT('',(0.0254034525889487,0.005,-0.0028236728387671));
#6371=CARTESIAN_POINT('',(0.023519890008621,0.005,-0.000316631355543611));
#6372=CARTESIAN_POINT('',(0.024143368911517,0.005,-0.000316631355543611));
#6373=CARTESIAN_POINT('',(0.024143368911517,0.005,0.00112502687957356));
#6374=CARTESIAN_POINT('',(0.024143368911517,0.005,0.00256668511469074));
#6375=CARTESIAN_POINT('',(0.0249134200477252,0.005,0.00461103962260728));
#6376=CARTESIAN_POINT('',(0.024143368911517,0.005,0.00399521747816801));
#6377=CARTESIAN_POINT('',(0.024143368911517,0.005,0.00256668511469074));
#6378=CARTESIAN_POINT('',(0.0249134200477252,0.005,0.00461103962260728));
#6379=CARTESIAN_POINT('',(0.0272935781050962,0.005,0.00522686176704656));
#6380=CARTESIAN_POINT('',(0.0256834711839335,0.005,0.00522686176704656));
#6381=CARTESIAN_POINT('',(0.0249134200477252,0.005,0.00461103962260728));
#6382=CARTESIAN_POINT('',(0.0272935781050962,0.005,0.00522686176704656));
#6383=CARTESIAN_POINT('',(0.0272935781050962,0.005,0.00463838518852377));
#6384=CARTESIAN_POINT('',(0.0272935781050962,0.005,0.00404990861000098));
#6385=CARTESIAN_POINT('',(0.0272292832096702,0.005,-0.000669087438367085));
#6386=CARTESIAN_POINT('',(0.0266131645792674,0.005,0.00400877083466154));
#6387=CARTESIAN_POINT('',(0.0270046503591405,0.005,0.00167532814062529));
#6388=CARTESIAN_POINT('',(0.0260324006050278,0.005,0.0038333317279424));
#6389=CARTESIAN_POINT('',(0.0255642445165376,0.005,0.00337830151109206));
#6390=CARTESIAN_POINT('',(0.0257250364441266,0.005,0.00369988536626995));
#6391=CARTESIAN_POINT('',(0.0260324006050278,0.005,0.0038333317279424));
#6392=CARTESIAN_POINT('',(0.0255642445165376,0.005,0.00337830151109206));
#6393=CARTESIAN_POINT('',(0.0254034525889487,0.005,0.00256668511469074));
#6394=CARTESIAN_POINT('',(0.0254034525889487,0.005,0.00305671765591418));
#6395=CARTESIAN_POINT('',(0.0255642445165376,0.005,0.00337830151109206));
#6396=CARTESIAN_POINT('',(0.0254034525889487,0.005,0.00256668511469074));
#6397=CARTESIAN_POINT('',(0.0254034525889487,0.005,0.00112502687957356));
#6398=CARTESIAN_POINT('',(0.0254034525889487,0.005,-0.000316631355543611));
#6399=CARTESIAN_POINT('',(0.0263485153470224,0.005,-0.000316631355543611));
#6400=CARTESIAN_POINT('',(0.0272935781050962,0.005,-0.000316631355543611));
#6401=CARTESIAN_POINT('',(0.0272935781050962,0.005,-0.000905107934066403));
#6402=CARTESIAN_POINT('',(0.0272935781050962,0.005,-0.00149358451258919));
#6403=CARTESIAN_POINT('',(0.0263485153470224,0.005,-0.00149358451258919));
#6404=CARTESIAN_POINT('',(0.0254034525889487,0.005,-0.00149358451258919));
#6405=CARTESIAN_POINT('',(0.0254034525889487,0.005,-0.00215862867567815));
#6406=CARTESIAN_POINT('',(0.0254034525889487,0.005,-0.00215862867567815));
#6407=CARTESIAN_POINT('',(0.0254034525889487,0.005,-0.00149358451258919));
#6408=CARTESIAN_POINT('',(0.0254034525889487,0.005,-0.0028236728387671));
#6409=CARTESIAN_POINT('',(0.0263485153470224,0.005,-0.00149358451258919));
#6410=CARTESIAN_POINT('',(0.0272935781050962,0.005,-0.00149358451258919));
#6411=CARTESIAN_POINT('',(0.0272935781050962,0.005,-0.000905107934066403));
#6412=CARTESIAN_POINT('',(0.0272935781050962,0.005,-0.000316631355543611));
#6413=CARTESIAN_POINT('',(0.0263485153470224,0.005,-0.000316631355543611));
#6414=CARTESIAN_POINT('',(0.0254034525889487,0.005,-0.000316631355543611));
#6415=CARTESIAN_POINT('',(0.0272292832096702,0.005,-0.000669087438367085));
#6416=CARTESIAN_POINT('',(0.0272935781050962,0.005,0.00404916366467324));
#6417=CARTESIAN_POINT('',(0.026613220425094,0.005,0.00400834334980791));
#6418=CARTESIAN_POINT('',(0.0272935781050962,0.005,0.00463838518852377));
#6419=CARTESIAN_POINT('',(0.0272935781050962,0.005,0.00522686176704656));
#6420=CARTESIAN_POINT('',(0.0272935781050962,0.005,0.00522686176704656));
#6421=CARTESIAN_POINT('',(0.0272935781050962,0.003,0.00522686176704656));
#6422=CARTESIAN_POINT('',(0.0262201734909877,0.005,0.00522686176704656));
#6423=CARTESIAN_POINT('',(0.0262201734909877,0.003,0.00522686176704656));
#6424=CARTESIAN_POINT('',(0.0254267874718641,0.005,0.00502158771890013));
#6425=CARTESIAN_POINT('',(0.0254267874718641,0.003,0.00502158771890013));
#6426=CARTESIAN_POINT('',(0.0249134200477252,0.005,0.00461103962260728));
#6427=CARTESIAN_POINT('',(0.0249134200477252,0.003,0.00461103962260728));
#6428=CARTESIAN_POINT('',(0.0249134200477252,0.005,0.00461103962260728));
#6429=CARTESIAN_POINT('',(0.0249134200477252,0.005,0.00461103962260728));
#6430=CARTESIAN_POINT('',(0.0249134200477252,0.003,0.00461103962260728));
#6431=CARTESIAN_POINT('',(0.0244000526235864,0.005,0.00420049152631443));
#6432=CARTESIAN_POINT('',(0.0244000526235864,0.003,0.00420049152631443));
#6433=CARTESIAN_POINT('',(0.024143368911517,0.005,0.00351904002367558));
#6434=CARTESIAN_POINT('',(0.024143368911517,0.003,0.00351904002367558));
#6435=CARTESIAN_POINT('',(0.024143368911517,0.005,0.00256668511469074));
#6436=CARTESIAN_POINT('',(0.024143368911517,0.003,0.00256668511469074));
#6437=CARTESIAN_POINT('',(0.024143368911517,0.005,0.00256668511469074));
#6438=CARTESIAN_POINT('',(0.024143368911517,0.005,0.00112502687957356));
#6439=CARTESIAN_POINT('',(0.024143368911517,0.005,-0.000316631355543611));
#6440=CARTESIAN_POINT('',(0.023519890008621,0.005,-0.000316631355543611));
#6441=CARTESIAN_POINT('',(0.0228964111057251,0.005,-0.000316631355543611));
#6442=CARTESIAN_POINT('',(0.0241499318473369,0.005,-0.00157015209715536));
#6443=CARTESIAN_POINT('',(0.0270046503591405,0.00500000000000004,0.00167532814062529));
#6444=CARTESIAN_POINT('',(0.0260324006050278,0.005,0.0038333317279424));
#6445=CARTESIAN_POINT('',(0.0255642445165376,0.005,0.00337830151109206));
#6446=CARTESIAN_POINT('',(0.0255642445165376,0.003,0.00337830151109206));
#6447=CARTESIAN_POINT('',(0.0256714391349302,0.005,0.00359269074787732));
#6448=CARTESIAN_POINT('',(0.0256714391349302,0.003,0.00359269074787732));
#6449=CARTESIAN_POINT('',(0.025827491164427,0.005,0.00374436748682743));
#6450=CARTESIAN_POINT('',(0.025827491164427,0.003,0.00374436748682743));
#6451=CARTESIAN_POINT('',(0.0260324006050278,0.005,0.0038333317279424));
#6452=CARTESIAN_POINT('',(0.0260324006050278,0.003,0.0038333317279424));
#6453=CARTESIAN_POINT('',(0.0255642445165376,0.005,0.00337830151109206));
#6454=CARTESIAN_POINT('',(0.0254034525889487,0.005,0.00256668511469074));
#6455=CARTESIAN_POINT('',(0.0254034525889487,0.003,0.00256668511469074));
#6456=CARTESIAN_POINT('',(0.0254034525889487,0.005,0.00289337347550637));
#6457=CARTESIAN_POINT('',(0.0254034525889487,0.003,0.00289337347550637));
#6458=CARTESIAN_POINT('',(0.025457049898145,0.005,0.00316391227430681));
#6459=CARTESIAN_POINT('',(0.025457049898145,0.003,0.00316391227430681));
#6460=CARTESIAN_POINT('',(0.0255642445165376,0.005,0.00337830151109206));
#6461=CARTESIAN_POINT('',(0.0255642445165376,0.003,0.00337830151109206));
#6462=CARTESIAN_POINT('',(0.0254034525889487,0.005,0.00256668511469074));
#6463=CARTESIAN_POINT('',(0.0254034525889487,0.005,0.00112502687957356));
#6464=CARTESIAN_POINT('',(0.0083832607838117,0.005,-1.7347234759768E-17));
#6465=CARTESIAN_POINT('',(0.0202931132304757,0.005,0.00190820388742175));
#6466=CARTESIAN_POINT('',(0.0202931132304757,0.005,0.00127816204870589));
#6467=CARTESIAN_POINT('',(0.0202931132304757,0.005,0.0025382457261376));
#6468=CARTESIAN_POINT('',(0.0189477113873845,0.005,0.00105502223082736));
#6469=CARTESIAN_POINT('',(0.0195777532261004,0.005,0.00105502223082736));
#6470=CARTESIAN_POINT('',(0.0202931132304757,0.005,0.00127816204870589));
#6471=CARTESIAN_POINT('',(0.0189477113873845,0.005,0.00105502223082736));
#6472=CARTESIAN_POINT('',(0.0170860252597901,0.005,0.00158662003224386));
#6473=CARTESIAN_POINT('',(0.0178276370074452,0.005,0.00105502223082736));
#6474=CARTESIAN_POINT('',(0.0189477113873845,0.005,0.00105502223082736));
#6475=CARTESIAN_POINT('',(0.0170860252597901,0.005,0.00158662003224386));
#6476=CARTESIAN_POINT('',(0.0163444135121349,0.005,0.00314094199893696));
#6477=CARTESIAN_POINT('',(0.0163444135121349,0.005,0.00211821783366036));
#6478=CARTESIAN_POINT('',(0.0170860252597901,0.005,0.00158662003224386));
#6479=CARTESIAN_POINT('',(0.0163444135121349,0.005,0.00314094199893696));
#6480=CARTESIAN_POINT('',(0.017044459999597,0.005,0.00469526396563006));
#6481=CARTESIAN_POINT('',(0.0163444135121349,0.005,0.00416366616421356));
#6482=CARTESIAN_POINT('',(0.0163444135121349,0.005,0.00314094199893696));
#6483=CARTESIAN_POINT('',(0.017044459999597,0.005,0.00469526396563006));
#6484=CARTESIAN_POINT('',(0.0189345855157446,0.005,0.00522686176704656));
#6485=CARTESIAN_POINT('',(0.0177445064870591,0.005,0.00522686176704656));
#6486=CARTESIAN_POINT('',(0.017044459999597,0.005,0.00469526396563006));
#6487=CARTESIAN_POINT('',(0.0189345855157446,0.005,0.00522686176704656));
#6488=CARTESIAN_POINT('',(0.0204954704182577,0.005,0.00522686176704656));
#6489=CARTESIAN_POINT('',(0.0220563553207707,0.005,0.00522686176704656));
#6490=CARTESIAN_POINT('',(0.0220563553207707,0.005,0.00316828756485345));
#6491=CARTESIAN_POINT('',(0.0220563553207707,0.005,0.00110971336266033));
#6492=CARTESIAN_POINT('',(0.0213289632673921,0.005,-0.000821977413680283));
#6493=CARTESIAN_POINT('',(0.0220563553207707,0.005,-0.000150370314771372));
#6494=CARTESIAN_POINT('',(0.0220563553207707,0.005,0.00110971336266033));
#6495=CARTESIAN_POINT('',(0.0213289632673921,0.005,-0.000821977413680283));
#6496=CARTESIAN_POINT('',(0.0192430434992826,0.005,-0.00149358451258919));
#6497=CARTESIAN_POINT('',(0.0206015712140136,0.005,-0.00149358451258919));
#6498=CARTESIAN_POINT('',(0.0213289632673921,0.005,-0.000821977413680283));
#6499=CARTESIAN_POINT('',(0.0192430434992826,0.005,-0.00149358451258919));
#6500=CARTESIAN_POINT('',(0.0180879667949701,0.005,-0.00149358451258919));
#6501=CARTESIAN_POINT('',(0.0169328900906578,0.005,-0.00149358451258919));
#6502=CARTESIAN_POINT('',(0.0169328900906578,0.005,-0.000905107934066403));
#6503=CARTESIAN_POINT('',(0.0169328900906578,0.005,-0.000316631355543611));
#6504=CARTESIAN_POINT('',(0.018052964470597,0.005,-0.000316631355543611));
#6505=CARTESIAN_POINT('',(0.0191730388505363,0.005,-0.000316631355543611));
#6506=CARTESIAN_POINT('',(0.0208247110318922,0.005,0.00137660608600524));
#6507=CARTESIAN_POINT('',(0.0208247110318922,0.005,-0.000316631355543611));
#6508=CARTESIAN_POINT('',(0.0191730388505363,0.005,-0.000316631355543611));
#6509=CARTESIAN_POINT('',(0.0208247110318922,0.005,0.00137660608600524));
#6510=CARTESIAN_POINT('',(0.0208247110318922,0.005,0.00271325734800311));
#6511=CARTESIAN_POINT('',(0.0208247110318922,0.005,0.00404990861000097));
#6512=CARTESIAN_POINT('',(0.0199004309039149,0.005,0.00404990861000097));
#6513=CARTESIAN_POINT('',(0.0189761507759376,0.005,0.00404990861000097));
#6514=CARTESIAN_POINT('',(0.0176044971895667,0.005,0.00312672230466039));
#6515=CARTESIAN_POINT('',(0.0176044971895667,0.005,0.00404990861000097));
#6516=CARTESIAN_POINT('',(0.0189761507759376,0.005,0.00404990861000097));
#6517=CARTESIAN_POINT('',(0.0176044971895667,0.005,0.00312672230466039));
#6518=CARTESIAN_POINT('',(0.0179687401275743,0.005,0.00239167349282523));
#6519=CARTESIAN_POINT('',(0.0176044971895667,0.005,0.00264981563507686));
#6520=CARTESIAN_POINT('',(0.0176044971895667,0.005,0.00312672230466039));
#6521=CARTESIAN_POINT('',(0.0179687401275743,0.005,0.00239167349282523));
#6522=CARTESIAN_POINT('',(0.0189914642928509,0.005,0.0021335313505736));
#6523=CARTESIAN_POINT('',(0.0183329830655818,0.005,0.0021335313505736));
#6524=CARTESIAN_POINT('',(0.0179687401275743,0.005,0.00239167349282523));
#6525=CARTESIAN_POINT('',(0.0189914642928509,0.005,0.0021335313505736));
#6526=CARTESIAN_POINT('',(0.0202931132304757,0.005,0.0025382457261376));
#6527=CARTESIAN_POINT('',(0.0197615154290591,0.005,0.0021335313505736));
#6528=CARTESIAN_POINT('',(0.0189914642928509,0.005,0.0021335313505736));
#6529=CARTESIAN_POINT('',(0.0202931132304757,0.005,0.0025382457261376));
#6530=CARTESIAN_POINT('',(0.0202931132304757,0.003,0.0025382457261376));
#6531=CARTESIAN_POINT('',(0.019938714696198,0.005,0.00226843614242826));
#6532=CARTESIAN_POINT('',(0.019938714696198,0.003,0.00226843614242826));
#6533=CARTESIAN_POINT('',(0.0195048317169897,0.005,0.0021335313505736));
#6534=CARTESIAN_POINT('',(0.0195048317169897,0.003,0.0021335313505736));
#6535=CARTESIAN_POINT('',(0.0189914642928509,0.005,0.0021335313505736));
#6536=CARTESIAN_POINT('',(0.0189914642928509,0.003,0.0021335313505736));
#6537=CARTESIAN_POINT('',(0.0189914642928509,0.005,0.0021335313505736));
#6538=CARTESIAN_POINT('',(0.0202931132304757,0.005,0.0025382457261376));
#6539=CARTESIAN_POINT('',(0.018052964470597,0.005,-0.000316631355543611));
#6540=CARTESIAN_POINT('',(0.0169328900906578,0.005,-0.000316631355543611));
#6541=CARTESIAN_POINT('',(0.0191730388505363,0.005,-0.000316631355543611));
#6542=CARTESIAN_POINT('',(0.0169328900906578,0.005,-0.000905107934066403));
#6543=CARTESIAN_POINT('',(0.0169328900906578,0.005,-0.00149358451258919));
#6544=CARTESIAN_POINT('',(0.0180879667949701,0.005,-0.00149358451258919));
#6545=CARTESIAN_POINT('',(0.0192430434992826,0.005,-0.00149358451258919));
#6546=CARTESIAN_POINT('',(0.0192430434992826,0.005,-0.00149358451258919));
#6547=CARTESIAN_POINT('',(0.0192430434992826,0.003,-0.00149358451258919));
#6548=CARTESIAN_POINT('',(0.0201487286424366,0.005,-0.00149358451258919));
#6549=CARTESIAN_POINT('',(0.0201487286424366,0.003,-0.00149358451258919));
#6550=CARTESIAN_POINT('',(0.0208440352318064,0.005,-0.00126971547961956));
#6551=CARTESIAN_POINT('',(0.0208440352318064,0.003,-0.00126971547961956));
#6552=CARTESIAN_POINT('',(0.0213289632673921,0.005,-0.000821977413680283));
#6553=CARTESIAN_POINT('',(0.0213289632673921,0.003,-0.000821977413680283));
#6554=CARTESIAN_POINT('',(0.0213289632673921,0.005,-0.000821977413680283));
#6555=CARTESIAN_POINT('',(0.0213289632673921,0.005,-0.000821977413680283));
#6556=CARTESIAN_POINT('',(0.0213289632673921,0.003,-0.000821977413680283));
#6557=CARTESIAN_POINT('',(0.0218138913029779,0.005,-0.000374239347741009));
#6558=CARTESIAN_POINT('',(0.0218138913029779,0.003,-0.000374239347741009));
#6559=CARTESIAN_POINT('',(0.0220563553207707,0.005,0.000269657577705863));
#6560=CARTESIAN_POINT('',(0.0220563553207707,0.003,0.000269657577705863));
#6561=CARTESIAN_POINT('',(0.0220563553207707,0.005,0.00110971336266033));
#6562=CARTESIAN_POINT('',(0.0220563553207707,0.003,0.00110971336266033));
#6563=CARTESIAN_POINT('',(0.0220563553207707,0.005,0.00110971336266033));
#6564=CARTESIAN_POINT('',(0.0220563553207707,0.005,0.00316828756485345));
#6565=CARTESIAN_POINT('',(0.0220563553207707,0.005,0.00522686176704656));
#6566=CARTESIAN_POINT('',(0.0204954704182577,0.005,0.00522686176704656));
#6567=CARTESIAN_POINT('',(0.0189345855157446,0.005,0.00522686176704656));
#6568=CARTESIAN_POINT('',(0.0189345855157446,0.005,0.00522686176704656));
#6569=CARTESIAN_POINT('',(0.0189345855157446,0.003,0.00522686176704656));
#6570=CARTESIAN_POINT('',(0.0181411994966209,0.005,0.00522686176704656));
#6571=CARTESIAN_POINT('',(0.0181411994966209,0.003,0.00522686176704656));
#6572=CARTESIAN_POINT('',(0.0175111576579051,0.005,0.00504966249990773));
#6573=CARTESIAN_POINT('',(0.0175111576579051,0.003,0.00504966249990773));
#6574=CARTESIAN_POINT('',(0.017044459999597,0.005,0.00469526396563006));
#6575=CARTESIAN_POINT('',(0.017044459999597,0.003,0.00469526396563006));
#6576=CARTESIAN_POINT('',(0.017044459999597,0.005,0.00469526396563006));
#6577=CARTESIAN_POINT('',(0.017044459999597,0.005,0.00469526396563006));
#6578=CARTESIAN_POINT('',(0.017044459999597,0.003,0.00469526396563006));
#6579=CARTESIAN_POINT('',(0.016577762341289,0.005,0.00434086543135239));
#6580=CARTESIAN_POINT('',(0.016577762341289,0.003,0.00434086543135239));
#6581=CARTESIAN_POINT('',(0.0163444135121349,0.005,0.00382275810912136));
#6582=CARTESIAN_POINT('',(0.0163444135121349,0.003,0.00382275810912136));
#6583=CARTESIAN_POINT('',(0.0163444135121349,0.005,0.00314094199893696));
#6584=CARTESIAN_POINT('',(0.0163444135121349,0.003,0.00314094199893696));
#6585=CARTESIAN_POINT('',(0.0163444135121349,0.005,0.00314094199893696));
#6586=CARTESIAN_POINT('',(0.0163444135121349,0.005,0.00314094199893696));
#6587=CARTESIAN_POINT('',(0.0163444135121349,0.003,0.00314094199893696));
#6588=CARTESIAN_POINT('',(0.0163444135121349,0.005,0.00245912588875256));
#6589=CARTESIAN_POINT('',(0.0163444135121349,0.003,0.00245912588875256));
#6590=CARTESIAN_POINT('',(0.01659161742802,0.005,0.00194101856652153));
#6591=CARTESIAN_POINT('',(0.01659161742802,0.003,0.00194101856652153));
#6592=CARTESIAN_POINT('',(0.0170860252597901,0.005,0.00158662003224386));
#6593=CARTESIAN_POINT('',(0.0170860252597901,0.003,0.00158662003224386));
#6594=CARTESIAN_POINT('',(0.0170860252597901,0.005,0.00158662003224386));
#6595=CARTESIAN_POINT('',(0.0170860252597901,0.005,0.00158662003224386));
#6596=CARTESIAN_POINT('',(0.0170860252597901,0.003,0.00158662003224386));
#6597=CARTESIAN_POINT('',(0.0175804330915602,0.005,0.00123222149796619));
#6598=CARTESIAN_POINT('',(0.0175804330915602,0.003,0.00123222149796619));
#6599=CARTESIAN_POINT('',(0.0182009951340916,0.005,0.00105502223082736));
#6600=CARTESIAN_POINT('',(0.0182009951340916,0.003,0.00105502223082736));
#6601=CARTESIAN_POINT('',(0.0189477113873845,0.005,0.00105502223082736));
#6602=CARTESIAN_POINT('',(0.0189477113873845,0.003,0.00105502223082736));
#6603=CARTESIAN_POINT('',(0.0189477113873845,0.005,0.00105502223082736));
#6604=CARTESIAN_POINT('',(0.0189477113873845,0.005,0.00105502223082736));
#6605=CARTESIAN_POINT('',(0.0189477113873845,0.003,0.00105502223082736));
#6606=CARTESIAN_POINT('',(0.0193677392798617,0.005,0.00105502223082736));
#6607=CARTESIAN_POINT('',(0.0193677392798617,0.003,0.00105502223082736));
#6608=CARTESIAN_POINT('',(0.0198162065608921,0.005,0.0011294021701202));
#6609=CARTESIAN_POINT('',(0.0198162065608921,0.003,0.0011294021701202));
#6610=CARTESIAN_POINT('',(0.0202931132304757,0.005,0.00127816204870589));
#6611=CARTESIAN_POINT('',(0.0202931132304757,0.003,0.00127816204870589));
#6612=CARTESIAN_POINT('',(0.0202931132304757,0.005,0.00127816204870589));
#6613=CARTESIAN_POINT('',(0.0202931132304757,0.005,0.00190820388742175));
#6614=CARTESIAN_POINT('',(0.0208247110318922,0.005,0.00137660608600524));
#6615=CARTESIAN_POINT('',(0.0208247110318922,0.003,0.00137660608600524));
#6616=CARTESIAN_POINT('',(0.0208247110318922,0.005,0.000247781124972674));
#6617=CARTESIAN_POINT('',(0.0208247110318922,0.003,0.000247781124972674));
#6618=CARTESIAN_POINT('',(0.0202741536381069,0.005,-0.000316631355543611));
#6619=CARTESIAN_POINT('',(0.0202741536381069,0.003,-0.000316631355543611));
#6620=CARTESIAN_POINT('',(0.0191730388505363,0.005,-0.000316631355543611));
#6621=CARTESIAN_POINT('',(0.0191730388505363,0.003,-0.000316631355543611));
#6622=CARTESIAN_POINT('',(0.0208247110318922,0.005,0.00137660608600524));
#6623=CARTESIAN_POINT('',(0.0208247110318922,0.005,0.00271325734800311));
#6624=CARTESIAN_POINT('',(0.0208247110318922,0.005,0.00404990861000097));
#6625=CARTESIAN_POINT('',(0.0199004309039149,0.005,0.00404990861000097));
#6626=CARTESIAN_POINT('',(0.0189761507759376,0.005,0.00404990861000097));
#6627=CARTESIAN_POINT('',(0.0176044971895667,0.005,0.00312672230466039));
#6628=CARTESIAN_POINT('',(0.0176044971895667,0.003,0.00312672230466039));
#6629=CARTESIAN_POINT('',(0.0176044971895667,0.005,0.00374217984155411));
#6630=CARTESIAN_POINT('',(0.0176044971895667,0.003,0.00374217984155411));
#6631=CARTESIAN_POINT('',(0.0180617150516903,0.005,0.00404990861000097));
#6632=CARTESIAN_POINT('',(0.0180617150516903,0.003,0.00404990861000097));
#6633=CARTESIAN_POINT('',(0.0189761507759376,0.005,0.00404990861000097));
#6634=CARTESIAN_POINT('',(0.0189761507759376,0.003,0.00404990861000097));
#6635=CARTESIAN_POINT('',(0.0176044971895667,0.005,0.00312672230466039));
#6636=CARTESIAN_POINT('',(0.0179687401275743,0.005,0.00239167349282523));
#6637=CARTESIAN_POINT('',(0.0179687401275743,0.003,0.00239167349282523));
#6638=CARTESIAN_POINT('',(0.0177259115022359,0.005,0.00256376825432631));
#6639=CARTESIAN_POINT('',(0.0177259115022359,0.003,0.00256376825432631));
#6640=CARTESIAN_POINT('',(0.0176044971895667,0.005,0.00280878452493804));
#6641=CARTESIAN_POINT('',(0.0176044971895667,0.003,0.00280878452493804));
#6642=CARTESIAN_POINT('',(0.0176044971895667,0.005,0.00312672230466039));
#6643=CARTESIAN_POINT('',(0.0176044971895667,0.003,0.00312672230466039));
#6644=CARTESIAN_POINT('',(0.0179687401275743,0.005,0.00239167349282523));
#6645=CARTESIAN_POINT('',(0.0189914642928509,0.005,0.0021335313505736));
#6646=CARTESIAN_POINT('',(0.0189914642928509,0.003,0.0021335313505736));
#6647=CARTESIAN_POINT('',(0.0185524768080048,0.005,0.0021335313505736));
#6648=CARTESIAN_POINT('',(0.0185524768080048,0.003,0.0021335313505736));
#6649=CARTESIAN_POINT('',(0.0182115687529126,0.005,0.00221957873132414));
#6650=CARTESIAN_POINT('',(0.0182115687529126,0.003,0.00221957873132414));
#6651=CARTESIAN_POINT('',(0.0179687401275743,0.005,0.00239167349282523));
#6652=CARTESIAN_POINT('',(0.0179687401275743,0.003,0.00239167349282523));
#6653=CARTESIAN_POINT('',(0.0083832607838117,0.005,-1.7347234759768E-17));
#6654=CARTESIAN_POINT('',(0.00858702337294603,0.005,0.0020416502490942));
#6655=CARTESIAN_POINT('',(0.00858702337294603,0.005,0.00522686176704656));
#6656=CARTESIAN_POINT('',(0.00858702337294603,0.005,-0.00114356126885817));
#6657=CARTESIAN_POINT('',(0.00924550460021503,0.005,0.00522686176704656));
#6658=CARTESIAN_POINT('',(0.00990398582748403,0.005,0.00522686176704656));
#6659=CARTESIAN_POINT('',(0.00990398582748403,0.005,0.0020416502490942));
#6660=CARTESIAN_POINT('',(0.00990398582748403,0.005,-0.00114356126885817));
#6661=CARTESIAN_POINT('',(0.0103863616102508,0.005,-0.00293633657034303));
#6662=CARTESIAN_POINT('',(0.00990398582748403,0.005,-0.00239051907464995));
#6663=CARTESIAN_POINT('',(0.00990398582748403,0.005,-0.00114356126885817));
#6664=CARTESIAN_POINT('',(0.0103863616102508,0.005,-0.00293633657034303));
#6665=CARTESIAN_POINT('',(0.0118356766038246,0.005,-0.00348215406603611));
#6666=CARTESIAN_POINT('',(0.0108687373930177,0.005,-0.00348215406603611));
#6667=CARTESIAN_POINT('',(0.0103863616102508,0.005,-0.00293633657034303));
#6668=CARTESIAN_POINT('',(0.0118356766038246,0.005,-0.00348215406603611));
#6669=CARTESIAN_POINT('',(0.0131865475600991,0.005,-0.00304790647928229));
#6670=CARTESIAN_POINT('',(0.0126757323887791,0.005,-0.00348215406603611));
#6671=CARTESIAN_POINT('',(0.0118356766038246,0.005,-0.00348215406603611));
#6672=CARTESIAN_POINT('',(0.0131865475600991,0.005,-0.00304790647928229));
#6673=CARTESIAN_POINT('',(0.0136973627314191,0.005,-0.00190048653342652));
#6674=CARTESIAN_POINT('',(0.0136973627314191,0.005,-0.00261365889252849));
#6675=CARTESIAN_POINT('',(0.0131865475600991,0.005,-0.00304790647928229));
#6676=CARTESIAN_POINT('',(0.0136973627314191,0.005,-0.00190048653342652));
#6677=CARTESIAN_POINT('',(0.0131788908016425,0.005,-0.000597743773165093));
#6678=CARTESIAN_POINT('',(0.0136973627314191,0.005,-0.00114356126885817));
#6679=CARTESIAN_POINT('',(0.0136973627314191,0.005,-0.00190048653342652));
#6680=CARTESIAN_POINT('',(0.0131788908016425,0.005,-0.000597743773165093));
#6681=CARTESIAN_POINT('',(0.0113172046740481,0.005,-5.19262774720201E-5));
#6682=CARTESIAN_POINT('',(0.0126604188718659,0.005,-5.19262774720201E-5));
#6683=CARTESIAN_POINT('',(0.0131788908016425,0.005,-0.000597743773165093));
#6684=CARTESIAN_POINT('',(0.0113172046740481,0.005,-5.19262774720201E-5));
#6685=CARTESIAN_POINT('',(0.0109179594116673,0.005,-5.19262774720201E-5));
#6686=CARTESIAN_POINT('',(0.0105187141492866,0.005,-5.19262774720201E-5));
#6687=CARTESIAN_POINT('',(0.0105187141492866,0.005,0.000563895866967259));
#6688=CARTESIAN_POINT('',(0.0105187141492866,0.005,0.00117971801140654));
#6689=CARTESIAN_POINT('',(0.0108971767815708,0.005,0.00117971801140654));
#6690=CARTESIAN_POINT('',(0.011275639413855,0.005,0.00117971801140654));
#6691=CARTESIAN_POINT('',(0.0130115359382336,0.005,0.00177475752574929));
#6692=CARTESIAN_POINT('',(0.0124088396654342,0.005,0.00117971801140654));
#6693=CARTESIAN_POINT('',(0.011275639413855,0.005,0.00117971801140654));
#6694=CARTESIAN_POINT('',(0.0130115359382336,0.005,0.00177475752574929));
#6695=CARTESIAN_POINT('',(0.0136142322110329,0.005,0.00343518028819836));
#6696=CARTESIAN_POINT('',(0.0136142322110329,0.005,0.00236979704009204));
#6697=CARTESIAN_POINT('',(0.0130115359382336,0.005,0.00177475752574929));
#6698=CARTESIAN_POINT('',(0.0136142322110329,0.005,0.00343518028819836));
#6699=CARTESIAN_POINT('',(0.0136142322110329,0.005,0.00433102102762246));
#6700=CARTESIAN_POINT('',(0.0136142322110329,0.005,0.00522686176704656));
#6701=CARTESIAN_POINT('',(0.0142716196156653,0.005,0.00522686176704656));
#6702=CARTESIAN_POINT('',(0.0149290070202976,0.005,0.00522686176704656));
#6703=CARTESIAN_POINT('',(0.0149290070202976,0.005,0.00470182690145002));
#6704=CARTESIAN_POINT('',(0.0149290070202976,0.005,0.00417679203585348));
#6705=CARTESIAN_POINT('',(0.0145724208407466,0.005,0.00170584669963974));
#6706=CARTESIAN_POINT('',(0.0149290070202976,0.005,0.00245511520575147));
#6707=CARTESIAN_POINT('',(0.0149290070202976,0.005,0.00417679203585348));
#6708=CARTESIAN_POINT('',(0.0145724208407466,0.005,0.00170584669963974));
#6709=CARTESIAN_POINT('',(0.0131657649300026,0.005,0.000549676172690686));
#6710=CARTESIAN_POINT('',(0.0142158346611956,0.005,0.000956578193528007));
#6711=CARTESIAN_POINT('',(0.0145724208407466,0.005,0.00170584669963974));
#6712=CARTESIAN_POINT('',(0.0131657649300026,0.005,0.000549676172690686));
#6713=CARTESIAN_POINT('',(0.0131657649300026,0.005,0.0005223306067742));
#6714=CARTESIAN_POINT('',(0.0131657649300026,0.005,0.000494985040857713));
#6715=CARTESIAN_POINT('',(0.0145942972934798,0.005,-0.000386636004289816));
#6716=CARTESIAN_POINT('',(0.0141742694010026,0.005,0.00017340118567983));
#6717=CARTESIAN_POINT('',(0.0131657649300026,0.005,0.000494985040857713));
#6718=CARTESIAN_POINT('',(0.0145942972934798,0.005,-0.000386636004289816));
#6719=CARTESIAN_POINT('',(0.0150143251859571,0.005,-0.00183048188468031));
#6720=CARTESIAN_POINT('',(0.0150143251859571,0.005,-0.000946673194259463));
#6721=CARTESIAN_POINT('',(0.0145942972934798,0.005,-0.000386636004289816));
#6722=CARTESIAN_POINT('',(0.0150143251859571,0.005,-0.00183048188468031));
#6723=CARTESIAN_POINT('',(0.0141808323368225,0.005,-0.00395796691298297));
#6724=CARTESIAN_POINT('',(0.0150143251859571,0.005,-0.00320213547105128));
#6725=CARTESIAN_POINT('',(0.0150143251859571,0.005,-0.00183048188468031));
#6726=CARTESIAN_POINT('',(0.0141808323368225,0.005,-0.00395796691298297));
#6727=CARTESIAN_POINT('',(0.0117941113436316,0.005,-0.00471379835491466));
#6728=CARTESIAN_POINT('',(0.013347339487688,0.005,-0.00471379835491466));
#6729=CARTESIAN_POINT('',(0.0141808323368225,0.005,-0.00395796691298297));
#6730=CARTESIAN_POINT('',(0.0117941113436316,0.005,-0.00471379835491466));
#6731=CARTESIAN_POINT('',(0.00942051622208055,0.005,-0.00377529853266084));
#6732=CARTESIAN_POINT('',(0.0102540090712151,0.005,-0.00471379835491466));
#6733=CARTESIAN_POINT('',(0.0117941113436316,0.005,-0.00471379835491466));
#6734=CARTESIAN_POINT('',(0.00942051622208055,0.005,-0.00377529853266084));
#6735=CARTESIAN_POINT('',(0.00858702337294603,0.005,-0.00114356126885817));
#6736=CARTESIAN_POINT('',(0.00858702337294603,0.005,-0.00283679871040702));
#6737=CARTESIAN_POINT('',(0.00942051622208055,0.005,-0.00377529853266084));
#6738=CARTESIAN_POINT('',(0.00858702337294603,0.005,-0.00114356126885817));
#6739=CARTESIAN_POINT('',(0.00858702337294603,0.003,-0.00114356126885817));
#6740=CARTESIAN_POINT('',(0.00858702337294603,0.005,-0.00227238622989073));
#6741=CARTESIAN_POINT('',(0.00858702337294603,0.003,-0.00227238622989073));
#6742=CARTESIAN_POINT('',(0.00886485432265754,0.005,-0.00314963198449163));
#6743=CARTESIAN_POINT('',(0.00886485432265754,0.003,-0.00314963198449163));
#6744=CARTESIAN_POINT('',(0.00942051622208055,0.005,-0.00377529853266084));
#6745=CARTESIAN_POINT('',(0.00942051622208055,0.003,-0.00377529853266084));
#6746=CARTESIAN_POINT('',(0.00942051622208055,0.005,-0.00377529853266084));
#6747=CARTESIAN_POINT('',(0.00858702337294603,0.005,-0.00114356126885817));
#6748=CARTESIAN_POINT('',(0.00942051622208055,0.005,-0.00377529853266084));
#6749=CARTESIAN_POINT('',(0.00942051622208055,0.003,-0.00377529853266084));
#6750=CARTESIAN_POINT('',(0.00997617812150356,0.005,-0.00440096508083005));
#6751=CARTESIAN_POINT('',(0.00997617812150356,0.003,-0.00440096508083005));
#6752=CARTESIAN_POINT('',(0.0107673764953539,0.005,-0.00471379835491466));
#6753=CARTESIAN_POINT('',(0.0107673764953539,0.003,-0.00471379835491466));
#6754=CARTESIAN_POINT('',(0.0117941113436316,0.005,-0.00471379835491466));
#6755=CARTESIAN_POINT('',(0.0117941113436316,0.003,-0.00471379835491466));
#6756=CARTESIAN_POINT('',(0.0117941113436316,0.005,-0.00471379835491466));
#6757=CARTESIAN_POINT('',(0.0117941113436316,0.005,-0.00471379835491466));
#6758=CARTESIAN_POINT('',(0.0117941113436316,0.003,-0.00471379835491466));
#6759=CARTESIAN_POINT('',(0.0128295967730025,0.005,-0.00471379835491466));
#6760=CARTESIAN_POINT('',(0.0128295967730025,0.003,-0.00471379835491466));
#6761=CARTESIAN_POINT('',(0.0136251704373995,0.005,-0.00446185454093743));
#6762=CARTESIAN_POINT('',(0.0136251704373995,0.003,-0.00446185454093743));
#6763=CARTESIAN_POINT('',(0.0141808323368225,0.005,-0.00395796691298297));
#6764=CARTESIAN_POINT('',(0.0141808323368225,0.003,-0.00395796691298297));
#6765=CARTESIAN_POINT('',(0.0141808323368225,0.005,-0.00395796691298297));
#6766=CARTESIAN_POINT('',(0.0141808323368225,0.005,-0.00395796691298297));
#6767=CARTESIAN_POINT('',(0.0141808323368225,0.003,-0.00395796691298297));
#6768=CARTESIAN_POINT('',(0.0147364942362455,0.005,-0.00345407928502851));
#6769=CARTESIAN_POINT('',(0.0147364942362455,0.003,-0.00345407928502851));
#6770=CARTESIAN_POINT('',(0.0150143251859571,0.005,-0.00274491760892762));
#6771=CARTESIAN_POINT('',(0.0150143251859571,0.003,-0.00274491760892762));
#6772=CARTESIAN_POINT('',(0.0150143251859571,0.005,-0.00183048188468031));
#6773=CARTESIAN_POINT('',(0.0150143251859571,0.003,-0.00183048188468031));
#6774=CARTESIAN_POINT('',(0.0150143251859571,0.005,-0.00183048188468031));
#6775=CARTESIAN_POINT('',(0.0150143251859571,0.005,-0.00183048188468031));
#6776=CARTESIAN_POINT('',(0.0150143251859571,0.003,-0.00183048188468031));
#6777=CARTESIAN_POINT('',(0.0150143251859571,0.005,-0.00124127609106641));
#6778=CARTESIAN_POINT('',(0.0150143251859571,0.003,-0.00124127609106641));
#6779=CARTESIAN_POINT('',(0.0148743158884646,0.005,-0.000759994130936247));
#6780=CARTESIAN_POINT('',(0.0148743158884646,0.003,-0.000759994130936247));
#6781=CARTESIAN_POINT('',(0.0145942972934798,0.005,-0.000386636004289816));
#6782=CARTESIAN_POINT('',(0.0145942972934798,0.003,-0.000386636004289816));
#6783=CARTESIAN_POINT('',(0.0145942972934798,0.005,-0.000386636004289816));
#6784=CARTESIAN_POINT('',(0.0145942972934798,0.005,-0.000386636004289816));
#6785=CARTESIAN_POINT('',(0.0145942972934798,0.003,-0.000386636004289816));
#6786=CARTESIAN_POINT('',(0.014314278698495,0.005,-1.32778776433853E-5));
#6787=CARTESIAN_POINT('',(0.014314278698495,0.003,-1.32778776433853E-5));
#6788=CARTESIAN_POINT('',(0.0138381012440026,0.005,0.000280595804072458));
#6789=CARTESIAN_POINT('',(0.0138381012440026,0.003,0.000280595804072458));
#6790=CARTESIAN_POINT('',(0.0131657649300026,0.005,0.000494985040857713));
#6791=CARTESIAN_POINT('',(0.0131657649300026,0.003,0.000494985040857713));
#6792=CARTESIAN_POINT('',(0.0131657649300026,0.005,0.000494985040857713));
#6793=CARTESIAN_POINT('',(0.0131657649300026,0.005,0.000549676172690686));
#6794=CARTESIAN_POINT('',(0.0131657649300026,0.003,0.000549676172690686));
#6795=CARTESIAN_POINT('',(0.0138658114174646,0.005,0.000820944186582233));
#6796=CARTESIAN_POINT('',(0.0138658114174646,0.003,0.000820944186582233));
#6797=CARTESIAN_POINT('',(0.014334696721046,0.005,0.00120633436223192));
#6798=CARTESIAN_POINT('',(0.014334696721046,0.003,0.00120633436223192));
#6799=CARTESIAN_POINT('',(0.0145724208407466,0.005,0.00170584669963974));
#6800=CARTESIAN_POINT('',(0.0145724208407466,0.003,0.00170584669963974));
#6801=CARTESIAN_POINT('',(0.0145724208407466,0.005,0.00170584669963974));
#6802=CARTESIAN_POINT('',(0.0131657649300026,0.005,0.000549676172690686));
#6803=CARTESIAN_POINT('',(0.0145724208407466,0.005,0.00170584669963974));
#6804=CARTESIAN_POINT('',(0.0145724208407466,0.003,0.00170584669963974));
#6805=CARTESIAN_POINT('',(0.0148101449604473,0.005,0.00220535903704756));
#6806=CARTESIAN_POINT('',(0.0148101449604473,0.003,0.00220535903704756));
#6807=CARTESIAN_POINT('',(0.0149290070202976,0.005,0.00302900748245214));
#6808=CARTESIAN_POINT('',(0.0149290070202976,0.003,0.00302900748245214));
#6809=CARTESIAN_POINT('',(0.0149290070202976,0.005,0.00417679203585348));
#6810=CARTESIAN_POINT('',(0.0149290070202976,0.003,0.00417679203585348));
#6811=CARTESIAN_POINT('',(0.0149290070202976,0.005,0.00417679203585348));
#6812=CARTESIAN_POINT('',(0.0149290070202976,0.005,0.00470182690145002));
#6813=CARTESIAN_POINT('',(0.0149290070202976,0.005,0.00522686176704656));
#6814=CARTESIAN_POINT('',(0.0142716196156653,0.005,0.00522686176704656));
#6815=CARTESIAN_POINT('',(0.0136142322110329,0.005,0.00522686176704656));
#6816=CARTESIAN_POINT('',(0.0136142322110329,0.005,0.00433102102762246));
#6817=CARTESIAN_POINT('',(0.0136142322110329,0.005,0.00343518028819836));
#6818=CARTESIAN_POINT('',(0.0108971767815708,0.005,0.00117971801140654));
#6819=CARTESIAN_POINT('',(0.0105187141492866,0.005,0.00117971801140654));
#6820=CARTESIAN_POINT('',(0.011275639413855,0.005,0.00117971801140654));
#6821=CARTESIAN_POINT('',(0.0105187141492866,0.005,0.000563895866967259));
#6822=CARTESIAN_POINT('',(0.0105187141492866,0.005,-5.19262774720201E-5));
#6823=CARTESIAN_POINT('',(0.0109179594116673,0.005,-5.19262774720201E-5));
#6824=CARTESIAN_POINT('',(0.0113172046740481,0.005,-5.19262774720201E-5));
#6825=CARTESIAN_POINT('',(0.00990398582748403,0.005,0.0020416502490942));
#6826=CARTESIAN_POINT('',(0.00990398582748403,0.005,0.00522686176704656));
#6827=CARTESIAN_POINT('',(0.00990398582748403,0.005,-0.00114356126885817));
#6828=CARTESIAN_POINT('',(0.00924550460021503,0.005,0.00522686176704656));
#6829=CARTESIAN_POINT('',(0.00858702337294603,0.005,0.00522686176704656));
#6830=CARTESIAN_POINT('',(0.00858702337294603,0.005,0.0020416502490942));
#6831=CARTESIAN_POINT('',(0.0103863616102508,0.005,-0.00293633657034303));
#6832=CARTESIAN_POINT('',(0.0103863616102508,0.003,-0.00293633657034303));
#6833=CARTESIAN_POINT('',(0.010064777755073,0.005,-0.00257245823988098));
#6834=CARTESIAN_POINT('',(0.010064777755073,0.003,-0.00257245823988098));
#6835=CARTESIAN_POINT('',(0.00990398582748403,0.005,-0.00197486647271936));
#6836=CARTESIAN_POINT('',(0.00990398582748403,0.003,-0.00197486647271936));
#6837=CARTESIAN_POINT('',(0.00990398582748403,0.005,-0.00114356126885817));
#6838=CARTESIAN_POINT('',(0.00990398582748403,0.003,-0.00114356126885817));
#6839=CARTESIAN_POINT('',(0.0103863616102508,0.005,-0.00293633657034303));
#6840=CARTESIAN_POINT('',(0.0118356766038246,0.005,-0.00348215406603611));
#6841=CARTESIAN_POINT('',(0.0118356766038246,0.003,-0.00348215406603611));
#6842=CARTESIAN_POINT('',(0.0111910504632867,0.005,-0.00348215406603611));
#6843=CARTESIAN_POINT('',(0.0111910504632867,0.003,-0.00348215406603611));
#6844=CARTESIAN_POINT('',(0.0107079454654287,0.005,-0.00330021490080508));
#6845=CARTESIAN_POINT('',(0.0107079454654287,0.003,-0.00330021490080508));
#6846=CARTESIAN_POINT('',(0.0103863616102508,0.005,-0.00293633657034303));
#6847=CARTESIAN_POINT('',(0.0103863616102508,0.003,-0.00293633657034303));
#6848=CARTESIAN_POINT('',(0.0118356766038246,0.005,-0.00348215406603611));
#6849=CARTESIAN_POINT('',(0.0131865475600991,0.005,-0.00304790647928229));
#6850=CARTESIAN_POINT('',(0.0131865475600991,0.003,-0.00304790647928229));
#6851=CARTESIAN_POINT('',(0.0128460041125524,0.005,-0.0033374048704515));
#6852=CARTESIAN_POINT('',(0.0128460041125524,0.003,-0.0033374048704515));
#6853=CARTESIAN_POINT('',(0.0123957137937943,0.005,-0.00348215406603611));
#6854=CARTESIAN_POINT('',(0.0123957137937943,0.003,-0.00348215406603611));
#6855=CARTESIAN_POINT('',(0.0118356766038246,0.005,-0.00348215406603611));
#6856=CARTESIAN_POINT('',(0.0118356766038246,0.003,-0.00348215406603611));
#6857=CARTESIAN_POINT('',(0.0131865475600991,0.005,-0.00304790647928229));
#6858=CARTESIAN_POINT('',(0.0136973627314191,0.005,-0.00190048653342652));
#6859=CARTESIAN_POINT('',(0.0136973627314191,0.003,-0.00190048653342652));
#6860=CARTESIAN_POINT('',(0.0136973627314191,0.005,-0.00237593477282783));
#6861=CARTESIAN_POINT('',(0.0136973627314191,0.003,-0.00237593477282783));
#6862=CARTESIAN_POINT('',(0.0135270910076457,0.005,-0.00275840808811309));
#6863=CARTESIAN_POINT('',(0.0135270910076457,0.003,-0.00275840808811309));
#6864=CARTESIAN_POINT('',(0.0131865475600991,0.005,-0.00304790647928229));
#6865=CARTESIAN_POINT('',(0.0131865475600991,0.003,-0.00304790647928229));
#6866=CARTESIAN_POINT('',(0.0136973627314191,0.005,-0.00190048653342652));
#6867=CARTESIAN_POINT('',(0.0131788908016425,0.005,-0.000597743773165093));
#6868=CARTESIAN_POINT('',(0.0131788908016425,0.003,-0.000597743773165093));
#6869=CARTESIAN_POINT('',(0.0135245387548269,0.005,-0.000961622103627142));
#6870=CARTESIAN_POINT('',(0.0135245387548269,0.003,-0.000961622103627142));
#6871=CARTESIAN_POINT('',(0.0136973627314191,0.005,-0.00139586969038095));
#6872=CARTESIAN_POINT('',(0.0136973627314191,0.003,-0.00139586969038095));
#6873=CARTESIAN_POINT('',(0.0136973627314191,0.005,-0.00190048653342652));
#6874=CARTESIAN_POINT('',(0.0136973627314191,0.003,-0.00190048653342652));
#6875=CARTESIAN_POINT('',(0.0131788908016425,0.005,-0.000597743773165093));
#6876=CARTESIAN_POINT('',(0.0113172046740481,0.005,-5.19262774720201E-5));
#6877=CARTESIAN_POINT('',(0.0113172046740481,0.003,-5.19262774720201E-5));
#6878=CARTESIAN_POINT('',(0.0122126808059266,0.005,-5.19262774720201E-5));
#6879=CARTESIAN_POINT('',(0.0122126808059266,0.003,-5.19262774720201E-5));
#6880=CARTESIAN_POINT('',(0.0128332428484581,0.005,-0.000233865442703044));
#6881=CARTESIAN_POINT('',(0.0128332428484581,0.003,-0.000233865442703044));
#6882=CARTESIAN_POINT('',(0.0131788908016425,0.005,-0.000597743773165093));
#6883=CARTESIAN_POINT('',(0.0131788908016425,0.003,-0.000597743773165093));
#6884=CARTESIAN_POINT('',(0.0130115359382336,0.005,0.00177475752574929));
#6885=CARTESIAN_POINT('',(0.0130115359382336,0.003,0.00177475752574929));
#6886=CARTESIAN_POINT('',(0.012609738423034,0.005,0.00137806451618746));
#6887=CARTESIAN_POINT('',(0.012609738423034,0.003,0.00137806451618746));
#6888=CARTESIAN_POINT('',(0.0120311062482411,0.005,0.00117971801140654));
#6889=CARTESIAN_POINT('',(0.0120311062482411,0.003,0.00117971801140654));
#6890=CARTESIAN_POINT('',(0.011275639413855,0.005,0.00117971801140654));
#6891=CARTESIAN_POINT('',(0.011275639413855,0.003,0.00117971801140654));
#6892=CARTESIAN_POINT('',(0.0130115359382336,0.005,0.00177475752574929));
#6893=CARTESIAN_POINT('',(0.0136142322110329,0.005,0.00343518028819836));
#6894=CARTESIAN_POINT('',(0.0136142322110329,0.003,0.00343518028819836));
#6895=CARTESIAN_POINT('',(0.0136142322110329,0.005,0.00272492478946081));
#6896=CARTESIAN_POINT('',(0.0136142322110329,0.003,0.00272492478946081));
#6897=CARTESIAN_POINT('',(0.0134133334534331,0.005,0.00217145053531112));
#6898=CARTESIAN_POINT('',(0.0134133334534331,0.003,0.00217145053531112));
#6899=CARTESIAN_POINT('',(0.0130115359382336,0.005,0.00177475752574929));
#6900=CARTESIAN_POINT('',(0.0130115359382336,0.003,0.00177475752574929));
#6901=CARTESIAN_POINT('',(0.0131657649300026,0.005,0.0005223306067742));
#6902=CARTESIAN_POINT('',(0.0083832607838117,0.005,-1.7347234759768E-17));
#6903=CARTESIAN_POINT('',(-0.000765160170492399,0.005,-0.00303368678500573));
#6904=CARTESIAN_POINT('',(-0.000765160170492399,0.005,-0.00457378905742225));
#6905=CARTESIAN_POINT('',(-0.000765160170492399,0.005,-0.00149358451258919));
#6906=CARTESIAN_POINT('',(-0.00138098231493168,0.005,-0.00457378905742225));
#6907=CARTESIAN_POINT('',(-0.00199680445937096,0.005,-0.00457378905742225));
#6908=CARTESIAN_POINT('',(-0.00199680445937096,0.005,0.000326536354812155));
#6909=CARTESIAN_POINT('',(-0.00199680445937096,0.005,0.00522686176704656));
#6910=CARTESIAN_POINT('',(-0.00138098231493168,0.005,0.00522686176704656));
#6911=CARTESIAN_POINT('',(-0.000765160170492399,0.005,0.00522686176704656));
#6912=CARTESIAN_POINT('',(-0.000765160170492399,0.005,0.00245511520575147));
#6913=CARTESIAN_POINT('',(-0.000765160170492399,0.005,-0.000316631355543611));
#6914=CARTESIAN_POINT('',(3.33303542690115E-5,0.005,-0.000316631355543611));
#6915=CARTESIAN_POINT('',(0.000831820879030422,0.005,-0.000316631355543611));
#6916=CARTESIAN_POINT('',(0.00154608706076905,0.005,-0.000184278816507815));
#6917=CARTESIAN_POINT('',(0.00125184877150766,0.005,-0.000316631355543611));
#6918=CARTESIAN_POINT('',(0.000831820879030422,0.005,-0.000316631355543611));
#6919=CARTESIAN_POINT('',(0.00154608706076905,0.005,-0.000184278816507815));
#6920=CARTESIAN_POINT('',(0.00199346051916278,0.005,0.000123085344393495));
#6921=CARTESIAN_POINT('',(0.00184032535003045,0.005,-5.19262774720201E-5));
#6922=CARTESIAN_POINT('',(0.00154608706076905,0.005,-0.000184278816507815));
#6923=CARTESIAN_POINT('',(0.00199346051916278,0.005,0.000123085344393495));
#6924=CARTESIAN_POINT('',(0.0010565215249552,0.005,0.000900764253076857));
#6925=CARTESIAN_POINT('',(0.00223082003131788,0.005,0.000571552625423875));
#6926=CARTESIAN_POINT('',(0.00232926406861723,0.005,0.00102001990645426));
#6927=CARTESIAN_POINT('',(0.00231504437434065,0.005,0.000845008284588742));
#6928=CARTESIAN_POINT('',(0.00223082003131788,0.005,0.000571552625423875));
#6929=CARTESIAN_POINT('',(0.00232926406861723,0.005,0.00102001990645426));
#6930=CARTESIAN_POINT('',(-0.00312455369044293,0.005,0.00140887155572825));
#6931=CARTESIAN_POINT('',(0.00234336631759104,0.00499999975,0.00144660992417007));
#6932=CARTESIAN_POINT('',(0.0023434837628938,0.005,0.003336736250899));
#6933=CARTESIAN_POINT('',(0.0023434837628938,0.005,0.00522686176704656));
#6934=CARTESIAN_POINT('',(0.00295930590733308,0.005,0.00522686176704656));
#6935=CARTESIAN_POINT('',(0.00357512805177236,0.005,0.00522686176704656));
#6936=CARTESIAN_POINT('',(0.00357512805177236,0.005,0.00333017331507905));
#6937=CARTESIAN_POINT('',(0.00357512805177236,0.005,0.00143348486311153));
#6938=CARTESIAN_POINT('',(0.00341433612418342,0.005,-5.84892132919762E-5));
#6939=CARTESIAN_POINT('',(0.00357512805177236,0.005,0.000508110912497627));
#6940=CARTESIAN_POINT('',(0.00357512805177236,0.005,0.00143348486311153));
#6941=CARTESIAN_POINT('',(0.00341433612418342,0.005,-5.84892132919762E-5));
#6942=CARTESIAN_POINT('',(0.00265194174643177,0.005,-0.0010319913599189));
#6943=CARTESIAN_POINT('',(0.00325354419659448,0.005,-0.000625089339081579));
#6944=CARTESIAN_POINT('',(0.00341433612418342,0.005,-5.84892132919762E-5));
#6945=CARTESIAN_POINT('',(0.00265194174643177,0.005,-0.0010319913599189));
#6946=CARTESIAN_POINT('',(0.0004249188581931,0.005,-0.00149358451258919));
#6947=CARTESIAN_POINT('',(0.00198033464752286,0.005,-0.00149358451258919));
#6948=CARTESIAN_POINT('',(0.00265194174643177,0.005,-0.0010319913599189));
#6949=CARTESIAN_POINT('',(0.0004249188581931,0.005,-0.00149358451258919));
#6950=CARTESIAN_POINT('',(-0.000170120656149649,0.005,-0.00149358451258919));
#6951=CARTESIAN_POINT('',(-0.000170120656149649,0.005,-0.00149358451258919));
#6952=CARTESIAN_POINT('',(0.0004249188581931,0.005,-0.00149358451258919));
#6953=CARTESIAN_POINT('',(-0.000765160170492399,0.005,-0.00149358451258919));
#6954=CARTESIAN_POINT('',(0.0004249188581931,0.005,-0.00149358451258919));
#6955=CARTESIAN_POINT('',(0.0004249188581931,0.003,-0.00149358451258919));
#6956=CARTESIAN_POINT('',(0.00146186271774627,0.005,-0.00149358451258919));
#6957=CARTESIAN_POINT('',(0.00146186271774627,0.003,-0.00149358451258919));
#6958=CARTESIAN_POINT('',(0.0022042036804925,0.005,-0.00133972012836576));
#6959=CARTESIAN_POINT('',(0.0022042036804925,0.003,-0.00133972012836576));
#6960=CARTESIAN_POINT('',(0.00265194174643177,0.005,-0.0010319913599189));
#6961=CARTESIAN_POINT('',(0.00265194174643177,0.003,-0.0010319913599189));
#6962=CARTESIAN_POINT('',(0.00265194174643177,0.005,-0.0010319913599189));
#6963=CARTESIAN_POINT('',(0.00265194174643177,0.005,-0.0010319913599189));
#6964=CARTESIAN_POINT('',(0.00265194174643177,0.003,-0.0010319913599189));
#6965=CARTESIAN_POINT('',(0.00305301004654024,0.005,-0.000760723346027353));
#6966=CARTESIAN_POINT('',(0.00305301004654024,0.003,-0.000760723346027353));
#6967=CARTESIAN_POINT('',(0.00330714150579079,0.005,-0.000436222630485045));
#6968=CARTESIAN_POINT('',(0.00330714150579079,0.003,-0.000436222630485045));
#6969=CARTESIAN_POINT('',(0.00341433612418342,0.005,-5.84892132919762E-5));
#6970=CARTESIAN_POINT('',(0.00341433612418342,0.003,-5.84892132919762E-5));
#6971=CARTESIAN_POINT('',(0.00341433612418342,0.005,-5.84892132919762E-5));
#6972=CARTESIAN_POINT('',(0.00341433612418342,0.005,-5.84892132919762E-5));
#6973=CARTESIAN_POINT('',(0.00341433612418342,0.003,-5.84892132919762E-5));
#6974=CARTESIAN_POINT('',(0.00352153074257605,0.005,0.000319244203901093));
#6975=CARTESIAN_POINT('',(0.00352153074257605,0.003,0.000319244203901093));
#6976=CARTESIAN_POINT('',(0.00357512805177236,0.005,0.000816568896035596));
#6977=CARTESIAN_POINT('',(0.00357512805177236,0.003,0.000816568896035596));
#6978=CARTESIAN_POINT('',(0.00357512805177236,0.005,0.00143348486311153));
#6979=CARTESIAN_POINT('',(0.00357512805177236,0.003,0.00143348486311153));
#6980=CARTESIAN_POINT('',(0.00357512805177236,0.005,0.00143348486311153));
#6981=CARTESIAN_POINT('',(0.00357512805177236,0.005,0.00333017331507905));
#6982=CARTESIAN_POINT('',(0.00357512805177236,0.005,0.00522686176704656));
#6983=CARTESIAN_POINT('',(0.00295930590733308,0.005,0.00522686176704656));
#6984=CARTESIAN_POINT('',(0.0023434837628938,0.005,0.00522686176704656));
#6985=CARTESIAN_POINT('',(0.0023434837628938,0.005,0.003336736250899));
#6986=CARTESIAN_POINT('',(0.0023434837628938,0.005,0.00144661073475145));
#6987=CARTESIAN_POINT('',(-0.000765160170492399,0.005,0.00245511520575147));
#6988=CARTESIAN_POINT('',(-0.000765160170492399,0.005,0.00522686176704656));
#6989=CARTESIAN_POINT('',(-0.000765160170492399,0.005,-0.000316631355543611));
#6990=CARTESIAN_POINT('',(-0.00138098231493168,0.005,0.00522686176704656));
#6991=CARTESIAN_POINT('',(-0.00199680445937096,0.005,0.00522686176704656));
#6992=CARTESIAN_POINT('',(-0.00199680445937096,0.005,0.000326536354812155));
#6993=CARTESIAN_POINT('',(-0.00199680445937096,0.005,-0.00457378905742225));
#6994=CARTESIAN_POINT('',(-0.00138098231493168,0.005,-0.00457378905742225));
#6995=CARTESIAN_POINT('',(-0.000765160170492399,0.005,-0.00457378905742225));
#6996=CARTESIAN_POINT('',(-0.000765160170492399,0.005,-0.00303368678500573));
#6997=CARTESIAN_POINT('',(3.33303542690115E-5,0.005,-0.000316631355543611));
#6998=CARTESIAN_POINT('',(0.000831820879030422,0.005,-0.000316631355543611));
#6999=CARTESIAN_POINT('',(0.00154608706076905,0.005,-0.000184278816507815));
#7000=CARTESIAN_POINT('',(0.00154608706076905,0.003,-0.000184278816507815));
#7001=CARTESIAN_POINT('',(0.00134992820126145,0.005,-0.000272513842531679));
#7002=CARTESIAN_POINT('',(0.00134992820126145,0.003,-0.000272513842531679));
#7003=CARTESIAN_POINT('',(0.00111183947401524,0.005,-0.000316631355543611));
#7004=CARTESIAN_POINT('',(0.00111183947401524,0.003,-0.000316631355543611));
#7005=CARTESIAN_POINT('',(0.000831820879030422,0.005,-0.000316631355543611));
#7006=CARTESIAN_POINT('',(0.000831820879030422,0.003,-0.000316631355543611));
#7007=CARTESIAN_POINT('',(0.00154608706076905,0.005,-0.000184278816507815));
#7008=CARTESIAN_POINT('',(0.00199346051916278,0.005,0.000123085344393495));
#7009=CARTESIAN_POINT('',(0.00199346051916278,0.003,0.000123085344393495));
#7010=CARTESIAN_POINT('',(0.00189137040640789,0.005,6.41092981648486E-6));
#7011=CARTESIAN_POINT('',(0.00189137040640789,0.003,6.41092981648486E-6));
#7012=CARTESIAN_POINT('',(0.00174224592027665,0.005,-9.60437904839517E-5));
#7013=CARTESIAN_POINT('',(0.00174224592027665,0.003,-9.60437904839517E-5));
#7014=CARTESIAN_POINT('',(0.00154608706076905,0.005,-0.000184278816507815));
#7015=CARTESIAN_POINT('',(0.00154608706076905,0.003,-0.000184278816507815));
#7016=CARTESIAN_POINT('',(0.00199346051916278,0.005,0.000123085344393495));
#7017=CARTESIAN_POINT('',(0.0010565215249552,0.00500000000000001,0.000900764253076857));
#7018=CARTESIAN_POINT('',(0.00223082003131788,0.005,0.000571552625423875));
#7019=CARTESIAN_POINT('',(0.00232926406861723,0.005,0.00102001990645426));
#7020=CARTESIAN_POINT('',(0.00232926406861723,0.003,0.00102001990645426));
#7021=CARTESIAN_POINT('',(0.00231978427243285,0.005,0.000903345491877247));
#7022=CARTESIAN_POINT('',(0.00231978427243285,0.003,0.000903345491877247));
#7023=CARTESIAN_POINT('',(0.00228696959333306,0.005,0.000753856398200453));
#7024=CARTESIAN_POINT('',(0.00228696959333306,0.003,0.000753856398200453));
#7025=CARTESIAN_POINT('',(0.00223082003131788,0.005,0.000571552625423875));
#7026=CARTESIAN_POINT('',(0.00223082003131788,0.003,0.000571552625423875));
#7027=CARTESIAN_POINT('',(0.00232926406861723,0.005,0.00102001990645426));
#7028=CARTESIAN_POINT('',(-0.00312455369044293,0.005,0.00140887155572825));
#7029=CARTESIAN_POINT('',(0.0083832607838117,0.005,-1.7347234759768E-17));
#7030=CARTESIAN_POINT('',(-0.0036769160292799,0.005,-0.000905107934066403));
#7031=CARTESIAN_POINT('',(-0.0036769160292799,0.005,-0.00149358451258919));
#7032=CARTESIAN_POINT('',(-0.0036769160292799,0.005,-0.000316631355543611));
#7033=CARTESIAN_POINT('',(-0.00491621707661507,0.005,-0.00149358451258919));
#7034=CARTESIAN_POINT('',(-0.00615551812395025,0.005,-0.00149358451258919));
#7035=CARTESIAN_POINT('',(-0.00775031152819975,0.005,-0.00103855429573886));
#7036=CARTESIAN_POINT('',(-0.00709183030093075,0.005,-0.00149358451258919));
#7037=CARTESIAN_POINT('',(-0.00615551812395025,0.005,-0.00149358451258919));
#7038=CARTESIAN_POINT('',(-0.00775031152819975,0.005,-0.00103855429573886));
#7039=CARTESIAN_POINT('',(-0.00840879275546875,0.005,0.000269657577705863));
#7040=CARTESIAN_POINT('',(-0.00840879275546875,0.005,-0.00058352407888852));
#7041=CARTESIAN_POINT('',(-0.00775031152819975,0.005,-0.00103855429573886));
#7042=CARTESIAN_POINT('',(-0.00840879275546875,0.005,0.000269657577705863));
#7043=CARTESIAN_POINT('',(-0.00802376718736462,0.005,0.00139848253873843));
#7044=CARTESIAN_POINT('',(-0.00840879275546875,0.005,0.000943452321888094));
#7045=CARTESIAN_POINT('',(-0.00840879275546875,0.005,0.000269657577705863));
#7046=CARTESIAN_POINT('',(-0.00802376718736462,0.005,0.00139848253873843));
#7047=CARTESIAN_POINT('',(-0.00633652062900052,0.005,-1.06273019140776E-5));
#7048=CARTESIAN_POINT('',(-0.00708525743491771,0.00499999975,0.00205584278633425));
#7049=CARTESIAN_POINT('',(-0.00197672530494303,0.005,-0.0118894651024862));
#7050=CARTESIAN_POINT('',(-0.00597941267944807,0.005,0.00241245612292175));
#7051=CARTESIAN_POINT('',(-0.00504200667983091,0.005,0.00279091875520593));
#7052=CARTESIAN_POINT('',(-0.00542703224793504,0.005,0.00256668511469074));
#7053=CARTESIAN_POINT('',(-0.00597941267944807,0.005,0.00241245612292175));
#7054=CARTESIAN_POINT('',(-0.00504200667983091,0.005,0.00279091875520593));
#7055=CARTESIAN_POINT('',(-0.00465698111172678,0.005,0.00334986212253892));
#7056=CARTESIAN_POINT('',(-0.00465698111172678,0.005,0.00301515239572112));
#7057=CARTESIAN_POINT('',(-0.00504200667983091,0.005,0.00279091875520593));
#7058=CARTESIAN_POINT('',(-0.00465698111172678,0.005,0.00334986212253892));
#7059=CARTESIAN_POINT('',(-0.00597175592099146,0.005,0.00404990861000097));
#7060=CARTESIAN_POINT('',(-0.00465698111172678,0.005,0.00404990861000097));
#7061=CARTESIAN_POINT('',(-0.00465698111172678,0.005,0.00334986212253892));
#7062=CARTESIAN_POINT('',(-0.00597175592099146,0.005,0.00404990861000097));
#7063=CARTESIAN_POINT('',(-0.00718371140241014,0.005,0.00404990861000097));
#7064=CARTESIAN_POINT('',(-0.00839566688382883,0.005,0.00404990861000097));
#7065=CARTESIAN_POINT('',(-0.00839566688382883,0.005,0.00463838518852377));
#7066=CARTESIAN_POINT('',(-0.00839566688382883,0.005,0.00522686176704656));
#7067=CARTESIAN_POINT('',(-0.00718371140241014,0.005,0.00522686176704656));
#7068=CARTESIAN_POINT('',(-0.00597175592099146,0.005,0.00522686176704656));
#7069=CARTESIAN_POINT('',(-0.00339689743429508,0.005,0.00334986212253892));
#7070=CARTESIAN_POINT('',(-0.00339689743429508,0.005,0.00522686176704656));
#7071=CARTESIAN_POINT('',(-0.00597175592099146,0.005,0.00522686176704656));
#7072=CARTESIAN_POINT('',(-0.00339689743429508,0.005,0.00334986212253892));
#7073=CARTESIAN_POINT('',(-0.00608490663508448,0.005,0.00335775756584235));
#7074=CARTESIAN_POINT('',(-0.00345268238876471,0.005,0.00281170138530246));
#7075=CARTESIAN_POINT('',(-0.003711918353653,0.005,0.00225166419533282));
#7076=CARTESIAN_POINT('',(-0.00350846734323434,0.005,0.0025382457261376));
#7077=CARTESIAN_POINT('',(-0.00345268238876471,0.005,0.00281170138530246));
#7078=CARTESIAN_POINT('',(-0.003711918353653,0.005,0.00225166419533282));
#7079=CARTESIAN_POINT('',(-0.00429273817371918,0.005,0.00179663397848248));
#7080=CARTESIAN_POINT('',(-0.00391536936407166,0.005,0.00196508266452803));
#7081=CARTESIAN_POINT('',(-0.003711918353653,0.005,0.00225166419533282));
#7082=CARTESIAN_POINT('',(-0.00429273817371918,0.005,0.00179663397848248));
#7083=CARTESIAN_POINT('',(-0.00545437781385153,0.005,0.00137660608600524));
#7084=CARTESIAN_POINT('',(-0.00467010698336669,0.005,0.00162818529243692));
#7085=CARTESIAN_POINT('',(-0.00429273817371918,0.005,0.00179663397848248));
#7086=CARTESIAN_POINT('',(-0.00545437781385153,0.005,0.00137660608600524));
#7087=CARTESIAN_POINT('',(-0.00600626890365869,0.005,0.00119911897080413));
#7088=CARTESIAN_POINT('',(-0.00634374123788759,0.005,0.00109027785655614));
#7089=CARTESIAN_POINT('',(-0.00535719512299952,0.005,-0.00160278261957373));
#7090=CARTESIAN_POINT('',(-0.00663789390671707,0.005,0.000964234951984624));
#7091=CARTESIAN_POINT('',(-0.00691791250170189,0.005,0.00078922333011911));
#7092=CARTESIAN_POINT('',(-0.00682712522285916,0.005,0.000873447673141888));
#7093=CARTESIAN_POINT('',(-0.00663789390671707,0.005,0.000964234951984624));
#7094=CARTESIAN_POINT('',(-0.00691791250170189,0.005,0.00078922333011911));
#7095=CARTESIAN_POINT('',(-0.0063598636039328,0.005,0.000211647352896425));
#7096=CARTESIAN_POINT('',(-0.00707868162435089,0.005,0.000571542911232743));
#7097=CARTESIAN_POINT('',(-0.0065081061447908,0.005,0.000281767719631444));
#7098=CARTESIAN_POINT('',(-0.00714870907803704,0.005,0.000269657577705863));
#7099=CARTESIAN_POINT('',(-0.00685447078877565,0.005,-0.000163496186411285));
#7100=CARTESIAN_POINT('',(-0.00714870907803704,0.005,-1.03610172789599E-5));
#7101=CARTESIAN_POINT('',(-0.00714870907803704,0.005,0.000269657577705863));
#7102=CARTESIAN_POINT('',(-0.00685447078877565,0.005,-0.000163496186411285));
#7103=CARTESIAN_POINT('',(-0.00615551812395025,0.005,-0.000316631355543611));
#7104=CARTESIAN_POINT('',(-0.00656023249951425,0.005,-0.000316631355543611));
#7105=CARTESIAN_POINT('',(-0.00685447078877565,0.005,-0.000163496186411285));
#7106=CARTESIAN_POINT('',(-0.00615551812395025,0.005,-0.000316631355543611));
#7107=CARTESIAN_POINT('',(-0.00491621707661507,0.005,-0.000316631355543611));
#7108=CARTESIAN_POINT('',(-0.00491621707661507,0.005,-0.000316631355543611));
#7109=CARTESIAN_POINT('',(-0.00615551812395025,0.005,-0.000316631355543611));
#7110=CARTESIAN_POINT('',(-0.0036769160292799,0.005,-0.000316631355543611));
#7111=CARTESIAN_POINT('',(-0.00545437781385153,0.005,0.00137660608600524));
#7112=CARTESIAN_POINT('',(-0.00545437781385153,0.003,0.00137660608600524));
#7113=CARTESIAN_POINT('',(-0.0049315305935283,0.005,0.00154432555695969));
#7114=CARTESIAN_POINT('',(-0.0049315305935283,0.003,0.00154432555695969));
#7115=CARTESIAN_POINT('',(-0.00454431738015085,0.005,0.00168433485445211));
#7116=CARTESIAN_POINT('',(-0.00454431738015085,0.003,0.00168433485445211));
#7117=CARTESIAN_POINT('',(-0.00429273817371918,0.005,0.00179663397848248));
#7118=CARTESIAN_POINT('',(-0.00429273817371918,0.003,0.00179663397848248));
#7119=CARTESIAN_POINT('',(-0.00429273817371918,0.005,0.00179663397848248));
#7120=CARTESIAN_POINT('',(-0.00545437781385153,0.005,0.00137660608600524));
#7121=CARTESIAN_POINT('',(-0.00429273817371918,0.005,0.00179663397848248));
#7122=CARTESIAN_POINT('',(-0.00429273817371918,0.003,0.00179663397848248));
#7123=CARTESIAN_POINT('',(-0.0040411589672875,0.005,0.00190893310251285));
#7124=CARTESIAN_POINT('',(-0.0040411589672875,0.003,0.00190893310251285));
#7125=CARTESIAN_POINT('',(-0.00384755236059877,0.005,0.00206060984146296));
#7126=CARTESIAN_POINT('',(-0.00384755236059877,0.003,0.00206060984146296));
#7127=CARTESIAN_POINT('',(-0.003711918353653,0.005,0.00225166419533282));
#7128=CARTESIAN_POINT('',(-0.003711918353653,0.003,0.00225166419533282));
#7129=CARTESIAN_POINT('',(-0.003711918353653,0.005,0.00225166419533282));
#7130=CARTESIAN_POINT('',(-0.003711918353653,0.005,0.00225166419533282));
#7131=CARTESIAN_POINT('',(-0.003711918353653,0.003,0.00225166419533282));
#7132=CARTESIAN_POINT('',(-0.00357628434670723,0.005,0.00244271854920267));
#7133=CARTESIAN_POINT('',(-0.00357628434670723,0.003,0.00244271854920267));
#7134=CARTESIAN_POINT('',(-0.00348987235841113,0.005,0.00262939761252588));
#7135=CARTESIAN_POINT('',(-0.00348987235841113,0.003,0.00262939761252588));
#7136=CARTESIAN_POINT('',(-0.00345268238876471,0.005,0.00281170138530246));
#7137=CARTESIAN_POINT('',(-0.00345268238876471,0.003,0.00281170138530246));
#7138=CARTESIAN_POINT('',(-0.00345268238876471,0.005,0.00281170138530246));
#7139=CARTESIAN_POINT('',(-0.00608490663508448,0.005,0.00335775756584235));
#7140=CARTESIAN_POINT('',(-0.00339689743429508,0.005,0.00334986212253892));
#7141=CARTESIAN_POINT('',(-0.00339689743429508,0.005,0.00334986212253892));
#7142=CARTESIAN_POINT('',(-0.00339689743429508,0.003,0.00334986212253892));
#7143=CARTESIAN_POINT('',(-0.00339689743429508,0.005,0.00460119521887735));
#7144=CARTESIAN_POINT('',(-0.00339689743429508,0.003,0.00460119521887735));
#7145=CARTESIAN_POINT('',(-0.0042551835965272,0.005,0.00522686176704656));
#7146=CARTESIAN_POINT('',(-0.0042551835965272,0.003,0.00522686176704656));
#7147=CARTESIAN_POINT('',(-0.00597175592099146,0.005,0.00522686176704656));
#7148=CARTESIAN_POINT('',(-0.00597175592099146,0.003,0.00522686176704656));
#7149=CARTESIAN_POINT('',(-0.00597175592099146,0.005,0.00522686176704656));
#7150=CARTESIAN_POINT('',(-0.00718371140241014,0.005,0.00522686176704656));
#7151=CARTESIAN_POINT('',(-0.00839566688382883,0.005,0.00522686176704656));
#7152=CARTESIAN_POINT('',(-0.00839566688382883,0.005,0.00463838518852377));
#7153=CARTESIAN_POINT('',(-0.00839566688382883,0.005,0.00404990861000097));
#7154=CARTESIAN_POINT('',(-0.00718371140241014,0.005,0.00404990861000097));
#7155=CARTESIAN_POINT('',(-0.00597175592099146,0.005,0.00404990861000097));
#7156=CARTESIAN_POINT('',(-0.00197672530494303,0.005,-0.0118894651024862));
#7157=CARTESIAN_POINT('',(-0.00708526736511079,0.005,0.00205586994337077));
#7158=CARTESIAN_POINT('',(-0.00597941267944807,0.005,0.00241245612292175));
#7159=CARTESIAN_POINT('',(-0.00633652062900052,0.00500000000000001,-1.06273019140776E-5));
#7160=CARTESIAN_POINT('',(-0.00802376718736462,0.005,0.00139848253873843));
#7161=CARTESIAN_POINT('',(-0.00802376718736462,0.005,0.00139848253873843));
#7162=CARTESIAN_POINT('',(-0.00802376718736462,0.003,0.00139848253873843));
#7163=CARTESIAN_POINT('',(-0.00828045089943404,0.005,0.00109512906083821));
#7164=CARTESIAN_POINT('',(-0.00828045089943404,0.003,0.00109512906083821));
#7165=CARTESIAN_POINT('',(-0.00840879275546875,0.005,0.00071885407382735));
#7166=CARTESIAN_POINT('',(-0.00840879275546875,0.003,0.00071885407382735));
#7167=CARTESIAN_POINT('',(-0.00840879275546875,0.005,0.000269657577705863));
#7168=CARTESIAN_POINT('',(-0.00840879275546875,0.003,0.000269657577705863));
#7169=CARTESIAN_POINT('',(-0.00840879275546875,0.005,0.000269657577705863));
#7170=CARTESIAN_POINT('',(-0.00840879275546875,0.005,0.000269657577705863));
#7171=CARTESIAN_POINT('',(-0.00840879275546875,0.003,0.000269657577705863));
#7172=CARTESIAN_POINT('',(-0.00840879275546875,0.005,-0.000299130193357059));
#7173=CARTESIAN_POINT('',(-0.00840879275546875,0.003,-0.000299130193357059));
#7174=CARTESIAN_POINT('',(-0.00818929901304575,0.005,-0.000735200817838633));
#7175=CARTESIAN_POINT('',(-0.00818929901304575,0.003,-0.000735200817838633));
#7176=CARTESIAN_POINT('',(-0.00775031152819975,0.005,-0.00103855429573886));
#7177=CARTESIAN_POINT('',(-0.00775031152819975,0.003,-0.00103855429573886));
#7178=CARTESIAN_POINT('',(-0.00775031152819975,0.005,-0.00103855429573886));
#7179=CARTESIAN_POINT('',(-0.00775031152819975,0.005,-0.00103855429573886));
#7180=CARTESIAN_POINT('',(-0.00775031152819975,0.003,-0.00103855429573886));
#7181=CARTESIAN_POINT('',(-0.00731132404335375,0.005,-0.00134190777363908));
#7182=CARTESIAN_POINT('',(-0.00731132404335375,0.003,-0.00134190777363908));
#7183=CARTESIAN_POINT('',(-0.00677972624193725,0.005,-0.00149358451258919));
#7184=CARTESIAN_POINT('',(-0.00677972624193725,0.003,-0.00149358451258919));
#7185=CARTESIAN_POINT('',(-0.00615551812395025,0.005,-0.00149358451258919));
#7186=CARTESIAN_POINT('',(-0.00615551812395025,0.003,-0.00149358451258919));
#7187=CARTESIAN_POINT('',(-0.00615551812395025,0.005,-0.00149358451258919));
#7188=CARTESIAN_POINT('',(-0.00491621707661507,0.005,-0.00149358451258919));
#7189=CARTESIAN_POINT('',(-0.0036769160292799,0.005,-0.00149358451258919));
#7190=CARTESIAN_POINT('',(-0.0036769160292799,0.005,-0.000905107934066403));
#7191=CARTESIAN_POINT('',(-0.00504200667983091,0.005,0.00279091875520593));
#7192=CARTESIAN_POINT('',(-0.00504200667983091,0.003,0.00279091875520593));
#7193=CARTESIAN_POINT('',(-0.00529869039190033,0.005,0.00264142966152914));
#7194=CARTESIAN_POINT('',(-0.00529869039190033,0.003,0.00264142966152914));
#7195=CARTESIAN_POINT('',(-0.00561115905843938,0.005,0.00251527545076774));
#7196=CARTESIAN_POINT('',(-0.00561115905843938,0.003,0.00251527545076774));
#7197=CARTESIAN_POINT('',(-0.00597941267944807,0.005,0.00241245612292175));
#7198=CARTESIAN_POINT('',(-0.00597941267944807,0.003,0.00241245612292175));
#7199=CARTESIAN_POINT('',(-0.00504200667983091,0.005,0.00279091875520593));
#7200=CARTESIAN_POINT('',(-0.00465698111172678,0.005,0.00334986212253892));
#7201=CARTESIAN_POINT('',(-0.00465698111172678,0.003,0.00334986212253892));
#7202=CARTESIAN_POINT('',(-0.00465698111172678,0.005,0.00312672230466039));
#7203=CARTESIAN_POINT('',(-0.00465698111172678,0.003,0.00312672230466039));
#7204=CARTESIAN_POINT('',(-0.00478532296776149,0.005,0.00294040784888272));
#7205=CARTESIAN_POINT('',(-0.00478532296776149,0.003,0.00294040784888272));
#7206=CARTESIAN_POINT('',(-0.00504200667983091,0.005,0.00279091875520593));
#7207=CARTESIAN_POINT('',(-0.00504200667983091,0.003,0.00279091875520593));
#7208=CARTESIAN_POINT('',(-0.00465698111172678,0.005,0.00334986212253892));
#7209=CARTESIAN_POINT('',(-0.00597175592099146,0.005,0.00404990861000097));
#7210=CARTESIAN_POINT('',(-0.00597175592099146,0.003,0.00404990861000097));
#7211=CARTESIAN_POINT('',(-0.00509523938148167,0.005,0.00404990861000097));
#7212=CARTESIAN_POINT('',(-0.00509523938148167,0.003,0.00404990861000097));
#7213=CARTESIAN_POINT('',(-0.00465698111172678,0.005,0.00381655978084696));
#7214=CARTESIAN_POINT('',(-0.00465698111172678,0.003,0.00381655978084696));
#7215=CARTESIAN_POINT('',(-0.00465698111172678,0.005,0.00334986212253892));
#7216=CARTESIAN_POINT('',(-0.00465698111172678,0.003,0.00334986212253892));
#7217=CARTESIAN_POINT('',(-0.00600626890365869,0.0050000000043292,0.00119911897080413));
#7218=CARTESIAN_POINT('',(-0.00634365561745567,0.005,0.00109002455520046));
#7219=CARTESIAN_POINT('',(-0.00535719512299952,0.005,-0.00160278261957373));
#7220=CARTESIAN_POINT('',(-0.00663789390671707,0.005,0.000964234951984624));
#7221=CARTESIAN_POINT('',(-0.00691791250170189,0.005,0.00078922333011911));
#7222=CARTESIAN_POINT('',(-0.00691791250170189,0.003,0.00078922333011911));
#7223=CARTESIAN_POINT('',(-0.00685738764914007,0.005,0.000845372892134295));
#7224=CARTESIAN_POINT('',(-0.00685738764914007,0.003,0.000845372892134295));
#7225=CARTESIAN_POINT('',(-0.00676404811747846,0.005,0.0009037100994228));
#7226=CARTESIAN_POINT('',(-0.00676404811747846,0.003,0.0009037100994228));
#7227=CARTESIAN_POINT('',(-0.00663789390671707,0.005,0.000964234951984624));
#7228=CARTESIAN_POINT('',(-0.00663789390671707,0.003,0.000964234951984624));
#7229=CARTESIAN_POINT('',(-0.00691791250170189,0.005,0.00078922333011911));
#7230=CARTESIAN_POINT('',(-0.0063598636039328,0.005,0.000211647352896425));
#7231=CARTESIAN_POINT('',(-0.00707870442929084,0.005,0.000571552625423875));
#7232=CARTESIAN_POINT('',(-0.0065081061447908,0.00500000000000001,0.000281767719631444));
#7233=CARTESIAN_POINT('',(-0.00714870907803704,0.005,0.000269657577705863));
#7234=CARTESIAN_POINT('',(-0.00685447078877565,0.005,-0.000163496186411285));
#7235=CARTESIAN_POINT('',(-0.00685447078877565,0.003,-0.000163496186411285));
#7236=CARTESIAN_POINT('',(-0.00705062964828324,0.005,-6.14060736564016E-5));
#7237=CARTESIAN_POINT('',(-0.00705062964828324,0.003,-6.14060736564016E-5));
#7238=CARTESIAN_POINT('',(-0.00714870907803704,0.005,8.29785143826479E-5));
#7239=CARTESIAN_POINT('',(-0.00714870907803704,0.003,8.29785143826479E-5));
#7240=CARTESIAN_POINT('',(-0.00714870907803704,0.005,0.000269657577705863));
#7241=CARTESIAN_POINT('',(-0.00714870907803704,0.003,0.000269657577705863));
#7242=CARTESIAN_POINT('',(-0.00685447078877565,0.005,-0.000163496186411285));
#7243=CARTESIAN_POINT('',(-0.00615551812395025,0.005,-0.000316631355543611));
#7244=CARTESIAN_POINT('',(-0.00615551812395025,0.003,-0.000316631355543611));
#7245=CARTESIAN_POINT('',(-0.00642532770765958,0.005,-0.000316631355543611));
#7246=CARTESIAN_POINT('',(-0.00642532770765958,0.003,-0.000316631355543611));
#7247=CARTESIAN_POINT('',(-0.00665831192926805,0.005,-0.000265586299166169));
#7248=CARTESIAN_POINT('',(-0.00665831192926805,0.003,-0.000265586299166169));
#7249=CARTESIAN_POINT('',(-0.00685447078877565,0.005,-0.000163496186411285));
#7250=CARTESIAN_POINT('',(-0.00685447078877565,0.003,-0.000163496186411285));
#7251=CARTESIAN_POINT('',(0.0083832607838117,0.005,-1.7347234759768E-17));
#7252=CARTESIAN_POINT('',(-0.0143799705289928,0.005,-0.00149358451258919));
#7253=CARTESIAN_POINT('',(-0.0155908321877748,0.005,-0.00149358451258919));
#7254=CARTESIAN_POINT('',(-0.0131691088702107,0.005,-0.00149358451258919));
#7255=CARTESIAN_POINT('',(-0.0155908321877748,0.005,0.00186663862722868));
#7256=CARTESIAN_POINT('',(-0.0155908321877748,0.005,0.00522686176704656));
#7257=CARTESIAN_POINT('',(-0.0149750100433355,0.005,0.00522686176704656));
#7258=CARTESIAN_POINT('',(-0.0143591878988962,0.005,0.00522686176704656));
#7259=CARTESIAN_POINT('',(-0.0143591878988962,0.005,0.00245511520575147));
#7260=CARTESIAN_POINT('',(-0.0143591878988962,0.005,-0.000316631355543611));
#7261=CARTESIAN_POINT('',(-0.0135606973741348,0.005,-0.000316631355543611));
#7262=CARTESIAN_POINT('',(-0.0127622068493734,0.005,-0.000316631355543611));
#7263=CARTESIAN_POINT('',(-0.0120479406676348,0.005,-0.000184278816507815));
#7264=CARTESIAN_POINT('',(-0.0123421789568962,0.005,-0.000316631355543611));
#7265=CARTESIAN_POINT('',(-0.0127622068493734,0.005,-0.000316631355543611));
#7266=CARTESIAN_POINT('',(-0.0120479406676348,0.005,-0.000184278816507815));
#7267=CARTESIAN_POINT('',(-0.0116005672092411,0.005,0.000123085344393495));
#7268=CARTESIAN_POINT('',(-0.0117537023783734,0.005,-5.19262774720201E-5));
#7269=CARTESIAN_POINT('',(-0.0120479406676348,0.005,-0.000184278816507815));
#7270=CARTESIAN_POINT('',(-0.0116005672092411,0.005,0.000123085344393495));
#7271=CARTESIAN_POINT('',(-0.0125375062034487,0.005,0.000900764253076881));
#7272=CARTESIAN_POINT('',(-0.011363207697086,0.005,0.000571552625423875));
#7273=CARTESIAN_POINT('',(-0.0112647636597866,0.005,0.00102001990645426));
#7274=CARTESIAN_POINT('',(-0.0112789833540632,0.005,0.000845008284588742));
#7275=CARTESIAN_POINT('',(-0.011363207697086,0.005,0.000571552625423875));
#7276=CARTESIAN_POINT('',(-0.0112647636597866,0.005,0.00102001990645426));
#7277=CARTESIAN_POINT('',(-0.0167185814188525,0.005,0.00140887155572836));
#7278=CARTESIAN_POINT('',(-0.0112506614108128,0.00499999975,0.00144660992417007));
#7279=CARTESIAN_POINT('',(-0.01125054396551,0.005,0.003336736250899));
#7280=CARTESIAN_POINT('',(-0.01125054396551,0.005,0.00522686176704656));
#7281=CARTESIAN_POINT('',(-0.0106347218210708,0.005,0.00522686176704656));
#7282=CARTESIAN_POINT('',(-0.0100188996766315,0.005,0.00522686176704656));
#7283=CARTESIAN_POINT('',(-0.0100188996766315,0.005,0.00333017331507905));
#7284=CARTESIAN_POINT('',(-0.0100188996766315,0.005,0.00143348486311153));
#7285=CARTESIAN_POINT('',(-0.0101796916042204,0.005,-5.84892132919762E-5));
#7286=CARTESIAN_POINT('',(-0.0100188996766315,0.005,0.000508110912497627));
#7287=CARTESIAN_POINT('',(-0.0100188996766315,0.005,0.00143348486311153));
#7288=CARTESIAN_POINT('',(-0.0101796916042204,0.005,-5.84892132919762E-5));
#7289=CARTESIAN_POINT('',(-0.0109420859819721,0.005,-0.0010319913599189));
#7290=CARTESIAN_POINT('',(-0.0103404835318094,0.005,-0.000625089339081579));
#7291=CARTESIAN_POINT('',(-0.0101796916042204,0.005,-5.84892132919762E-5));
#7292=CARTESIAN_POINT('',(-0.0109420859819721,0.005,-0.0010319913599189));
#7293=CARTESIAN_POINT('',(-0.0131691088702107,0.005,-0.00149358451258919));
#7294=CARTESIAN_POINT('',(-0.011613693080881,0.005,-0.00149358451258919));
#7295=CARTESIAN_POINT('',(-0.0109420859819721,0.005,-0.0010319913599189));
#7296=CARTESIAN_POINT('',(-0.0131691088702107,0.005,-0.00149358451258919));
#7297=CARTESIAN_POINT('',(-0.0131691088702107,0.003,-0.00149358451258919));
#7298=CARTESIAN_POINT('',(-0.0121321650106576,0.005,-0.00149358451258919));
#7299=CARTESIAN_POINT('',(-0.0121321650106576,0.003,-0.00149358451258919));
#7300=CARTESIAN_POINT('',(-0.0113898240479113,0.005,-0.00133972012836576));
#7301=CARTESIAN_POINT('',(-0.0113898240479113,0.003,-0.00133972012836576));
#7302=CARTESIAN_POINT('',(-0.0109420859819721,0.005,-0.0010319913599189));
#7303=CARTESIAN_POINT('',(-0.0109420859819721,0.003,-0.0010319913599189));
#7304=CARTESIAN_POINT('',(-0.0109420859819721,0.005,-0.0010319913599189));
#7305=CARTESIAN_POINT('',(-0.0131691088702107,0.005,-0.00149358451258919));
#7306=CARTESIAN_POINT('',(-0.0109420859819721,0.005,-0.0010319913599189));
#7307=CARTESIAN_POINT('',(-0.0109420859819721,0.003,-0.0010319913599189));
#7308=CARTESIAN_POINT('',(-0.0105410176818636,0.005,-0.000760723346027353));
#7309=CARTESIAN_POINT('',(-0.0105410176818636,0.003,-0.000760723346027353));
#7310=CARTESIAN_POINT('',(-0.010286886222613,0.005,-0.000436222630485045));
#7311=CARTESIAN_POINT('',(-0.010286886222613,0.003,-0.000436222630485045));
#7312=CARTESIAN_POINT('',(-0.0101796916042204,0.005,-5.84892132919762E-5));
#7313=CARTESIAN_POINT('',(-0.0101796916042204,0.003,-5.84892132919762E-5));
#7314=CARTESIAN_POINT('',(-0.0101796916042204,0.005,-5.84892132919762E-5));
#7315=CARTESIAN_POINT('',(-0.0101796916042204,0.005,-5.84892132919762E-5));
#7316=CARTESIAN_POINT('',(-0.0101796916042204,0.003,-5.84892132919762E-5));
#7317=CARTESIAN_POINT('',(-0.0100724969858278,0.005,0.000319244203901093));
#7318=CARTESIAN_POINT('',(-0.0100724969858278,0.003,0.000319244203901093));
#7319=CARTESIAN_POINT('',(-0.0100188996766315,0.005,0.000816568896035596));
#7320=CARTESIAN_POINT('',(-0.0100188996766315,0.003,0.000816568896035596));
#7321=CARTESIAN_POINT('',(-0.0100188996766315,0.005,0.00143348486311153));
#7322=CARTESIAN_POINT('',(-0.0100188996766315,0.003,0.00143348486311153));
#7323=CARTESIAN_POINT('',(-0.0100188996766315,0.005,0.00143348486311153));
#7324=CARTESIAN_POINT('',(-0.0100188996766315,0.005,0.00333017331507905));
#7325=CARTESIAN_POINT('',(-0.0100188996766315,0.005,0.00522686176704656));
#7326=CARTESIAN_POINT('',(-0.0106347218210708,0.005,0.00522686176704656));
#7327=CARTESIAN_POINT('',(-0.01125054396551,0.005,0.00522686176704656));
#7328=CARTESIAN_POINT('',(-0.01125054396551,0.005,0.003336736250899));
#7329=CARTESIAN_POINT('',(-0.01125054396551,0.005,0.00144661073475145));
#7330=CARTESIAN_POINT('',(-0.0143591878988962,0.005,0.00245511520575147));
#7331=CARTESIAN_POINT('',(-0.0143591878988962,0.005,0.00522686176704656));
#7332=CARTESIAN_POINT('',(-0.0143591878988962,0.005,-0.000316631355543611));
#7333=CARTESIAN_POINT('',(-0.0149750100433355,0.005,0.00522686176704656));
#7334=CARTESIAN_POINT('',(-0.0155908321877748,0.005,0.00522686176704656));
#7335=CARTESIAN_POINT('',(-0.0155908321877748,0.005,0.00186663862722868));
#7336=CARTESIAN_POINT('',(-0.0155908321877748,0.005,-0.00149358451258919));
#7337=CARTESIAN_POINT('',(-0.0143799705289928,0.005,-0.00149358451258919));
#7338=CARTESIAN_POINT('',(-0.0135606973741348,0.005,-0.000316631355543611));
#7339=CARTESIAN_POINT('',(-0.0127622068493734,0.005,-0.000316631355543611));
#7340=CARTESIAN_POINT('',(-0.0120479406676348,0.005,-0.000184278816507815));
#7341=CARTESIAN_POINT('',(-0.0120479406676348,0.003,-0.000184278816507815));
#7342=CARTESIAN_POINT('',(-0.0122440995271424,0.005,-0.000272513842531679));
#7343=CARTESIAN_POINT('',(-0.0122440995271424,0.003,-0.000272513842531679));
#7344=CARTESIAN_POINT('',(-0.0124821882543886,0.005,-0.000316631355543611));
#7345=CARTESIAN_POINT('',(-0.0124821882543886,0.003,-0.000316631355543611));
#7346=CARTESIAN_POINT('',(-0.0127622068493734,0.005,-0.000316631355543611));
#7347=CARTESIAN_POINT('',(-0.0127622068493734,0.003,-0.000316631355543611));
#7348=CARTESIAN_POINT('',(-0.0120479406676348,0.005,-0.000184278816507815));
#7349=CARTESIAN_POINT('',(-0.0116005672092411,0.005,0.000123085344393495));
#7350=CARTESIAN_POINT('',(-0.0116005672092411,0.003,0.000123085344393495));
#7351=CARTESIAN_POINT('',(-0.011702657321996,0.005,6.41092981648486E-6));
#7352=CARTESIAN_POINT('',(-0.011702657321996,0.003,6.41092981648486E-6));
#7353=CARTESIAN_POINT('',(-0.0118517818081272,0.005,-9.60437904839517E-5));
#7354=CARTESIAN_POINT('',(-0.0118517818081272,0.003,-9.60437904839517E-5));
#7355=CARTESIAN_POINT('',(-0.0120479406676348,0.005,-0.000184278816507815));
#7356=CARTESIAN_POINT('',(-0.0120479406676348,0.003,-0.000184278816507815));
#7357=CARTESIAN_POINT('',(-0.0116005672092411,0.005,0.000123085344393495));
#7358=CARTESIAN_POINT('',(-0.0125375062034487,0.00500000000000001,0.000900764253076881));
#7359=CARTESIAN_POINT('',(-0.011363207697086,0.005,0.000571552625423875));
#7360=CARTESIAN_POINT('',(-0.0112647636597866,0.005,0.00102001990645426));
#7361=CARTESIAN_POINT('',(-0.0112647636597866,0.003,0.00102001990645426));
#7362=CARTESIAN_POINT('',(-0.011274243455971,0.005,0.000903345491877247));
#7363=CARTESIAN_POINT('',(-0.011274243455971,0.003,0.000903345491877247));
#7364=CARTESIAN_POINT('',(-0.0113070581350708,0.005,0.000753856398200453));
#7365=CARTESIAN_POINT('',(-0.0113070581350708,0.003,0.000753856398200453));
#7366=CARTESIAN_POINT('',(-0.011363207697086,0.005,0.000571552625423875));
#7367=CARTESIAN_POINT('',(-0.011363207697086,0.003,0.000571552625423875));
#7368=CARTESIAN_POINT('',(-0.0112647636597866,0.005,0.00102001990645426));
#7369=CARTESIAN_POINT('',(-0.0167185814188525,0.005,0.00140887155572836));
#7370=CARTESIAN_POINT('',(0.0083832607838117,0.005,-1.7347234759768E-17));
#7371=CARTESIAN_POINT('',(-0.023549485692109,0.005,0.00522686176704656));
#7372=CARTESIAN_POINT('',(-0.0229260067892132,0.005,0.00522686176704656));
#7373=CARTESIAN_POINT('',(-0.0241729645950049,0.005,0.00522686176704656));
#7374=CARTESIAN_POINT('',(-0.0229260067892132,0.005,0.00343518028819836));
#7375=CARTESIAN_POINT('',(-0.0229260067892132,0.005,0.00164349880935015));
#7376=CARTESIAN_POINT('',(-0.0220104772423292,0.005,0.000970797887804581));
#7377=CARTESIAN_POINT('',(-0.0225212924136492,0.005,0.00116659213976663));
#7378=CARTESIAN_POINT('',(-0.0229260067892132,0.005,0.00164349880935015));
#7379=CARTESIAN_POINT('',(-0.0220104772423292,0.005,0.000970797887804581));
#7380=CARTESIAN_POINT('',(-0.0206858580293346,0.005,0.000775003635842536));
#7381=CARTESIAN_POINT('',(-0.0214996620710092,0.005,0.000775003635842536));
#7382=CARTESIAN_POINT('',(-0.0220104772423292,0.005,0.000970797887804581));
#7383=CARTESIAN_POINT('',(-0.0206858580293346,0.005,0.000775003635842536));
#7384=CARTESIAN_POINT('',(-0.0200492532547988,0.005,0.000775003635842536));
#7385=CARTESIAN_POINT('',(-0.0194126484802629,0.005,0.000775003635842536));
#7386=CARTESIAN_POINT('',(-0.0194126484802629,0.005,0.000159181491403257));
#7387=CARTESIAN_POINT('',(-0.0194126484802629,0.005,-0.000456640653036022));
#7388=CARTESIAN_POINT('',(-0.0200492532547988,0.005,-0.000456640653036022));
#7389=CARTESIAN_POINT('',(-0.0206858580293346,0.005,-0.000456640653036022));
#7390=CARTESIAN_POINT('',(-0.0229260067892132,0.005,0.000368101615005215));
#7391=CARTESIAN_POINT('',(-0.022142829781365,0.005,-0.000456640653036022));
#7392=CARTESIAN_POINT('',(-0.0206858580293346,0.005,-0.000456640653036022));
#7393=CARTESIAN_POINT('',(-0.0229260067892132,0.005,0.000368101615005215));
#7394=CARTESIAN_POINT('',(-0.0229260067892132,0.005,-0.000226937899337534));
#7395=CARTESIAN_POINT('',(-0.0229260067892132,0.005,-0.000821977413680283));
#7396=CARTESIAN_POINT('',(-0.0223178414032305,0.005,-0.00273944849574433));
#7397=CARTESIAN_POINT('',(-0.0229260067892132,0.005,-0.00213675222294496));
#7398=CARTESIAN_POINT('',(-0.0229260067892132,0.005,-0.000821977413680283));
#7399=CARTESIAN_POINT('',(-0.0223178414032305,0.005,-0.00273944849574433));
#7400=CARTESIAN_POINT('',(-0.0206858580293346,0.005,-0.00334214476854369));
#7401=CARTESIAN_POINT('',(-0.0217096760172478,0.005,-0.00334214476854369));
#7402=CARTESIAN_POINT('',(-0.0223178414032305,0.005,-0.00273944849574433));
#7403=CARTESIAN_POINT('',(-0.0206858580293346,0.005,-0.00334214476854369));
#7404=CARTESIAN_POINT('',(-0.0197407952712608,0.005,-0.00334214476854369));
#7405=CARTESIAN_POINT('',(-0.0187957325131871,0.005,-0.00334214476854369));
#7406=CARTESIAN_POINT('',(-0.0187957325131871,0.005,0.000942358499251434));
#7407=CARTESIAN_POINT('',(-0.0187957325131871,0.005,0.00522686176704656));
#7408=CARTESIAN_POINT('',(-0.0181383451085547,0.005,0.00522686176704656));
#7409=CARTESIAN_POINT('',(-0.0174809577039223,0.005,0.00522686176704656));
#7410=CARTESIAN_POINT('',(-0.0174809577039223,0.005,0.000326536354812155));
#7411=CARTESIAN_POINT('',(-0.0174809577039223,0.005,-0.00457378905742225));
#7412=CARTESIAN_POINT('',(-0.0190834078666285,0.005,-0.00457378905742225));
#7413=CARTESIAN_POINT('',(-0.0206858580293346,0.005,-0.00457378905742225));
#7414=CARTESIAN_POINT('',(-0.0231994624483781,0.005,-0.00350949963195259));
#7415=CARTESIAN_POINT('',(-0.0222259603017511,0.005,-0.00457378905742225));
#7416=CARTESIAN_POINT('',(-0.0206858580293346,0.005,-0.00457378905742225));
#7417=CARTESIAN_POINT('',(-0.0231994624483781,0.005,-0.00350949963195259));
#7418=CARTESIAN_POINT('',(-0.0241729645950049,0.005,-0.000933547322619549));
#7419=CARTESIAN_POINT('',(-0.0241729645950049,0.005,-0.00244521020648293));
#7420=CARTESIAN_POINT('',(-0.0231994624483781,0.005,-0.00350949963195259));
#7421=CARTESIAN_POINT('',(-0.0241729645950049,0.005,-0.000933547322619549));
#7422=CARTESIAN_POINT('',(-0.0241729645950049,0.005,0.00214665722221351));
#7423=CARTESIAN_POINT('',(-0.0241729645950049,0.005,0.00214665722221351));
#7424=CARTESIAN_POINT('',(-0.0241729645950049,0.005,-0.000933547322619549));
#7425=CARTESIAN_POINT('',(-0.0241729645950049,0.005,0.00522686176704656));
#7426=CARTESIAN_POINT('',(-0.0241729645950049,0.005,-0.000933547322619549));
#7427=CARTESIAN_POINT('',(-0.0241729645950049,0.003,-0.000933547322619549));
#7428=CARTESIAN_POINT('',(-0.0241729645950049,0.005,-0.00194132257852847));
#7429=CARTESIAN_POINT('',(-0.0241729645950049,0.003,-0.00194132257852847));
#7430=CARTESIAN_POINT('',(-0.0238484638794627,0.005,-0.00279997334830615));
#7431=CARTESIAN_POINT('',(-0.0238484638794627,0.003,-0.00279997334830615));
#7432=CARTESIAN_POINT('',(-0.0231994624483781,0.005,-0.00350949963195259));
#7433=CARTESIAN_POINT('',(-0.0231994624483781,0.003,-0.00350949963195259));
#7434=CARTESIAN_POINT('',(-0.0231994624483781,0.005,-0.00350949963195259));
#7435=CARTESIAN_POINT('',(-0.0231994624483781,0.005,-0.00350949963195259));
#7436=CARTESIAN_POINT('',(-0.0231994624483781,0.003,-0.00350949963195259));
#7437=CARTESIAN_POINT('',(-0.0225504610172934,0.005,-0.00421902591559903));
#7438=CARTESIAN_POINT('',(-0.0225504610172934,0.003,-0.00421902591559903));
#7439=CARTESIAN_POINT('',(-0.0217125928776123,0.005,-0.00457378905742225));
#7440=CARTESIAN_POINT('',(-0.0217125928776123,0.003,-0.00457378905742225));
#7441=CARTESIAN_POINT('',(-0.0206858580293346,0.005,-0.00457378905742225));
#7442=CARTESIAN_POINT('',(-0.0206858580293346,0.003,-0.00457378905742225));
#7443=CARTESIAN_POINT('',(-0.0206858580293346,0.005,-0.00457378905742225));
#7444=CARTESIAN_POINT('',(-0.0190834078666285,0.005,-0.00457378905742225));
#7445=CARTESIAN_POINT('',(-0.0174809577039223,0.005,-0.00457378905742225));
#7446=CARTESIAN_POINT('',(-0.0174809577039223,0.005,0.000326536354812155));
#7447=CARTESIAN_POINT('',(-0.0174809577039223,0.005,0.00522686176704656));
#7448=CARTESIAN_POINT('',(-0.0181383451085547,0.005,0.00522686176704656));
#7449=CARTESIAN_POINT('',(-0.0187957325131871,0.005,0.00522686176704656));
#7450=CARTESIAN_POINT('',(-0.0187957325131871,0.005,0.000942358499251434));
#7451=CARTESIAN_POINT('',(-0.0187957325131871,0.005,-0.00334214476854369));
#7452=CARTESIAN_POINT('',(-0.0229260067892132,0.005,0.000368101615005215));
#7453=CARTESIAN_POINT('',(-0.0229260067892132,0.003,0.000368101615005215));
#7454=CARTESIAN_POINT('',(-0.0224038887839811,0.005,-0.000181726563688943));
#7455=CARTESIAN_POINT('',(-0.0224038887839811,0.003,-0.000181726563688943));
#7456=CARTESIAN_POINT('',(-0.0216571725306882,0.005,-0.000456640653036022));
#7457=CARTESIAN_POINT('',(-0.0216571725306882,0.003,-0.000456640653036022));
#7458=CARTESIAN_POINT('',(-0.0206858580293346,0.005,-0.000456640653036022));
#7459=CARTESIAN_POINT('',(-0.0206858580293346,0.003,-0.000456640653036022));
#7460=CARTESIAN_POINT('',(-0.0206858580293346,0.005,-0.000456640653036022));
#7461=CARTESIAN_POINT('',(-0.0229260067892132,0.005,0.000368101615005215));
#7462=CARTESIAN_POINT('',(-0.0200492532547988,0.005,-0.000456640653036022));
#7463=CARTESIAN_POINT('',(-0.0194126484802629,0.005,-0.000456640653036022));
#7464=CARTESIAN_POINT('',(-0.0194126484802629,0.005,0.000159181491403257));
#7465=CARTESIAN_POINT('',(-0.0194126484802629,0.005,0.000775003635842536));
#7466=CARTESIAN_POINT('',(-0.0200492532547988,0.005,0.000775003635842536));
#7467=CARTESIAN_POINT('',(-0.0206858580293346,0.005,0.000775003635842536));
#7468=CARTESIAN_POINT('',(-0.0229260067892132,0.005,0.00343518028819836));
#7469=CARTESIAN_POINT('',(-0.0229260067892132,0.005,0.00522686176704656));
#7470=CARTESIAN_POINT('',(-0.0229260067892132,0.005,0.00164349880935015));
#7471=CARTESIAN_POINT('',(-0.023549485692109,0.005,0.00522686176704656));
#7472=CARTESIAN_POINT('',(-0.0220104772423292,0.005,0.000970797887804581));
#7473=CARTESIAN_POINT('',(-0.0220104772423292,0.003,0.000970797887804581));
#7474=CARTESIAN_POINT('',(-0.0223510206898758,0.005,0.00110132738911261));
#7475=CARTESIAN_POINT('',(-0.0223510206898758,0.003,0.00110132738911261));
#7476=CARTESIAN_POINT('',(-0.0226561972055038,0.005,0.0013255610296278));
#7477=CARTESIAN_POINT('',(-0.0226561972055038,0.003,0.0013255610296278));
#7478=CARTESIAN_POINT('',(-0.0229260067892132,0.005,0.00164349880935015));
#7479=CARTESIAN_POINT('',(-0.0229260067892132,0.003,0.00164349880935015));
#7480=CARTESIAN_POINT('',(-0.0220104772423292,0.005,0.000970797887804581));
#7481=CARTESIAN_POINT('',(-0.0206858580293346,0.005,0.000775003635842536));
#7482=CARTESIAN_POINT('',(-0.0206858580293346,0.003,0.000775003635842536));
#7483=CARTESIAN_POINT('',(-0.0212283940571177,0.005,0.000775003635842536));
#7484=CARTESIAN_POINT('',(-0.0212283940571177,0.003,0.000775003635842536));
#7485=CARTESIAN_POINT('',(-0.0216699337947826,0.005,0.000840268386496551));
#7486=CARTESIAN_POINT('',(-0.0216699337947826,0.003,0.000840268386496551));
#7487=CARTESIAN_POINT('',(-0.0220104772423292,0.005,0.000970797887804581));
#7488=CARTESIAN_POINT('',(-0.0220104772423292,0.003,0.000970797887804581));
#7489=CARTESIAN_POINT('',(-0.0229260067892132,0.005,-0.000226937899337534));
#7490=CARTESIAN_POINT('',(-0.0229260067892132,0.005,-0.000821977413680283));
#7491=CARTESIAN_POINT('',(-0.0223178414032305,0.005,-0.00273944849574433));
#7492=CARTESIAN_POINT('',(-0.0223178414032305,0.003,-0.00273944849574433));
#7493=CARTESIAN_POINT('',(-0.0227232849938856,0.005,-0.00233765098054475));
#7494=CARTESIAN_POINT('',(-0.0227232849938856,0.003,-0.00233765098054475));
#7495=CARTESIAN_POINT('',(-0.0229260067892132,0.005,-0.00169849395319007));
#7496=CARTESIAN_POINT('',(-0.0229260067892132,0.003,-0.00169849395319007));
#7497=CARTESIAN_POINT('',(-0.0229260067892132,0.005,-0.000821977413680283));
#7498=CARTESIAN_POINT('',(-0.0229260067892132,0.003,-0.000821977413680283));
#7499=CARTESIAN_POINT('',(-0.0223178414032305,0.005,-0.00273944849574433));
#7500=CARTESIAN_POINT('',(-0.0206858580293346,0.005,-0.00334214476854369));
#7501=CARTESIAN_POINT('',(-0.0206858580293346,0.003,-0.00334214476854369));
#7502=CARTESIAN_POINT('',(-0.0213684033546101,0.005,-0.00334214476854369));
#7503=CARTESIAN_POINT('',(-0.0213684033546101,0.003,-0.00334214476854369));
#7504=CARTESIAN_POINT('',(-0.0219123978125754,0.005,-0.0031412460109439));
#7505=CARTESIAN_POINT('',(-0.0219123978125754,0.003,-0.0031412460109439));
#7506=CARTESIAN_POINT('',(-0.0223178414032305,0.005,-0.00273944849574433));
#7507=CARTESIAN_POINT('',(-0.0223178414032305,0.003,-0.00273944849574433));
#7508=CARTESIAN_POINT('',(-0.0206858580293346,0.005,-0.00334214476854369));
#7509=CARTESIAN_POINT('',(-0.0197407952712608,0.005,-0.00334214476854369));
#7510=MECHANICAL_DESIGN_GEOMETRIC_PRESENTATION_REPRESENTATION('',(#4267),
#7511);
#7511=(
GEOMETRIC_REPRESENTATION_CONTEXT(3)
GLOBAL_UNCERTAINTY_ASSIGNED_CONTEXT((#7512))
GLOBAL_UNIT_ASSIGNED_CONTEXT((#7515,#7514,#7513))
REPRESENTATION_CONTEXT('Part 1','TOP_LEVEL_ASSEMBLY_PART')
);
#7512=UNCERTAINTY_MEASURE_WITH_UNIT(LENGTH_MEASURE(2.E-5),#7515,
'DISTANCE_ACCURACY_VALUE','Maximum Tolerance applied to model');
#7513=(
NAMED_UNIT(*)
SI_UNIT($,.STERADIAN.)
SOLID_ANGLE_UNIT()
);
#7514=(
NAMED_UNIT(*)
PLANE_ANGLE_UNIT()
SI_UNIT($,.RADIAN.)
);
#7515=(
LENGTH_UNIT()
NAMED_UNIT(*)
SI_UNIT($,.METRE.)
);
#7516=PRODUCT_DEFINITION_SHAPE('','',#7517);
#7517=PRODUCT_DEFINITION('','',#7519,#7518);
#7518=PRODUCT_DEFINITION_CONTEXT('',#7525,'design');
#7519=PRODUCT_DEFINITION_FORMATION_WITH_SPECIFIED_SOURCE('','',#7521,
 .NOT_KNOWN.);
#7520=PRODUCT_RELATED_PRODUCT_CATEGORY('','',(#7521));
#7521=PRODUCT('Part 1','Part 1','Part 1',(#7523));
#7522=PRODUCT_CATEGORY('','');
#7523=PRODUCT_CONTEXT('',#7525,'mechanical');
#7524=APPLICATION_PROTOCOL_DEFINITION('international standard',
'ap242_managed_model_based_3d_engineering',2020,#7525);
#7525=APPLICATION_CONTEXT('managed model based 3d engineering');
ENDSEC;
END-ISO-10303-21;
